"muni_idx","cve_ent","cve_mun","nomgeo"
1,"01","005","Jesús María"
2,"01","008","San José de Gracia"
3,"01","001","Aguascalientes"
4,"01","004","Cosío"
5,"01","011","San Francisco de los Romo"
6,"01","006","Pabellón de Arteaga"
7,"01","003","Calvillo"
8,"01","010","El Llano"
9,"01","002","Asientos"
10,"01","009","Tepezalá"
11,"01","007","Rincón de Romos"
12,"02","003","Tecate"
13,"02","004","Tijuana"
14,"02","001","Ensenada"
15,"02","006","San Quintín"
16,"02","007","San Felipe"
17,"02","002","Mexicali"
18,"02","005","Playas de Rosarito"
19,"03","002","Mulegé"
20,"03","009","Loreto"
21,"03","008","Los Cabos"
22,"03","003","La Paz"
23,"03","001","Comondú"
24,"04","003","Carmen"
25,"04","007","Palizada"
26,"04","013","Dzitbalché"
27,"04","005","Hecelchakán"
28,"04","004","Champotón"
29,"04","011","Candelaria"
30,"04","012","Seybaplaya"
31,"04","002","Campeche"
32,"04","006","Hopelchén"
33,"04","001","Calkiní"
34,"04","010","Calakmul"
35,"04","009","Escárcega"
36,"04","008","Tenabo"
37,"05","005","Candela"
38,"05","017","Matamoros"
39,"05","018","Monclova"
40,"05","014","Jiménez"
41,"05","035","Torreón"
42,"05","013","Hidalgo"
43,"05","015","Juárez"
44,"05","020","Múzquiz"
45,"05","024","Parras"
46,"05","026","Progreso"
47,"05","027","Ramos Arizpe"
48,"05","025","Piedras Negras"
49,"05","028","Sabinas"
50,"05","030","Saltillo"
51,"05","031","San Buenaventura"
52,"05","016","Lamadrid"
53,"05","004","Arteaga"
54,"05","002","Acuña"
55,"05","032","San Juan de Sabinas"
56,"05","033","San Pedro"
57,"05","009","Francisco I. Madero"
58,"05","012","Guerrero"
59,"05","006","Castaños"
60,"05","003","Allende"
61,"05","023","Ocampo"
62,"05","008","Escobedo"
63,"05","022","Nava"
64,"05","019","Morelos"
65,"05","007","Cuatro Ciénegas"
66,"05","034","Sierra Mojada"
67,"05","037","Villa Unión"
68,"05","029","Sacramento"
69,"05","001","Abasolo"
70,"05","038","Zaragoza"
71,"05","021","Nadadores"
72,"05","010","Frontera"
73,"05","011","General Cepeda"
74,"05","036","Viesca"
75,"06","006","Ixtlahuacán"
76,"06","002","Colima"
77,"06","005","Cuauhtémoc"
78,"06","008","Minatitlán"
79,"06","001","Armería"
80,"06","004","Coquimatlán"
81,"06","010","Villa de Álvarez"
82,"06","003","Comala"
83,"06","007","Manzanillo"
84,"06","009","Tecomán"
85,"07","019","Comitán de Domínguez"
86,"07","090","Tapalapa"
87,"07","020","La Concordia"
88,"07","021","Copainalá"
89,"07","079","San Fernando"
90,"07","109","Yajalón"
91,"07","108","Villaflores"
92,"07","107","Villa Corzo"
93,"07","106","Venustiano Carranza"
94,"07","104","Tzimol"
95,"07","103","Tuzantán"
96,"07","102","Tuxtla Chico"
97,"07","101","Tuxtla Gutiérrez"
98,"07","120","Capitán Luis Ángel Vidal"
99,"07","074","Reforma"
100,"07","075","Las Rosas"
101,"07","057","Motozintla"
102,"07","007","Amatenango del Valle"
103,"07","111","Zinacantán"
104,"07","054","Mazatán"
105,"07","076","Sabanilla"
106,"07","081","Simojovel"
107,"07","063","Osumacinta"
108,"07","110","San Lucas"
109,"07","051","Mapastepec"
110,"07","070","El Porvenir"
111,"07","112","San Juan Cancuc"
112,"07","050","La Libertad"
113,"07","022","Chalchihuitán"
114,"07","053","Mazapa de Madero"
115,"07","080","Siltepec"
116,"07","049","Larráinzar"
117,"07","065","Palenque"
118,"07","086","Suchiapa"
119,"07","062","Ostuacán"
120,"07","077","Salto de Agua"
121,"07","082","Sitalá"
122,"07","024","Chanal"
123,"07","121","Rincón Chamula San Pedro"
124,"07","042","Ixhuatán"
125,"07","025","Chapultenango"
126,"07","018","Coapilla"
127,"07","052","Las Margaritas"
128,"07","026","Chenalhó"
129,"07","083","Socoltenango"
130,"07","084","Solosuchiapa"
131,"07","089","Tapachula"
132,"07","068","Pichucalco"
133,"07","027","Chiapa de Corzo"
134,"07","048","Juárez"
135,"07","046","Jiquipilas"
136,"07","105","Unión Juárez"
137,"07","100","Tumbalá"
138,"07","045","Ixtapangajoya"
139,"07","114","Benemérito de las Américas"
140,"07","028","Chiapilla"
141,"07","029","Chicoasén"
142,"07","091","Tapilula"
143,"07","073","Rayón"
144,"07","030","Chicomuselo"
145,"07","044","Ixtapa"
146,"07","008","Ángel Albino Corzo"
147,"07","009","Arriaga"
148,"07","031","Chilón"
149,"07","043","Ixtacomitán"
150,"07","017","Cintalapa de Figueroa"
151,"07","119","Santiago el Pinar"
152,"07","116","Marqués de Comillas"
153,"07","060","Ocotepec"
154,"07","058","Nicolás Ruíz"
155,"07","041","La Independencia"
156,"07","040","Huixtla"
157,"07","056","Mitontic"
158,"07","039","Huitiupán"
159,"07","099","La Trinitaria"
160,"07","097","Tonalá"
161,"07","096","Tila"
162,"07","118","San Andrés Duraznal"
163,"07","122","El Parral"
164,"07","038","Huixtán"
165,"07","001","Acacoyagua"
166,"07","036","La Grandeza"
167,"07","002","Acala"
168,"07","003","Acapetahua"
169,"07","011","Bella Vista"
170,"07","012","Berriozábal"
171,"07","072","Pueblo Nuevo Solistahuacán"
172,"07","037","Huehuetán"
173,"07","023","Chamula"
174,"07","010","Bejucal de Ocampo"
175,"07","004","Altamirano"
176,"07","005","Amatán"
177,"07","035","Frontera Hidalgo"
178,"07","032","Escuintla"
179,"07","013","Bochil"
180,"07","014","El Bosque"
181,"07","069","Pijijiapan"
182,"07","094","Teopisca"
183,"07","092","Tecpatán"
184,"07","015","Cacahoatán"
185,"07","016","Catazajá"
186,"07","047","Jitotol"
187,"07","006","Amatenango de la Frontera"
188,"07","078","San Cristóbal de las Casas"
189,"07","033","Francisco León"
190,"07","117","Montecristo de Guerrero"
191,"07","115","Maravilla Tenejapa"
192,"07","071","Villa Comaltitlán"
193,"07","066","Pantelhó"
194,"07","113","Aldama"
195,"07","098","Totolapa"
196,"07","093","Tenejapa"
197,"07","064","Oxchuc"
198,"07","059","Ocosingo"
199,"07","061","Ocozocoautla de Espinosa"
200,"07","088","Sunuapa"
201,"07","087","Suchiate"
202,"07","085","Soyaló"
203,"07","124","Mezcalapa"
204,"07","067","Pantepec"
205,"07","125","Honduras de la Sierra"
206,"07","055","Metapa"
207,"07","123","Emiliano Zapata"
208,"07","034","Frontera Comalapa"
209,"08","067","Valle de Zaragoza"
210,"08","043","Matachí"
211,"08","058","San Francisco de Conchos"
212,"08","056","Rosario"
213,"08","054","Riva Palacio"
214,"08","018","Cusihuiriachi"
215,"08","007","Balleza"
216,"08","001","Ahumada"
217,"08","041","Maguarichi"
218,"08","057","San Francisco de Borja"
219,"08","053","Praxedis G. Guerrero"
220,"08","051","Ocampo"
221,"08","050","Nuevo Casas Grandes"
222,"08","031","Guerrero"
223,"08","055","Rosales"
224,"08","025","Gómez Farías"
225,"08","023","Galeana"
226,"08","022","Dr. Belisario Domínguez"
227,"08","014","Coronado"
228,"08","003","Allende"
229,"08","021","Delicias"
230,"08","020","Chínipas"
231,"08","017","Cuauhtémoc"
232,"08","016","La Cruz"
233,"08","015","Coyame del Sotol"
234,"08","052","Ojinaga"
235,"08","013","Casas Grandes"
236,"08","012","Carichí"
237,"08","011","Camargo"
238,"08","010","Buenaventura"
239,"08","009","Bocoyna"
240,"08","008","Batopilas de Manuel Gómez Morín"
241,"08","006","Bachíniva"
242,"08","004","Aquiles Serdán"
243,"08","005","Ascensión"
244,"08","032","Hidalgo del Parral"
245,"08","042","Manuel Benavides"
246,"08","040","Madera"
247,"08","039","López"
248,"08","038","Julimes"
249,"08","035","Janos"
250,"08","034","Ignacio Zaragoza"
251,"08","033","Huejotitán"
252,"08","063","Temósachic"
253,"08","061","Satevó"
254,"08","062","Saucillo"
255,"08","030","Guazapares"
256,"08","028","Guadalupe"
257,"08","027","Guachochi"
258,"08","026","Gran Morelos"
259,"08","019","Chihuahua"
260,"08","064","El Tule"
261,"08","024","Santa Isabel"
262,"08","037","Juárez"
263,"08","059","San Francisco del Oro"
264,"08","066","Uruachi"
265,"08","065","Urique"
266,"08","060","Santa Bárbara"
267,"08","044","Matamoros"
268,"08","045","Meoqui"
269,"08","046","Morelos"
270,"08","047","Moris"
271,"08","048","Namiquipa"
272,"08","029","Guadalupe y Calvo"
273,"08","036","Jiménez"
274,"08","049","Nonoava"
275,"08","002","Aldama"
276,"09","012","Tlalpan"
277,"09","009","Milpa Alta"
278,"09","015","Cuauhtémoc"
279,"09","007","Iztapalapa"
280,"09","008","La Magdalena Contreras"
281,"09","010","Álvaro Obregón"
282,"09","003","Coyoacán"
283,"09","016","Miguel Hidalgo"
284,"09","004","Cuajimalpa de Morelos"
285,"09","006","Iztacalco"
286,"09","011","Tláhuac"
287,"09","013","Xochimilco"
288,"09","005","Gustavo A. Madero"
289,"09","002","Azcapotzalco"
290,"09","017","Venustiano Carranza"
291,"09","014","Benito Juárez"
292,"10","006","General Simón Bolívar"
293,"10","008","Guadalupe Victoria"
294,"10","009","Guanaceví"
295,"10","010","Hidalgo"
296,"10","029","San Luis del Cordero"
297,"10","031","Santa Clara"
298,"10","011","Indé"
299,"10","038","Vicente Guerrero"
300,"10","030","San Pedro del Gallo"
301,"10","023","Pueblo Nuevo"
302,"10","025","San Bernardo"
303,"10","032","Santiago Papasquiaro"
304,"10","027","San Juan de Guadalupe"
305,"10","007","Gómez Palacio"
306,"10","015","Nazas"
307,"10","035","Tepehuanes"
308,"10","022","Poanas"
309,"10","028","San Juan del Río"
310,"10","017","Ocampo"
311,"10","001","Canatlán"
312,"10","005","Durango"
313,"10","037","Topia"
314,"10","033","Súchil"
315,"10","036","Tlahualilo"
316,"10","012","Lerdo"
317,"10","014","Mezquital"
318,"10","026","San Dimas"
319,"10","019","Otáez"
320,"10","034","Tamazula"
321,"10","013","Mapimí"
322,"10","016","Nombre de Dios"
323,"10","018","El Oro"
324,"10","020","Pánuco de Coronado"
325,"10","002","Canelas"
326,"10","039","Nuevo Ideal"
327,"10","021","Peñón Blanco"
328,"10","003","Coneto de Comonfort"
329,"10","024","Rodeo"
330,"10","004","Cuencamé"
331,"11","019","Jerécuaro"
332,"11","020","León"
333,"11","021","Moroleón"
334,"11","023","Pénjamo"
335,"11","038","Tarandacuao"
336,"11","039","Tarimoro"
337,"11","040","Tierra Blanca"
338,"11","041","Uriangato"
339,"11","002","Acámbaro"
340,"11","012","Cuerámaro"
341,"11","013","Doctor Mora"
342,"11","014","Dolores Hidalgo Cuna de la Independencia Nacional"
343,"11","022","Ocampo"
344,"11","024","Pueblo Nuevo"
345,"11","030","San Felipe"
346,"11","036","Santiago Maravatío"
347,"11","007","Celaya"
348,"11","027","Salamanca"
349,"11","035","Santa Cruz de Juventino Rosas"
350,"11","011","Cortazar"
351,"11","031","San Francisco del Rincón"
352,"11","025","Purísima del Rincón"
353,"11","026","Romita"
354,"11","028","Salvatierra"
355,"11","029","San Diego de la Unión"
356,"11","032","San José Iturbide"
357,"11","033","San Luis de la Paz"
358,"11","034","Santa Catarina"
359,"11","037","Silao de la Victoria"
360,"11","042","Valle de Santiago"
361,"11","043","Victoria"
362,"11","045","Xichú"
363,"11","044","Villagrán"
364,"11","046","Yuriria"
365,"11","001","Abasolo"
366,"11","003","San Miguel de Allende"
367,"11","004","Apaseo el Alto"
368,"11","005","Apaseo el Grande"
369,"11","006","Atarjea"
370,"11","008","Manuel Doblado"
371,"11","009","Comonfort"
372,"11","010","Coroneo"
373,"11","015","Guanajuato"
374,"11","016","Huanímaro"
375,"11","017","Irapuato"
376,"11","018","Jaral del Progreso"
377,"12","033","Huamuxtitlán"
378,"12","031","General Canuto A. Neri"
379,"12","083","Ñuu Savi"
380,"12","082","Las Vigas"
381,"12","073","Zirándaro"
382,"12","065","Tlalixtaquilla de Maldonado"
383,"12","047","Pedro Ascencio Alquisiras"
384,"12","054","San Miguel Totolapan"
385,"12","053","San Marcos"
386,"12","066","Tlapa de Comonfort"
387,"12","048","Petatlán"
388,"12","007","Arcelia"
389,"12","012","Ayutla de los Libres"
390,"12","006","Apaxtla"
391,"12","010","Atlixtac"
392,"12","011","Atoyac de Álvarez"
393,"12","032","General Heliodoro Castillo"
394,"12","028","Chilapa de Álvarez"
395,"12","029","Chilpancingo de los Bravo"
396,"12","004","Alcozauca de Guerrero"
397,"12","068","La Unión de Isidoro Montes de Oca"
398,"12","039","Juan R. Escudero"
399,"12","038","Zihuatanejo de Azueta"
400,"12","043","Metlatónoc"
401,"12","030","Florencio Villarreal"
402,"12","064","Tlalchapa"
403,"12","067","Tlapehuala"
404,"12","001","Acapulco de Juárez"
405,"12","019","Copalillo"
406,"12","045","Olinalá"
407,"12","008","Atenango del Río"
408,"12","009","Atlamajalcingo del Monte"
409,"12","046","Ometepec"
410,"12","036","Igualapa"
411,"12","044","Mochitlán"
412,"12","042","Mártir de Cuilapan"
413,"12","040","Leonardo Bravo"
414,"12","076","Acatepec"
415,"12","075","Eduardo Neri"
416,"12","074","Zitlala"
417,"12","072","Zapotitlán Tablas"
418,"12","071","Xochistlahuaca"
419,"12","070","Xochihuehuetlán"
420,"12","069","Xalpatláhuac"
421,"12","052","San Luis Acatlán"
422,"12","041","Malinaltepec"
423,"12","062","Tlacoachistlahuaca"
424,"12","023","Cuajinicuilapa"
425,"12","013","Azoyú"
426,"12","024","Cualác"
427,"12","027","Cutzamala de Pinzón"
428,"12","037","Ixcateopan de Cuauhtémoc"
429,"12","055","Taxco de Alarcón"
430,"12","025","Cuautepec"
431,"12","026","Cuetzala del Progreso"
432,"12","059","Tepecoacuilco de Trujano"
433,"12","077","Marquelia"
434,"12","078","Cochoapa el Grande"
435,"12","061","Tixtla de Guerrero"
436,"12","018","Copala"
437,"12","056","Tecoanapa"
438,"12","003","Ajuchitlán del Progreso"
439,"12","002","Ahuacuotzingo"
440,"12","035","Iguala de la Independencia"
441,"12","016","Coahuayutla de José María Izazaga"
442,"12","017","Cocula"
443,"12","020","Copanatoyac"
444,"12","057","Técpan de Galeana"
445,"12","021","Coyuca de Benítez"
446,"12","022","Coyuca de Catalán"
447,"12","060","Tetipac"
448,"12","063","Tlacoapa"
449,"12","058","Teloloapan"
450,"12","051","Quechultenango"
451,"12","050","Pungarabato"
452,"12","081","Iliatenco"
453,"12","080","Juchitán"
454,"12","005","Alpoyeca"
455,"12","014","Benito Juárez"
456,"12","015","Buenavista de Cuéllar"
457,"12","049","Pilcaya"
458,"12","079","José Joaquín de Herrera"
459,"12","034","Huitzuco de los Figueroa"
460,"12","085","San Nicolás"
461,"12","084","Santa Cruz del Rincón"
462,"13","004","Agua Blanca de Iturbide"
463,"13","010","Atitalaquia"
464,"13","081","Zacualtipán de Ángeles"
465,"13","034","Lolotla"
466,"13","080","Yahualica"
467,"13","079","Xochicoatlán"
468,"13","041","Mixquiahuala de Juárez"
469,"13","032","Jaltocán"
470,"13","019","Chilcuautla"
471,"13","082","Zapotlán de Juárez"
472,"13","050","Progreso de Obregón"
473,"13","083","Zempoala"
474,"13","018","Chapulhuacán"
475,"13","035","Metepec"
476,"13","036","San Agustín Metzquititlán"
477,"13","037","Metztitlán"
478,"13","020","Eloxochitlán"
479,"13","022","Epazoyucan"
480,"13","023","Francisco I. Madero"
481,"13","052","San Agustín Tlaxiaca"
482,"13","024","Huasca de Ocampo"
483,"13","009","El Arenal"
484,"13","038","Mineral del Chico"
485,"13","071","Tlahuiltepa"
486,"13","064","Tepetitlán"
487,"13","053","San Bartolo Tutotepec"
488,"13","008","Apan"
489,"13","007","Almoloya"
490,"13","068","Tianguistengo"
491,"13","069","Tizayuca"
492,"13","076","Tula de Allende"
493,"13","078","Xochiatipan"
494,"13","074","Tlaxcoapan"
495,"13","051","Mineral de la Reforma"
496,"13","030","Ixmiquilpan"
497,"13","031","Jacala de Ledezma"
498,"13","029","Huichapan"
499,"13","070","Tlahuelilpan"
500,"13","025","Huautla"
501,"13","054","San Salvador"
502,"13","055","Santiago de Anaya"
503,"13","006","Alfajayucan"
504,"13","048","Pachuca de Soto"
505,"13","026","Huazalingo"
506,"13","027","Huehuetla"
507,"13","028","Huejutla de Reyes"
508,"13","043","Nicolás Flores"
509,"13","065","Tetepango"
510,"13","063","Tepeji del Río de Ocampo"
511,"13","033","Juárez Hidalgo"
512,"13","013","Atotonilco de Tula"
513,"13","014","Calnali"
514,"13","015","Cardonal"
515,"13","016","Cuautepec de Hinojosa"
516,"13","021","Emiliano Zapata"
517,"13","005","Ajacuba"
518,"13","017","Chapantongo"
519,"13","066","Villa de Tezontepec"
520,"13","067","Tezontepec de Aldama"
521,"13","044","Nopala de Villagrán"
522,"13","045","Omitlán de Juárez"
523,"13","046","San Felipe Orizatlán"
524,"13","039","Mineral del Monte"
525,"13","047","Pacula"
526,"13","049","Pisaflores"
527,"13","077","Tulancingo de Bravo"
528,"13","062","Tepehuacán de Guerrero"
529,"13","003","Actopan"
530,"13","002","Acaxochitlán"
531,"13","001","Acatlán"
532,"13","061","Tepeapulco"
533,"13","058","Tasquillo"
534,"13","073","Tlanchinol"
535,"13","072","Tlanalapa"
536,"13","059","Tecozautla"
537,"13","060","Tenango de Doria"
538,"13","012","Atotonilco el Grande"
539,"13","011","Atlapexco"
540,"13","040","La Misión"
541,"13","042","Molango de Escamilla"
542,"13","056","Santiago Tulantepec de Lugo Guerrero"
543,"13","057","Singuilucan"
544,"13","084","Zimapán"
545,"13","075","Tolcayuca"
546,"14","122","Zapotitlán de Vadillo"
547,"14","019","Bolaños"
548,"14","065","Pihuamo"
549,"14","101","Tonalá"
550,"14","076","San Martín de Bolaños"
551,"14","023","Zapotlán el Grande"
552,"14","074","San Julián"
553,"14","073","San Juan de los Lagos"
554,"14","062","Mixtlán"
555,"14","113","San Gabriel"
556,"14","087","Tecalitlán"
557,"14","014","Atoyac"
558,"14","015","Autlán de Navarro"
559,"14","097","Tlajomulco de Zúñiga"
560,"14","055","Magdalena"
561,"14","063","Ocotlán"
562,"14","086","Tapalpa"
563,"14","043","La Huerta"
564,"14","116","Villa Hidalgo"
565,"14","012","Atenguillo"
566,"14","117","Cañadas de Obregón"
567,"14","118","Yahualica de González Gallo"
568,"14","017","Ayutla"
569,"14","119","Zacoalco de Torres"
570,"14","120","Zapopan"
571,"14","121","Zapotiltic"
572,"14","123","Zapotlán del Rey"
573,"14","069","Quitupan"
574,"14","112","Valle de Juárez"
575,"14","111","Valle de Guadalupe"
576,"14","079","Gómez Farías"
577,"14","078","San Miguel el Alto"
578,"14","077","San Martín Hidalgo"
579,"14","075","San Marcos"
580,"14","098","San Pedro Tlaquepaque"
581,"14","105","Tototlán"
582,"14","104","Totatiche"
583,"14","103","Tonila"
584,"14","024","Cocula"
585,"14","102","Tonaya"
586,"14","100","Tomatlán"
587,"14","099","Tolimán"
588,"14","093","Tepatitlán de Morelos"
589,"14","124","Zapotlanejo"
590,"14","115","Villa Guerrero"
591,"14","021","Casimiro Castillo"
592,"14","070","El Salto"
593,"14","020","Cabo Corrientes"
594,"14","018","La Barca"
595,"14","051","Juanacatlán"
596,"14","044","Ixtlahuacán de los Membrillos"
597,"14","039","Guadalajara"
598,"14","022","Cihuatlán"
599,"14","016","Ayotlán"
600,"14","080","San Sebastián del Oeste"
601,"14","125","San Ignacio Cerro Gordo"
602,"14","072","San Diego de Alejandría"
603,"14","066","Poncitlán"
604,"14","110","Unión de Tula"
605,"14","092","Teocuitatlán de Corona"
606,"14","091","Teocaltiche"
607,"14","002","Acatlán de Juárez"
608,"14","003","Ahualulco de Mercado"
609,"14","005","Amatitán"
610,"14","109","Unión de San Antonio"
611,"14","108","Tuxpan"
612,"14","088","Tecolotlán"
613,"14","090","Tenamaxtlán"
614,"14","071","San Cristóbal de la Barranca"
615,"14","068","Villa Purificación"
616,"14","067","Puerto Vallarta"
617,"14","114","Villa Corona"
618,"14","107","Tuxcueca"
619,"14","106","Tuxcacuesco"
620,"14","025","Colotlán"
621,"14","027","Cuautitlán de García Barragán"
622,"14","028","Cuautla"
623,"14","011","Atengo"
624,"14","064","Ojuelos de Jalisco"
625,"14","032","Chiquilistlán"
626,"14","030","Chapala"
627,"14","029","Cuquío"
628,"14","094","Tequila"
629,"14","095","Teuchitlán"
630,"14","096","Tizapán el Alto"
631,"14","061","Mezquitic"
632,"14","060","Mexticacán"
633,"14","059","Mazamitla"
634,"14","058","Mascota"
635,"14","057","La Manzanilla de la Paz"
636,"14","056","Santa María del Oro"
637,"14","054","El Limón"
638,"14","085","Tamazula de Gordiano"
639,"14","084","Talpa de Allende"
640,"14","053","Lagos de Moreno"
641,"14","052","Juchitlán"
642,"14","050","Jocotepec"
643,"14","031","Chimaltitán"
644,"14","049","Jilotlán de los Dolores"
645,"14","048","Jesús María"
646,"14","047","Jamay"
647,"14","046","Jalostotitlán"
648,"14","045","Ixtlahuacán del Río"
649,"14","042","Huejuquilla el Alto"
650,"14","041","Huejúcar"
651,"14","040","Hostotipaquillo"
652,"14","038","Guachinango"
653,"14","037","El Grullo"
654,"14","036","Etzatlán"
655,"14","035","Encarnación de Díaz"
656,"14","034","Ejutla"
657,"14","033","Degollado"
658,"14","010","Atemajac de Brizuela"
659,"14","013","Atotonilco el Alto"
660,"14","089","Techaluta de Montenegro"
661,"14","026","Concepción de Buenos Aires"
662,"14","083","Tala"
663,"14","082","Sayula"
664,"14","081","Santa María de los Ángeles"
665,"14","009","El Arenal"
666,"14","008","Arandas"
667,"14","007","San Juanito de Escobedo"
668,"14","006","Ameca"
669,"14","004","Amacueca"
670,"14","001","Acatic"
671,"15","021","Coatepec Harinas"
672,"15","011","Atenco"
673,"15","004","Almoloya de Alquisiras"
674,"15","002","Acolman"
675,"15","034","Ecatzingo"
676,"15","030","Chiconcuac"
677,"15","068","Ozumba"
678,"15","082","Tejupilco"
679,"15","028","Chiautla"
680,"15","019","Capulhuac"
681,"15","118","Zinacantepec"
682,"15","094","Tepetlixpa"
683,"15","074","San Felipe del Progreso"
684,"15","036","Hueypoxtla"
685,"15","041","Ixtapan del Oro"
686,"15","085","Temascalcingo"
687,"15","096","Tequixquiac"
688,"15","104","Tlalnepantla de Baz"
689,"15","076","San Mateo Atenco"
690,"15","010","Apaxco"
691,"15","023","Coyotepec"
692,"15","025","Chalco"
693,"15","103","Tlalmanalco"
694,"15","100","Tezoyuca"
695,"15","040","Ixtapan de la Sal"
696,"15","107","Tonatico"
697,"15","052","Malinalco"
698,"15","109","Tultitlán"
699,"15","012","Atizapán"
700,"15","014","Atlacomulco"
701,"15","003","Aculco"
702,"15","015","Atlautla"
703,"15","016","Axapusco"
704,"15","005","Almoloya de Juárez"
705,"15","024","Cuautitlán"
706,"15","008","Amatepec"
707,"15","007","Amanalco"
708,"15","120","Zumpango"
709,"15","042","Ixtlahuaca"
710,"15","084","Temascalapa"
711,"15","047","Jiquipilco"
712,"15","022","Cocotitlán"
713,"15","020","Coacalco de Berriozábal"
714,"15","062","Ocoyoacac"
715,"15","050","Juchitepec"
716,"15","061","Nopaltepec"
717,"15","101","Tianguistenco"
718,"15","057","Naucalpan de Juárez"
719,"15","105","Tlatlaya"
720,"15","106","Toluca"
721,"15","116","Zacazonapan"
722,"15","097","Texcaltitlán"
723,"15","079","Soyaniquilpan de Juárez"
724,"15","119","Zumpahuacán"
725,"15","081","Tecámac"
726,"15","035","Huehuetoca"
727,"15","064","El Oro"
728,"15","083","Temamatla"
729,"15","102","Timilpan"
730,"15","087","Temoaya"
731,"15","066","Otzoloapan"
732,"15","108","Tultepec"
733,"15","089","Tenango del Aire"
734,"15","051","Lerma"
735,"15","046","Jilotzingo"
736,"15","037","Huixquilucan"
737,"15","038","Isidro Fabela"
738,"15","039","Ixtapaluca"
739,"15","017","Ayapango"
740,"15","069","Papalotla"
741,"15","065","Otumba"
742,"15","048","Jocotitlán"
743,"15","121","Cuautitlán Izcalli"
744,"15","080","Sultepec"
745,"15","071","Polotitlán"
746,"15","075","San Martín de las Pirámides"
747,"15","072","Rayón"
748,"15","056","Morelos"
749,"15","067","Otzolotepec"
750,"15","088","Tenancingo"
751,"15","070","La Paz"
752,"15","078","Santo Tomás"
753,"15","111","Villa de Allende"
754,"15","112","Villa del Carbón"
755,"15","091","Teoloyucan"
756,"15","113","Villa Guerrero"
757,"15","006","Almoloya del Río"
758,"15","123","Luvianos"
759,"15","099","Texcoco"
760,"15","060","Nicolás Romero"
761,"15","122","Valle de Chalco Solidaridad"
762,"15","044","Jaltenco"
763,"15","110","Valle de Bravo"
764,"15","045","Jilotepec"
765,"15","098","Texcalyacac"
766,"15","115","Xonacatlán"
767,"15","117","Zacualpan"
768,"15","124","San José del Rincón"
769,"15","029","Chicoloapan"
770,"15","058","Nezahualcóyotl"
771,"15","092","Teotihuacán"
772,"15","077","San Simón de Guerrero"
773,"15","055","Mexicaltzingo"
774,"15","054","Metepec"
775,"15","049","Joquicingo"
776,"15","026","Chapa de Mota"
777,"15","001","Acambay de Ruíz Castañeda"
778,"15","059","Nextlalpan"
779,"15","086","Temascaltepec"
780,"15","053","Melchor Ocampo"
781,"15","090","Tenango del Valle"
782,"15","032","Donato Guerra"
783,"15","125","Tonanitla"
784,"15","114","Villa Victoria"
785,"15","093","Tepetlaoxtoc"
786,"15","063","Ocuilan"
787,"15","073","San Antonio la Isla"
788,"15","033","Ecatepec de Morelos"
789,"15","013","Atizapán de Zaragoza"
790,"15","027","Chapultepec"
791,"15","018","Calimaya"
792,"15","009","Amecameca"
793,"15","031","Chimalhuacán"
794,"15","043","Xalatlaco"
795,"15","095","Tepotzotlán"
796,"16","074","Cojumatlán de Régules"
797,"16","090","Tingambato"
798,"16","002","Aguililla"
799,"16","003","Álvaro Obregón"
800,"16","004","Angamacutiro"
801,"16","005","Angangueo"
802,"16","006","Apatzingán"
803,"16","007","Aporo"
804,"16","008","Aquila"
805,"16","009","Ario"
806,"16","096","Tumbiscatío"
807,"16","097","Turicato"
808,"16","106","Yurécuaro"
809,"16","107","Zacapu"
810,"16","108","Zamora"
811,"16","109","Zináparo"
812,"16","110","Zinapécuaro"
813,"16","010","Arteaga"
814,"16","011","Briseñas"
815,"16","098","Tuxpan"
816,"16","031","Epitacio Huerta"
817,"16","032","Erongarícuaro"
818,"16","077","San Lucas"
819,"16","099","Tuzantla"
820,"16","001","Acuitzio"
821,"16","043","Jacona"
822,"16","044","Jiménez"
823,"16","045","Jiquilpan"
824,"16","012","Buenavista"
825,"16","013","Carácuaro"
826,"16","021","Charapan"
827,"16","020","Cuitzeo"
828,"16","019","Cotija"
829,"16","018","Copándaro"
830,"16","087","Taretan"
831,"16","086","Tanhuato"
832,"16","072","Queréndaro"
833,"16","067","Penjamillo"
834,"16","022","Charo"
835,"16","079","Salvador Escalante"
836,"16","078","Santa Ana Maya"
837,"16","075","Los Reyes"
838,"16","076","Sahuayo"
839,"16","033","Gabriel Zamora"
840,"16","035","La Huacana"
841,"16","036","Huandacareo"
842,"16","037","Huaniqueo"
843,"16","038","Huetamo"
844,"16","039","Huiramba"
845,"16","040","Indaparapeo"
846,"16","041","Irimbo"
847,"16","042","Ixtlán"
848,"16","049","Madero"
849,"16","050","Maravatío"
850,"16","051","Marcos Castellanos"
851,"16","052","Lázaro Cárdenas"
852,"16","053","Morelia"
853,"16","014","Coahuayana"
854,"16","015","Coalcomán de Vázquez Pallares"
855,"16","016","Coeneo"
856,"16","017","Contepec"
857,"16","083","Tancítaro"
858,"16","082","Tacámbaro"
859,"16","081","Susupuato"
860,"16","056","Nahuatzen"
861,"16","080","Senguio"
862,"16","057","Nocupétaro"
863,"16","034","Hidalgo"
864,"16","058","Nuevo Parangaricutiro"
865,"16","059","Nuevo Urecho"
866,"16","060","Numarán"
867,"16","062","Pajacuarán"
868,"16","063","Panindícuaro"
869,"16","064","Parácuaro"
870,"16","105","Vista Hermosa"
871,"16","065","Paracho"
872,"16","089","Tepalcatepec"
873,"16","061","Ocampo"
874,"16","055","Múgica"
875,"16","054","Morelos"
876,"16","030","Ecuandureo"
877,"16","029","Churumuco"
878,"16","028","Churintzio"
879,"16","027","Chucándiro"
880,"16","026","Chinicuila"
881,"16","025","Chilchota"
882,"16","024","Cherán"
883,"16","023","Chavinda"
884,"16","066","Pátzcuaro"
885,"16","068","Peribán"
886,"16","069","La Piedad"
887,"16","070","Purépero"
888,"16","071","Puruándiro"
889,"16","073","Quiroga"
890,"16","091","Tingüindín"
891,"16","113","José Sixto Verduzco"
892,"16","112","Zitácuaro"
893,"16","085","Tangancícuaro"
894,"16","088","Tarímbaro"
895,"16","092","Tiquicheo de Nicolás Romero"
896,"16","093","Tlalpujahua"
897,"16","111","Ziracuaretiro"
898,"16","101","Tzitzio"
899,"16","100","Tzintzuntzan"
900,"16","095","Tocumbo"
901,"16","084","Tangamandapio"
902,"16","102","Uruapan"
903,"16","103","Venustiano Carranza"
904,"16","104","Villamar"
905,"16","094","Tlazazalca"
906,"16","047","Jungapeo"
907,"16","046","Juárez"
908,"16","048","Lagunillas"
909,"17","002","Atlatlahucan"
910,"17","006","Cuautla"
911,"17","028","Xochitepec"
912,"17","022","Tetela del Volcán"
913,"17","009","Huitzilac"
914,"17","016","Ocuituco"
915,"17","008","Emiliano Zapata"
916,"17","003","Axochiapan"
917,"17","036","Hueyapan"
918,"17","035","Xoxocotla"
919,"17","025","Tlaquiltenango"
920,"17","001","Amacuzac"
921,"17","020","Tepoztlán"
922,"17","034","Coatetelco"
923,"17","027","Totolapan"
924,"17","030","Yecapixtla"
925,"17","026","Tlayacapan"
926,"17","031","Zacatepec"
927,"17","021","Tetecala"
928,"17","019","Tepalcingo"
929,"17","023","Tlalnepantla"
930,"17","017","Puente de Ixtla"
931,"17","015","Miacatlán"
932,"17","013","Jonacatepec de Leandro Valle"
933,"17","011","Jiutepec"
934,"17","010","Jantetelco"
935,"17","018","Temixco"
936,"17","029","Yautepec"
937,"17","012","Jojutla"
938,"17","024","Tlaltizapán de Zapata"
939,"17","007","Cuernavaca"
940,"17","005","Coatlán del Río"
941,"17","004","Ayala"
942,"17","014","Mazatepec"
943,"17","032","Zacualpan de Amilpas"
944,"17","033","Temoac"
945,"18","001","Acaponeta"
946,"18","009","Del Nayar"
947,"18","010","Rosamorada"
948,"18","011","Ruíz"
949,"18","017","Tepic"
950,"18","018","Tuxpan"
951,"18","019","La Yesca"
952,"18","004","Compostela"
953,"18","013","San Pedro Lagunillas"
954,"18","008","Xalisco"
955,"18","005","Huajicori"
956,"18","006","Ixtlán del Río"
957,"18","007","Jala"
958,"18","014","Santa María del Oro"
959,"18","015","Santiago Ixcuintla"
960,"18","016","Tecuala"
961,"18","003","Amatlán de Cañas"
962,"18","012","San Blas"
963,"18","020","Bahía de Banderas"
964,"18","002","Ahuacatlán"
965,"19","029","Hualahuises"
966,"19","048","Santa Catarina"
967,"19","044","Sabinas Hidalgo"
968,"19","042","Los Ramones"
969,"19","023","General Treviño"
970,"19","022","General Terán"
971,"19","047","Hidalgo"
972,"19","049","Santiago"
973,"19","009","Cadereyta Jiménez"
974,"19","032","Lampazos de Naranjo"
975,"19","031","Juárez"
976,"19","027","Los Herreras"
977,"19","020","General Bravo"
978,"19","041","Pesquería"
979,"19","040","Parás"
980,"19","039","Monterrey"
981,"19","046","San Nicolás de los Garza"
982,"19","019","San Pedro Garza García"
983,"19","037","Mina"
984,"19","010","El Carmen"
985,"19","021","General Escobedo"
986,"19","012","Ciénega de Flores"
987,"19","002","Agualeguas"
988,"19","005","Anáhuac"
989,"19","024","General Zaragoza"
990,"19","026","Guadalupe"
991,"19","003","Los Aldamas"
992,"19","004","Allende"
993,"19","025","General Zuazua"
994,"19","015","Doctor Coss"
995,"19","007","Aramberri"
996,"19","018","García"
997,"19","051","Villaldama"
998,"19","006","Apodaca"
999,"19","011","Cerralvo"
1000,"19","001","Abasolo"
1001,"19","017","Galeana"
1002,"19","016","Doctor González"
1003,"19","050","Vallecillo"
1004,"19","034","Marín"
1005,"19","035","Melchor Ocampo"
1006,"19","028","Higueras"
1007,"19","033","Linares"
1008,"19","036","Mier y Noriega"
1009,"19","043","Rayones"
1010,"19","014","Doctor Arroyo"
1011,"19","038","Montemorelos"
1012,"19","008","Bustamante"
1013,"19","013","China"
1014,"19","045","Salinas Victoria"
1015,"19","030","Iturbide"
1016,"20","125","San Carlos Yautepec"
1017,"20","481","Santiago Nuyoó"
1018,"20","517","Santo Domingo Tepuxtepec"
1019,"20","524","Santo Domingo Yodohino"
1020,"20","378","Santa Cruz Mixtepec"
1021,"20","054","Magdalena Zahuatlán"
1022,"20","542","Taniche"
1023,"20","237","San Marcos Arteaga"
1024,"20","489","Santiago Tetepec"
1025,"20","544","Teococuilco de Marcos Pérez"
1026,"20","490","Santiago Texcalcingo"
1027,"20","333","San Pedro Totolápam"
1028,"20","334","Villa de Tututepec"
1029,"20","562","Magdalena Yodocono de Porfirio Díaz"
1030,"20","133","San Esteban Atatlahuca"
1031,"20","134","San Felipe Jalapa de Díaz"
1032,"20","138","San Francisco Cajonos"
1033,"20","149","San Francisco Sola"
1034,"20","161","San Jerónimo Sosola"
1035,"20","159","San Jerónimo Coatlán"
1036,"20","437","Santa María Tlahuitoltepec"
1037,"20","441","Santa María Xadani"
1038,"20","446","Santa María Yucuhiti"
1039,"20","447","Santa María Zacatepec"
1040,"20","469","Santiago Juxtlahuaca"
1041,"20","511","Santo Domingo Nuxaá"
1042,"20","513","Santo Domingo Petapa"
1043,"20","278","San Miguel Soyaltepec"
1044,"20","457","Santiago Camotlán"
1045,"20","163","San Jerónimo Tecóatl"
1046,"20","166","San José Chiltepec"
1047,"20","506","Santo Domingo Albarradas"
1048,"20","482","Santiago Pinotepa Nacional"
1049,"20","508","Santo Domingo Chihuitán"
1050,"20","205","San Juan Lalana"
1051,"20","271","San Miguel Mixtepec"
1052,"20","329","San Pedro Teozacoalco"
1053,"20","330","San Pedro Teutila"
1054,"20","246","San Mateo Cajonos"
1055,"20","277","Villa Sola de Vega"
1056,"20","545","Teotitlán de Flores Magón"
1057,"20","546","Teotitlán del Valle"
1058,"20","547","Teotongo"
1059,"20","170","San José Lachiguiri"
1060,"20","230","San Lorenzo Victoria"
1061,"20","168","San José Estancia Grande"
1062,"20","184","San Juan Bautista Tuxtepec"
1063,"20","185","San Juan Cacahuatepec"
1064,"20","404","Santa María Chachoápam"
1065,"20","407","Santa María Chimalapa"
1066,"20","186","San Juan Cieneguilla"
1067,"20","214","San Juan Quiotepec"
1068,"20","220","San Juan Tepeuxila"
1069,"20","227","San Lorenzo Cacaotepec"
1070,"20","261","San Miguel Amatitlán"
1071,"20","552","Tlacotepec Plumas"
1072,"20","262","San Miguel Amatlán"
1073,"20","266","San Miguel del Puerto"
1074,"20","550","San Jerónimo Tlacochahuaya"
1075,"20","253","San Mateo Piñas"
1076,"20","254","San Mateo Río Hondo"
1077,"20","272","San Miguel Panixtlahuaca"
1078,"20","273","San Miguel Peras"
1079,"20","275","San Miguel Quetzaltepec"
1080,"20","551","Tlacolula de Matamoros"
1081,"20","357","Santa Ana Tavela"
1082,"20","502","Santiago Zacatepec"
1083,"20","553","Tlalixtac de Cabrera"
1084,"20","265","San Miguel Chimalapa"
1085,"20","493","Santiago Tillo"
1086,"20","318","San Pedro Mixtepec"
1087,"20","327","San Pedro Tapanatepec"
1088,"20","554","Totontepec Villa de Morelos"
1089,"20","555","Trinidad Zaachila"
1090,"20","556","La Trinidad Vista Hermosa"
1091,"20","018","Concepción Buenavista"
1092,"20","036","Guevea de Humboldt"
1093,"20","338","Villa de Etla"
1094,"20","344","San Sebastián Coatlán"
1095,"20","366","Santa Catarina Loxicha"
1096,"20","377","Santa Cruz Itundujia"
1097,"20","451","Santiago Apoala"
1098,"20","005","Asunción Ixtaltepec"
1099,"20","558","Valerio Trujano"
1100,"20","561","Yaxe"
1101,"20","056","Mártires de Tacubaya"
1102,"20","563","Yogana"
1103,"20","497","Santiago Yaitepec"
1104,"20","549","Heroica Villa Tezoatlán de Segura y Luna, Cuna de la Independencia de Oaxaca"
1105,"20","564","Yutanduchi de Guerrero"
1106,"20","565","Villa de Zaachila"
1107,"20","099","San Andrés Tepetlapa"
1108,"20","491","Santiago Textitlán"
1109,"20","031","Tamazulápam del Espíritu Santo"
1110,"20","279","San Miguel Suchixtepec"
1111,"20","401","Santa María Colotepec"
1112,"20","367","Santa Catarina Mechoacán"
1113,"20","500","Santiago Yosondúa"
1114,"20","503","Santiago Zoochila"
1115,"20","379","Santa Cruz Nundaco"
1116,"20","494","Santiago Tlazoyaltepec"
1117,"20","499","Santiago Yolomécatl"
1118,"20","058","Mazatlán Villa de Flores"
1119,"20","059","Miahuatlán de Porfirio Díaz"
1120,"20","177","San Juan Bautista Cuicatlán"
1121,"20","359","Santa Ana Yareni"
1122,"20","364","Santa Catarina Juquila"
1123,"20","569","Santa Inés de Zaragoza"
1124,"20","570","Zimatlán de Álvarez"
1125,"20","567","Zapotitlán Lagunas"
1126,"20","057","Matías Romero Avendaño"
1127,"20","423","Santa María Nduayaco"
1128,"20","112","San Baltazar Chichicápam"
1129,"20","510","Santo Domingo Ixcatlán"
1130,"20","371","Santa Catarina Ticuá"
1131,"20","424","Santa María Ozolotepec"
1132,"20","406","Santa María Chilchotla"
1133,"20","410","Santa María Ecatepec"
1134,"20","435","Santa María Tepantlali"
1135,"20","417","Santa María Jacatepec"
1136,"20","422","Santa María Nativitas"
1137,"20","439","Santa María Tonameca"
1138,"20","450","Santiago Amoltepec"
1139,"20","075","Reforma de Pineda"
1140,"20","501","Santiago Yucuyachi"
1141,"20","504","Nuevo Zoquiápam"
1142,"20","505","Santo Domingo Ingenio"
1143,"20","251","San Mateo Nejápam"
1144,"20","459","Villa de Santiago Chazumba"
1145,"20","477","Santiago Minas"
1146,"20","484","Santiago Tamazola"
1147,"20","485","Santiago Tapextla"
1148,"20","492","Santiago Tilantongo"
1149,"20","495","Santiago Xanica"
1150,"20","534","San Vicente Coatlán"
1151,"20","537","Silacayoápam"
1152,"20","543","Tataltepec de Valdés"
1153,"20","548","Tepelmeme Villa de Morelos"
1154,"20","463","Santiago Huauclilla"
1155,"20","467","Santiago Jamiltepec"
1156,"20","559","San Juan Bautista Valle Nacional"
1157,"20","169","San José Independencia"
1158,"20","117","San Bartolomé Loxicha"
1159,"20","512","Santo Domingo Ozolotepec"
1160,"20","514","Santo Domingo Roayaga"
1161,"20","118","San Bartolomé Quialana"
1162,"20","518","Santo Domingo Tlatayápam"
1163,"20","440","Santa María Totolapilla"
1164,"20","568","Zapotitlán Palmas"
1165,"20","521","Santo Domingo Tonaltepec"
1166,"20","001","Abejones"
1167,"20","256","San Mateo Tlapiltepec"
1168,"20","003","Asunción Cacalotepec"
1169,"20","263","San Miguel Coatlán"
1170,"20","004","Asunción Cuyotepeji"
1171,"20","007","Asunción Ocotlán"
1172,"20","267","San Miguel del Río"
1173,"20","011","Calihualá"
1174,"20","027","Chiquihuitlán de Benito Juárez"
1175,"20","030","El Espinal"
1176,"20","519","Santo Domingo Tomaltepec"
1177,"20","034","Guadalupe de Ramírez"
1178,"20","013","Ciénega de Zimatlán"
1179,"20","460","Santiago Choápam"
1180,"20","044","Loma Bonita"
1181,"20","017","La Compañía"
1182,"20","507","Santo Domingo Armenta"
1183,"20","049","Magdalena Ocotlán"
1184,"20","520","Santo Domingo Tonalá"
1185,"20","019","Concepción Pápalo"
1186,"20","022","Cosoltepec"
1187,"20","024","Cuyamecalco Villa de Zaragoza"
1188,"20","025","Chahuites"
1189,"20","026","Chalcatongo de Hidalgo"
1190,"20","029","Eloxochitlán de Flores Magón"
1191,"20","032","Fresnillo de Trujano"
1192,"20","515","Santo Domingo Tehuantepec"
1193,"20","516","Santo Domingo Teojomulco"
1194,"20","033","Guadalupe Etla"
1195,"20","050","Magdalena Peñasco"
1196,"20","035","Guelatao de Juárez"
1197,"20","051","Magdalena Teitipac"
1198,"20","536","San Vicente Nuñú"
1199,"20","047","Santa Magdalena Jicotlán"
1200,"20","037","Mesones Hidalgo"
1201,"20","040","Huautepec"
1202,"20","041","Huautla de Jiménez"
1203,"20","042","Ixtlán de Juárez"
1204,"20","045","Magdalena Apasco"
1205,"20","053","Magdalena Tlacotepec"
1206,"20","046","Magdalena Jaltepec"
1207,"20","523","Santo Domingo Yanhuitlán"
1208,"20","048","Magdalena Mixtepec"
1209,"20","522","Santo Domingo Xagacía"
1210,"20","456","Santiago Cacaloxtepec"
1211,"20","060","Mixistlán de la Reforma"
1212,"20","061","Monjas"
1213,"20","062","Natividad"
1214,"20","063","Nazareno Etla"
1215,"20","065","Ixpantepec Nieves"
1216,"20","069","La Pe"
1217,"20","070","Pinotepa de Don Luis"
1218,"20","071","Pluma Hidalgo"
1219,"20","096","San Andrés Sinaxtla"
1220,"20","072","San José del Progreso"
1221,"20","097","San Andrés Solaga"
1222,"20","098","San Andrés Teotilálpam"
1223,"20","074","Santa Catarina Quioquitani"
1224,"20","076","La Reforma"
1225,"20","190","San Juan Cotzocón"
1226,"20","078","Rojas de Cuauhtémoc"
1227,"20","077","Reyes Etla"
1228,"20","081","San Agustín Atenango"
1229,"20","094","San Andrés Nuxiño"
1230,"20","080","San Agustín Amatengo"
1231,"20","084","San Agustín Etla"
1232,"20","082","San Agustín Chayuco"
1233,"20","086","San Agustín Tlacotepec"
1234,"20","083","San Agustín de las Juntas"
1235,"20","092","San Andrés Ixtlahuaca"
1236,"20","087","San Agustín Yatareni"
1237,"20","089","San Andrés Dinicuiti"
1238,"20","090","San Andrés Huaxpaltepec"
1239,"20","091","San Andrés Huayápam"
1240,"20","095","San Andrés Paxtlán"
1241,"20","100","San Andrés Yaá"
1242,"20","101","San Andrés Zabache"
1243,"20","102","San Andrés Zautla"
1244,"20","233","San Lucas Quiaviní"
1245,"20","103","San Antonino Castillo Velasco"
1246,"20","104","San Antonino el Alto"
1247,"20","105","San Antonino Monte Verde"
1248,"20","107","San Antonio de la Cal"
1249,"20","108","San Antonio Huitepec"
1250,"20","109","San Antonio Nanahuatípam"
1251,"20","110","San Antonio Sinicahua"
1252,"20","111","San Antonio Tepetlapa"
1253,"20","527","Santos Reyes Pápalo"
1254,"20","116","San Bartolomé Ayautla"
1255,"20","114","San Baltazar Yatzachi el Bajo"
1256,"20","172","San Juan Achiutla"
1257,"20","115","San Bartolo Coyotepec"
1258,"20","413","Santa María Huatulco"
1259,"20","119","San Bartolomé Yucuañe"
1260,"20","120","San Bartolomé Zoogocho"
1261,"20","121","San Bartolo Soyaltepec"
1262,"20","014","Ciudad Ixtepec"
1263,"20","015","Coatecas Altas"
1264,"20","123","San Bernardo Mixtepec"
1265,"20","122","San Bartolo Yautepec"
1266,"20","528","Santos Reyes Tepejillo"
1267,"20","124","Heroica Villa de San Blas Atempa"
1268,"20","129","San Cristóbal Suchixtlahuaca"
1269,"20","206","San Juan de los Cués"
1270,"20","126","San Cristóbal Amatlán"
1271,"20","020","Constancia del Rosario"
1272,"20","127","San Cristóbal Amoltepec"
1273,"20","128","San Cristóbal Lachirioag"
1274,"20","529","Santos Reyes Yucuná"
1275,"20","131","San Dionisio Ocotepec"
1276,"20","130","San Dionisio del Mar"
1277,"20","152","San Francisco Tlapancingo"
1278,"20","153","San Gabriel Mixtepec"
1279,"20","132","San Dionisio Ocotlán"
1280,"20","135","San Felipe Tejalápam"
1281,"20","136","San Felipe Usila"
1282,"20","137","San Francisco Cahuacuá"
1283,"20","139","San Francisco Chapulapa"
1284,"20","142","San Francisco Huehuetlán"
1285,"20","140","San Francisco Chindúa"
1286,"20","141","San Francisco del Mar"
1287,"20","160","San Jerónimo Silacayoapilla"
1288,"20","143","San Francisco Ixhuatán"
1289,"20","144","San Francisco Jaltepetongo"
1290,"20","145","San Francisco Lachigoló"
1291,"20","531","Santo Tomás Mazaltepec"
1292,"20","146","San Francisco Logueche"
1293,"20","147","San Francisco Nuxaño"
1294,"20","148","San Francisco Ozolotepec"
1295,"20","150","San Francisco Telixtlahuaca"
1296,"20","151","San Francisco Teopan"
1297,"20","157","San Jacinto Amilpas"
1298,"20","248","San Mateo del Mar"
1299,"20","158","San Jacinto Tlacotepec"
1300,"20","162","San Jerónimo Taviche"
1301,"20","164","San Jorge Nuchita"
1302,"20","176","San Juan Bautista Coixtlahuaca"
1303,"20","165","San José Ayuquila"
1304,"20","167","San José del Peñasco"
1305,"20","530","Santo Tomás Jalieza"
1306,"20","187","San Juan Coatzóspam"
1307,"20","171","San José Tenango"
1308,"20","188","San Juan Colorado"
1309,"20","173","San Juan Atepec"
1310,"20","174","Ánimas Trujano"
1311,"20","191","San Juan Chicomezúchil"
1312,"20","196","San Juan Evangelista Analco"
1313,"20","178","San Juan Bautista Guelache"
1314,"20","197","San Juan Guelavía"
1315,"20","180","San Juan Bautista Lo de Soto"
1316,"20","204","San Juan Lajarcia"
1317,"20","181","San Juan Bautista Suchitepec"
1318,"20","480","Santiago Nundiche"
1319,"20","182","San Juan Bautista Tlacoatzintepec"
1320,"20","183","San Juan Bautista Tlachichilco"
1321,"20","189","San Juan Comaltepec"
1322,"20","192","San Juan Chilateca"
1323,"20","193","San Juan del Estado"
1324,"20","464","Santiago Ihuitlán Plumas"
1325,"20","194","San Juan del Río"
1326,"20","195","San Juan Diuxi"
1327,"20","199","San Juan Ihualtepec"
1328,"20","200","San Juan Juquila Mixes"
1329,"20","201","San Juan Juquila Vijanos"
1330,"20","202","San Juan Lachao"
1331,"20","203","San Juan Lachigalla"
1332,"20","210","San Juan Ñumí"
1333,"20","208","San Juan Mixtepec"
1334,"20","209","San Juan Mixtepec"
1335,"20","566","San Mateo Yucutindoo"
1336,"20","215","San Juan Sayultepec"
1337,"20","218","San Juan Teita"
1338,"20","284","San Miguel Tilquiápam"
1339,"20","216","San Juan Tabaá"
1340,"20","217","San Juan Tamazola"
1341,"20","219","San Juan Teitipac"
1342,"20","221","San Juan Teposcolula"
1343,"20","222","San Juan Yaeé"
1344,"20","223","San Juan Yatzona"
1345,"20","541","Tanetze de Zaragoza"
1346,"20","498","Santiago Yaveo"
1347,"20","224","San Juan Yucuita"
1348,"20","225","San Lorenzo"
1349,"20","016","Coicoyán de las Flores"
1350,"20","226","San Lorenzo Albarradas"
1351,"20","228","San Lorenzo Cuaunecuiltitla"
1352,"20","229","San Lorenzo Texmelúcan"
1353,"20","231","San Lucas Camotlán"
1354,"20","232","San Lucas Ojitlán"
1355,"20","234","San Lucas Zoquiápam"
1356,"20","235","San Luis Amatlán"
1357,"20","236","San Marcial Ozolotepec"
1358,"20","239","San Martín Huamelúlpam"
1359,"20","240","San Martín Itunyoso"
1360,"20","241","San Martín Lachilá"
1361,"20","242","San Martín Peras"
1362,"20","243","San Martín Tilcajete"
1363,"20","244","San Martín Toxpalan"
1364,"20","249","San Mateo Yoloxochitlán"
1365,"20","525","Santo Domingo Zanatepec"
1366,"20","526","Santos Reyes Nopala"
1367,"20","245","San Martín Zacatepec"
1368,"20","269","San Miguel el Grande"
1369,"20","247","Capulálpam de Méndez"
1370,"20","250","San Mateo Etlatongo"
1371,"20","255","San Mateo Sindihui"
1372,"20","252","San Mateo Peñasco"
1373,"20","257","San Melchor Betaza"
1374,"20","258","San Miguel Achiutla"
1375,"20","259","San Miguel Ahuehuetitlán"
1376,"20","260","San Miguel Aloápam"
1377,"20","268","San Miguel Ejutla"
1378,"20","276","San Miguel Santa Flor"
1379,"20","281","San Miguel Tecomatlán"
1380,"20","274","San Miguel Piedras"
1381,"20","532","Santo Tomás Ocotepec"
1382,"20","280","Villa Talea de Castro"
1383,"20","533","Santo Tomás Tamazulapan"
1384,"20","368","Santa Catarina Minas"
1385,"20","282","San Miguel Tenango"
1386,"20","052","Magdalena Tequisistlán"
1387,"20","283","San Miguel Tequixtepec"
1388,"20","535","San Vicente Lachixío"
1389,"20","286","San Miguel Tlacotepec"
1390,"20","285","San Miguel Tlacamama"
1391,"20","288","San Miguel Yotao"
1392,"20","289","San Nicolás"
1393,"20","290","San Nicolás Hidalgo"
1394,"20","292","San Pablo Cuatro Venados"
1395,"20","380","Santa Cruz Papalutla"
1396,"20","294","San Pablo Huitzo"
1397,"20","043","Heroica Ciudad de Juchitán de Zaragoza"
1398,"20","295","San Pablo Huixtepec"
1399,"20","538","Sitio de Xitlapehua"
1400,"20","296","San Pablo Macuiltianguis"
1401,"20","297","San Pablo Tijaltepec"
1402,"20","304","San Pedro Coxcaltepec Cántaros"
1403,"20","299","San Pablo Yaganiza"
1404,"20","300","San Pedro Amuzgos"
1405,"20","308","San Pedro Huilotepec"
1406,"20","301","San Pedro Apóstol"
1407,"20","311","San Pedro Jaltepetongo"
1408,"20","302","San Pedro Atoyac"
1409,"20","303","San Pedro Cajonos"
1410,"20","305","San Pedro Comitancillo"
1411,"20","321","San Pedro Nopala"
1412,"20","332","San Pedro Topiltepec"
1413,"20","307","San Pedro Huamelula"
1414,"20","312","San Pedro Jicayán"
1415,"20","313","San Pedro Jocotipac"
1416,"20","314","San Pedro Juchatengo"
1417,"20","079","Salina Cruz"
1418,"20","331","San Pedro Tidaá"
1419,"20","315","San Pedro Mártir"
1420,"20","316","San Pedro Mártir Quiechapa"
1421,"20","207","San Juan Mazatlán"
1422,"20","317","San Pedro Mártir Yucuxaco"
1423,"20","356","Santa Ana del Valle"
1424,"20","319","San Pedro Mixtepec"
1425,"20","320","San Pedro Molinos"
1426,"20","322","San Pedro Ocopetatillo"
1427,"20","323","San Pedro Ocotepec"
1428,"20","325","San Pedro Quiatoni"
1429,"20","326","San Pedro Sochiápam"
1430,"20","328","San Pedro Taviche"
1431,"20","335","San Pedro Yaneri"
1432,"20","336","San Pedro Yólox"
1433,"20","339","San Pedro y San Pablo Teposcolula"
1434,"20","340","San Pedro y San Pablo Tequixtepec"
1435,"20","341","San Pedro Yucunama"
1436,"20","342","San Raymundo Jalpan"
1437,"20","343","San Sebastián Abasolo"
1438,"20","345","San Sebastián Ixcapa"
1439,"20","346","San Sebastián Nicananduta"
1440,"20","347","San Sebastián Río Hondo"
1441,"20","539","Soledad Etla"
1442,"20","211","San Juan Ozolotepec"
1443,"20","212","San Juan Petlapa"
1444,"20","213","San Juan Quiahije"
1445,"20","348","San Sebastián Tecomaxtlahuaca"
1446,"20","349","San Sebastián Teitipac"
1447,"20","540","Villa de Tamazulápam del Progreso"
1448,"20","350","San Sebastián Tutla"
1449,"20","352","San Simón Zahuatlán"
1450,"20","353","Santa Ana"
1451,"20","354","Santa Ana Ateixtlahuaca"
1452,"20","355","Santa Ana Cuauhtémoc"
1453,"20","358","Santa Ana Tlapacoyan"
1454,"20","360","Santa Ana Zegache"
1455,"20","361","Santa Catalina Quierí"
1456,"20","362","Santa Catarina Cuixtla"
1457,"20","363","Santa Catarina Ixtepeji"
1458,"20","369","Santa Catarina Quiané"
1459,"20","370","Santa Catarina Tayata"
1460,"20","381","Santa Cruz Tacache de Mina"
1461,"20","372","Santa Catarina Yosonotú"
1462,"20","373","Santa Catarina Zapoquila"
1463,"20","374","Santa Cruz Acatepec"
1464,"20","293","San Pablo Etla"
1465,"20","375","Santa Cruz Amilpas"
1466,"20","376","Santa Cruz de Bravo"
1467,"20","382","Santa Cruz Tacahua"
1468,"20","383","Santa Cruz Tayata"
1469,"20","384","Santa Cruz Xitla"
1470,"20","386","Santa Cruz Zenzontepec"
1471,"20","387","Santa Gertrudis"
1472,"20","179","San Juan Bautista Jayacatlán"
1473,"20","388","Santa Inés del Monte"
1474,"20","390","Santa Lucía del Camino"
1475,"20","408","Santa María del Rosario"
1476,"20","391","Santa Lucía Miahuatlán"
1477,"20","418","Santa María Jalapa del Marqués"
1478,"20","392","Santa Lucía Monteverde"
1479,"20","393","Santa Lucía Ocotlán"
1480,"20","394","Santa María Alotepec"
1481,"20","395","Santa María Apazco"
1482,"20","396","Santa María la Asunción"
1483,"20","397","Heroica Ciudad de Tlaxiaco"
1484,"20","398","Ayoquezco de Aldama"
1485,"20","399","Santa María Atzompa"
1486,"20","400","Santa María Camotlán"
1487,"20","402","Santa María Cortijo"
1488,"20","154","San Ildefonso Amatlán"
1489,"20","155","San Ildefonso Sola"
1490,"20","156","San Ildefonso Villa Alta"
1491,"20","403","Santa María Coyotepec"
1492,"20","419","Santa María Jaltianguis"
1493,"20","405","Villa de Chilapa de Díaz"
1494,"20","409","Santa María del Tule"
1495,"20","264","San Miguel Chicahua"
1496,"20","411","Santa María Guelacé"
1497,"20","106","San Antonio Acutla"
1498,"20","198","San Juan Guichicovi"
1499,"20","365","Santa Catarina Lachatao"
1500,"20","002","Acatlán de Pérez Figueroa"
1501,"20","006","Asunción Nochixtlán"
1502,"20","008","Asunción Tlacolulita"
1503,"20","009","Ayotzintepec"
1504,"20","010","El Barrio de la Soledad"
1505,"20","055","Mariscala de Juárez"
1506,"20","412","Santa María Guienagati"
1507,"20","414","Santa María Huazolotitlán"
1508,"20","415","Santa María Ipalapa"
1509,"20","287","San Miguel Tulancingo"
1510,"20","291","San Pablo Coatlán"
1511,"20","298","San Pablo Villa de Mitla"
1512,"20","385","Santa Cruz Xoxocotlán"
1513,"20","416","Santa María Ixcatlán"
1514,"20","420","Santa María Lachixío"
1515,"20","023","Cuilápam de Guerrero"
1516,"20","306","San Pedro el Alto"
1517,"20","310","San Pedro Ixtlahuaca"
1518,"20","421","Santa María Mixtequilla"
1519,"20","309","San Pedro Ixcatlán"
1520,"20","324","San Pedro Pochutla"
1521,"20","337","San Pedro y San Pablo Ayutla"
1522,"20","351","San Simón Almolongas"
1523,"20","425","Santa María Pápalo"
1524,"20","426","Santa María Peñoles"
1525,"20","427","Santa María Petapa"
1526,"20","428","Santa María Quiegolani"
1527,"20","432","Santa María Temaxcalapa"
1528,"20","429","Santa María Sola"
1529,"20","430","Santa María Tataltepec"
1530,"20","431","Santa María Tecomavaca"
1531,"20","021","Cosolapa"
1532,"20","175","San Juan Bautista Atatlahuca"
1533,"20","270","San Miguel Huautla"
1534,"20","433","Santa María Temaxcaltepec"
1535,"20","436","Santa María Texcatitlán"
1536,"20","452","Santiago Apóstol"
1537,"20","442","Santa María Yalina"
1538,"20","438","Santa María Tlalixtac"
1539,"20","434","Santa María Teopoxco"
1540,"20","444","Santa María Yolotepec"
1541,"20","443","Santa María Yavesía"
1542,"20","445","Santa María Yosoyúa"
1543,"20","448","Santa María Zaniza"
1544,"20","449","Santa María Zoquitlán"
1545,"20","462","Santiago Huajolotitlán"
1546,"20","453","Santiago Astata"
1547,"20","454","Santiago Atitlán"
1548,"20","455","Santiago Ayuquililla"
1549,"20","458","Santiago Comaltepec"
1550,"20","461","Santiago del Río"
1551,"20","465","Santiago Ixcuintepec"
1552,"20","466","Santiago Ixtayutla"
1553,"20","468","Santiago Jocotepec"
1554,"20","470","Santiago Lachiguiri"
1555,"20","471","Santiago Lalopa"
1556,"20","472","Santiago Laollaga"
1557,"20","473","Santiago Laxopa"
1558,"20","474","Santiago Llano Grande"
1559,"20","475","Santiago Matatlán"
1560,"20","476","Santiago Miltepec"
1561,"20","389","Santa Inés Yatzeche"
1562,"20","478","Santiago Nacaltepec"
1563,"20","479","Santiago Nejapilla"
1564,"20","012","Candelaria Loxicha"
1565,"20","028","Heroica Ciudad de Ejutla de Crespo"
1566,"20","039","Heroica Ciudad de Huajuapan de León"
1567,"20","064","Nejapa de Madero"
1568,"20","066","Santiago Niltepec"
1569,"20","067","Oaxaca de Juárez"
1570,"20","068","Ocotlán de Morelos"
1571,"20","073","Putla Villa de Guerrero"
1572,"20","085","San Agustín Loxicha"
1573,"20","088","San Andrés Cabecera Nueva"
1574,"20","483","Santiago Suchilquitongo"
1575,"20","486","Villa Tejúpam de la Unión"
1576,"20","093","San Andrés Lagunas"
1577,"20","113","San Baltazar Loxicha"
1578,"20","487","Santiago Tenango"
1579,"20","488","Santiago Tepetlapa"
1580,"20","496","Santiago Xiacuí"
1581,"20","509","Santo Domingo de Morelos"
1582,"20","557","Unión Hidalgo"
1583,"20","560","Villa Díaz Ordaz"
1584,"20","038","Villa Hidalgo Yalálag"
1585,"20","238","Heroico San Martín de los Cansecos"
1586,"21","180","Tlahuapan"
1587,"21","080","Atlequizayan"
1588,"21","087","Jolalpan"
1589,"21","088","Jonotla"
1590,"21","081","Ixcamilpa de Guerrero"
1591,"21","083","Ixtacamaxtitlán"
1592,"21","197","Xicotepec"
1593,"21","193","Tzicatlacoyan"
1594,"21","192","Tuzamapan de Galeana"
1595,"21","215","Zongozotla"
1596,"21","191","Tulcingo"
1597,"21","216","Zoquiapan"
1598,"21","199","Xiutetelco"
1599,"21","198","Xicotlán"
1600,"21","178","Tlacuilotepec"
1601,"21","105","Ocotepec"
1602,"21","132","San Martín Texmelucan"
1603,"21","143","San Salvador el Verde"
1604,"21","176","Tilapa"
1605,"21","174","Teziutlán"
1606,"21","171","Tepeyahualco de Cuauhtémoc"
1607,"21","103","Nicolás Bravo"
1608,"21","102","Nealtican"
1609,"21","142","San Salvador el Seco"
1610,"21","101","Nauzontla"
1611,"21","100","Naupan"
1612,"21","099","Cañada Morelos"
1613,"21","098","Molcaxac"
1614,"21","001","Acajete"
1615,"21","182","Tlanepantla"
1616,"21","201","Xochiltepec"
1617,"21","110","Palmar de Bravo"
1618,"21","109","Pahuatlán"
1619,"21","067","Guadalupe Victoria"
1620,"21","147","Santa Inés Ahuatempan"
1621,"21","204","Yaonáhuac"
1622,"21","108","Oriental"
1623,"21","066","Guadalupe"
1624,"21","167","Tepetzintla"
1625,"21","166","Tepeojuma"
1626,"21","065","General Felipe Ángeles"
1627,"21","181","Tlaltenango"
1628,"21","064","Francisco Z. Mena"
1629,"21","148","Santa Isabel Cholula"
1630,"21","063","Esperanza"
1631,"21","217","Zoquitlán"
1632,"21","207","Zacapoaxtla"
1633,"21","214","Zinacatepec"
1634,"21","059","Chinantla"
1635,"21","058","Chilchotla"
1636,"21","057","Honey"
1637,"21","056","Chila de la Sal"
1638,"21","107","Olintla"
1639,"21","106","Ocoyucan"
1640,"21","055","Chila"
1641,"21","200","Xochiapulco"
1642,"21","051","Chietla"
1643,"21","050","Chichiquila"
1644,"21","096","Mazapiltepec de Juárez"
1645,"21","095","La Magdalena Tlatlauquitepec"
1646,"21","094","Libres"
1647,"21","093","Lafragua"
1648,"21","092","Juan N. Méndez"
1649,"21","091","Juan Galindo"
1650,"21","208","Zacatlán"
1651,"21","090","Juan C. Bonilla"
1652,"21","037","Coyotepec"
1653,"21","035","Coxcatlán"
1654,"21","034","Coronango"
1655,"21","033","Cohuecan"
1656,"21","032","Cohetzala"
1657,"21","031","Coatzingo"
1658,"21","030","Coatepec"
1659,"21","029","Caxhuacan"
1660,"21","028","Camocuautla"
1661,"21","020","Atoyatempan"
1662,"21","077","Hueytlalpan"
1663,"21","074","Huejotzingo"
1664,"21","022","Atzitzihuacán"
1665,"21","025","Ayotoxco de Guerrero"
1666,"21","177","Tlacotepec de Benito Juárez"
1667,"21","075","Hueyapan"
1668,"21","078","Huitzilan de Serdán"
1669,"21","079","Huitziltepec"
1670,"21","187","Tlaxco"
1671,"21","188","Tochimilco"
1672,"21","189","Tochtepec"
1673,"21","190","Totoltepec de Guerrero"
1674,"21","194","Venustiano Carranza"
1675,"21","184","Tlapacoya"
1676,"21","185","Tlapanalá"
1677,"21","082","Ixcaquixtla"
1678,"21","085","Izúcar de Matamoros"
1679,"21","104","Nopalucan"
1680,"21","122","San Felipe Teotlalcingo"
1681,"21","123","San Felipe Tepatlán"
1682,"21","012","Aljojuca"
1683,"21","013","Altepexi"
1684,"21","007","Ahuatlán"
1685,"21","011","Albino Zertuche"
1686,"21","018","Atexcal"
1687,"21","054","Chignautla"
1688,"21","127","San Jerónimo Xayacatlán"
1689,"21","129","San José Miahuatlán"
1690,"21","130","San Juan Atenco"
1691,"21","213","Zihuateutla"
1692,"21","124","San Gabriel Chilac"
1693,"21","169","Tepexi de Rodríguez"
1694,"21","159","Teopantlán"
1695,"21","156","Tehuacán"
1696,"21","155","Tecomatlán"
1697,"21","154","Tecamachalco"
1698,"21","172","Tetela de Ocampo"
1699,"21","179","Tlachichuca"
1700,"21","153","Tecali de Herrera"
1701,"21","151","Santo Tomás Hueyotlipan"
1702,"21","121","San Diego la Mesa Tochimiltzingo"
1703,"21","202","Xochitlán de Vicente Suárez"
1704,"21","203","Xochitlán Todos Santos"
1705,"21","073","Huehuetlán el Chico"
1706,"21","097","Mixtla"
1707,"21","036","Coyomeapan"
1708,"21","044","Cuyoaco"
1709,"21","060","Domingo Arenas"
1710,"21","061","Eloxochitlán"
1711,"21","062","Epatlán"
1712,"21","068","Hermenegildo Galeana"
1713,"21","072","Huehuetla"
1714,"21","160","Teotlalco"
1715,"21","161","Tepanco de López"
1716,"21","024","Axutla"
1717,"21","186","Tlatlauquitepec"
1718,"21","170","Tepeyahualco"
1719,"21","196","Xayacatlán de Bravo"
1720,"21","117","Rafael Lara Grajales"
1721,"21","017","Atempan"
1722,"21","019","Atlixco"
1723,"21","173","Teteles de Ávila Castillo"
1724,"21","175","Tianguismanalco"
1725,"21","052","Chigmecatitlán"
1726,"21","069","Huaquechula"
1727,"21","168","Tepexco"
1728,"21","157","Tehuitzingo"
1729,"21","162","Tepango de Rodríguez"
1730,"21","209","Zapotitlán"
1731,"21","118","Los Reyes de Juárez"
1732,"21","119","San Andrés Cholula"
1733,"21","120","San Antonio Cañada"
1734,"21","125","San Gregorio Atzompa"
1735,"21","126","San Jerónimo Tecuanipan"
1736,"21","128","San José Chiapa"
1737,"21","158","Tenampulco"
1738,"21","053","Chignahuapan"
1739,"21","002","Acateno"
1740,"21","003","Acatlán"
1741,"21","004","Acatzingo"
1742,"21","005","Acteopan"
1743,"21","006","Ahuacatlán"
1744,"21","008","Ahuazotepec"
1745,"21","133","San Martín Totoltepec"
1746,"21","134","San Matías Tlalancaleca"
1747,"21","135","San Miguel Ixitlán"
1748,"21","137","San Nicolás Buenos Aires"
1749,"21","138","San Nicolás de los Ranchos"
1750,"21","139","San Pablo Anicano"
1751,"21","140","San Pedro Cholula"
1752,"21","141","San Pedro Yeloixtlahuaca"
1753,"21","205","Yehualtepec"
1754,"21","023","Atzitzintla"
1755,"21","116","Quimixtlán"
1756,"21","115","Quecholac"
1757,"21","114","Puebla"
1758,"21","144","San Salvador Huixcolotla"
1759,"21","145","San Sebastián Tlacotepec"
1760,"21","146","Santa Catarina Tlaltempan"
1761,"21","149","Santiago Miahuatlán"
1762,"21","150","Huehuetlán el Grande"
1763,"21","010","Ajalpan"
1764,"21","014","Amixtlán"
1765,"21","015","Amozoc"
1766,"21","016","Aquixtla"
1767,"21","021","Atzala"
1768,"21","026","Calpan"
1769,"21","027","Caltepec"
1770,"21","165","Tepemaxalco"
1771,"21","152","Soltepec"
1772,"21","206","Zacapala"
1773,"21","211","Zaragoza"
1774,"21","212","Zautla"
1775,"21","163","Tepatlaxco de Hidalgo"
1776,"21","049","Chiconcuautla"
1777,"21","048","Chiautzingo"
1778,"21","047","Chiautla"
1779,"21","195","Vicente Guerrero"
1780,"21","164","Tepeaca"
1781,"21","046","Chapulco"
1782,"21","210","Zapotitlán de Méndez"
1783,"21","136","San Miguel Xoxtla"
1784,"21","045","Chalchicomula de Sesma"
1785,"21","043","Cuetzalan del Progreso"
1786,"21","084","Ixtepec"
1787,"21","086","Jalpan"
1788,"21","042","Cuayuca de Andrade"
1789,"21","113","Piaxtla"
1790,"21","131","San Juan Atzompa"
1791,"21","089","Jopala"
1792,"21","041","Cuautlancingo"
1793,"21","040","Cuautinchán"
1794,"21","039","Cuautempan"
1795,"21","038","Cuapiaxtla de Madero"
1796,"21","112","Petlalcingo"
1797,"21","009","Ahuehuetitla"
1798,"21","076","Hueytamalco"
1799,"21","183","Tlaola"
1800,"21","071","Huauchinango"
1801,"21","070","Huatlatlauca"
1802,"21","111","Pantepec"
1803,"22","002","Pinal de Amoles"
1804,"22","010","Landa de Matamoros"
1805,"22","006","Corregidora"
1806,"22","003","Arroyo Seco"
1807,"22","011","El Marqués"
1808,"22","012","Pedro Escobedo"
1809,"22","015","San Joaquín"
1810,"22","016","San Juan del Río"
1811,"22","017","Tequisquiapan"
1812,"22","018","Tolimán"
1813,"22","007","Ezequiel Montes"
1814,"22","001","Amealco de Bonfil"
1815,"22","014","Querétaro"
1816,"22","005","Colón"
1817,"22","004","Cadereyta de Montes"
1818,"22","013","Peñamiller"
1819,"22","008","Huimilpan"
1820,"22","009","Jalpan de Serra"
1821,"23","001","Cozumel"
1822,"23","003","Isla Mujeres"
1823,"23","002","Felipe Carrillo Puerto"
1824,"23","005","Benito Juárez"
1825,"23","004","Othón P. Blanco"
1826,"23","011","Puerto Morelos"
1827,"23","008","Solidaridad"
1828,"23","010","Bacalar"
1829,"23","007","Lázaro Cárdenas"
1830,"23","006","José María Morelos"
1831,"23","009","Tulum"
1832,"24","050","Villa de Reyes"
1833,"24","052","Villa Juárez"
1834,"24","053","Axtla de Terrazas"
1835,"24","054","Xilitla"
1836,"24","055","Zaragoza"
1837,"24","048","Villa de la Paz"
1838,"24","015","Charcas"
1839,"24","013","Ciudad Valles"
1840,"24","009","Cerro de San Pedro"
1841,"24","043","Tierra Nueva"
1842,"24","042","Tanquián de Escobedo"
1843,"24","012","Tancanhuitz"
1844,"24","011","Ciudad Fernández"
1845,"24","010","Ciudad del Maíz"
1846,"24","008","Cerritos"
1847,"24","007","Cedral"
1848,"24","035","Soledad de Graciano Sánchez"
1849,"24","041","Tanlajás"
1850,"24","040","Tamuín"
1851,"24","039","Tampamolón Corona"
1852,"24","038","Tampacán"
1853,"24","037","Tamazunchale"
1854,"24","036","Tamasopo"
1855,"24","006","Catorce"
1856,"24","028","San Luis Potosí"
1857,"24","031","Santa Catarina"
1858,"24","030","San Nicolás Tolentino"
1859,"24","029","San Martín Chalchicuautla"
1860,"24","026","San Antonio"
1861,"24","005","Cárdenas"
1862,"24","024","Rioverde"
1863,"24","023","Rayón"
1864,"24","022","Moctezuma"
1865,"24","021","Mexquitic de Carmona"
1866,"24","017","Guadalcázar"
1867,"24","016","Ebano"
1868,"24","014","Coxcatlán"
1869,"24","033","Santo Domingo"
1870,"24","001","Ahualulco del Sonido 13"
1871,"24","057","Matlapa"
1872,"24","051","Villa Hidalgo"
1873,"24","058","El Naranjo"
1874,"24","032","Santa María del Río"
1875,"24","027","San Ciro de Acosta"
1876,"24","025","Salinas"
1877,"24","056","Villa de Arista"
1878,"24","047","Villa de Guadalupe"
1879,"24","059","Villa de Pozos"
1880,"24","034","San Vicente Tancuayalab"
1881,"24","002","Alaquines"
1882,"24","003","Aquismón"
1883,"24","004","Armadillo de los Infante"
1884,"24","046","Villa de Arriaga"
1885,"24","018","Huehuetlán"
1886,"24","019","Lagunillas"
1887,"24","020","Matehuala"
1888,"24","044","Vanegas"
1889,"24","045","Venado"
1890,"24","049","Villa de Ramos"
1891,"25","010","El Fuerte"
1892,"25","008","Elota"
1893,"25","016","San Ignacio"
1894,"25","018","Navolato"
1895,"25","003","Badiraguato"
1896,"25","014","Rosario"
1897,"25","001","Ahome"
1898,"25","002","Angostura"
1899,"25","020","Juan José Ríos"
1900,"25","019","Eldorado"
1901,"25","009","Escuinapa"
1902,"25","004","Concordia"
1903,"25","005","Cosalá"
1904,"25","012","Mazatlán"
1905,"25","007","Choix"
1906,"25","013","Mocorito"
1907,"25","015","Salvador Alvarado"
1908,"25","006","Culiacán"
1909,"25","017","Sinaloa"
1910,"25","011","Guasave"
1911,"26","066","Ures"
1912,"26","038","Moctezuma"
1913,"26","033","Huatabampo"
1914,"26","056","San Miguel de Horcasitas"
1915,"26","031","Huachinera"
1916,"26","032","Huásabas"
1917,"26","070","General Plutarco Elías Calles"
1918,"26","064","Trincheras"
1919,"26","062","Suaqui Grande"
1920,"26","052","Sahuaripa"
1921,"26","051","Rosario"
1922,"26","037","Mazatán"
1923,"26","021","La Colorada"
1924,"26","041","Nacozari de García"
1925,"26","043","Nogales"
1926,"26","034","Huépac"
1927,"26","016","Benjamín Hill"
1928,"26","014","Baviácora"
1929,"26","015","Bavispe"
1930,"26","069","Yécora"
1931,"26","009","Bacanora"
1932,"26","029","Guaymas"
1933,"26","002","Agua Prieta"
1934,"26","057","San Pedro de la Cueva"
1935,"26","055","San Luis Río Colorado"
1936,"26","024","Divisaderos"
1937,"26","023","Cumpas"
1938,"26","001","Aconchi"
1939,"26","003","Álamos"
1940,"26","030","Hermosillo"
1941,"26","022","Cucurpe"
1942,"26","025","Empalme"
1943,"26","027","Fronteras"
1944,"26","005","Arivechi"
1945,"26","006","Arizpe"
1946,"26","035","Imuris"
1947,"26","068","Villa Pesqueira"
1948,"26","046","Oquitoa"
1949,"26","026","Etchojoa"
1950,"26","049","Quiriego"
1951,"26","071","Benito Juárez"
1952,"26","004","Altar"
1953,"26","063","Tepache"
1954,"26","028","Granados"
1955,"26","048","Puerto Peñasco"
1956,"26","017","Caborca"
1957,"26","012","Bácum"
1958,"26","044","Ónavas"
1959,"26","036","Magdalena"
1960,"26","013","Banámichi"
1961,"26","010","Bacerac"
1962,"26","050","Rayón"
1963,"26","072","San Ignacio Río Muerto"
1964,"26","061","Soyopa"
1965,"26","011","Bacoachi"
1966,"26","018","Cajeme"
1967,"26","047","Pitiquito"
1968,"26","019","Cananea"
1969,"26","020","Carbó"
1970,"26","053","San Felipe de Jesús"
1971,"26","042","Navojoa"
1972,"26","008","Bacadéhuachi"
1973,"26","060","Sáric"
1974,"26","039","Naco"
1975,"26","059","Santa Cruz"
1976,"26","040","Nácori Chico"
1977,"26","067","Villa Hidalgo"
1978,"26","065","Tubutama"
1979,"26","007","Atil"
1980,"26","045","Opodepe"
1981,"26","054","San Javier"
1982,"26","058","Santa Ana"
1983,"27","006","Cunduacán"
1984,"27","001","Balancán"
1985,"27","016","Teapa"
1986,"27","015","Tacotalpa"
1987,"27","014","Paraíso"
1988,"27","012","Macuspana"
1989,"27","002","Cárdenas"
1990,"27","003","Centla"
1991,"27","004","Centro"
1992,"27","005","Comalcalco"
1993,"27","007","Emiliano Zapata"
1994,"27","008","Huimanguillo"
1995,"27","009","Jalapa"
1996,"27","010","Jalpa de Méndez"
1997,"27","011","Jonuta"
1998,"27","013","Nacajuca"
1999,"27","017","Tenosique"
2000,"28","003","Altamira"
2001,"28","041","Victoria"
2002,"28","010","Cruillas"
2003,"28","024","Mier"
2004,"28","015","Gustavo Díaz Ordaz"
2005,"28","025","Miguel Alemán"
2006,"28","040","Valle Hermoso"
2007,"28","023","Méndez"
2008,"28","031","Palmillas"
2009,"28","039","Tula"
2010,"28","038","Tampico"
2011,"28","037","Soto la Marina"
2012,"28","007","Camargo"
2013,"28","005","Burgos"
2014,"28","032","Reynosa"
2015,"28","033","Río Bravo"
2016,"28","029","Ocampo"
2017,"28","030","Padilla"
2018,"28","034","San Carlos"
2019,"28","035","San Fernando"
2020,"28","022","Matamoros"
2021,"28","036","San Nicolás"
2022,"28","028","Nuevo Morelos"
2023,"28","021","El Mante"
2024,"28","011","Gómez Farías"
2025,"28","012","González"
2026,"28","027","Nuevo Laredo"
2027,"28","013","Güémez"
2028,"28","004","Antiguo Morelos"
2029,"28","006","Bustamante"
2030,"28","016","Hidalgo"
2031,"28","019","Llera"
2032,"28","017","Jaumave"
2033,"28","020","Mainero"
2034,"28","008","Casas"
2035,"28","043","Xicoténcatl"
2036,"28","042","Villagrán"
2037,"28","014","Guerrero"
2038,"28","009","Ciudad Madero"
2039,"28","026","Miquihuana"
2040,"28","001","Abasolo"
2041,"28","002","Aldama"
2042,"28","018","Jiménez"
2043,"29","019","Tepetitla de Lardizábal"
2044,"29","045","Benito Juárez"
2045,"29","047","Lázaro Cárdenas"
2046,"29","033","Tlaxcala"
2047,"29","059","Santa Cruz Quilehtla"
2048,"29","004","Atltzayanca"
2049,"29","054","San Lorenzo Axocomanitla"
2050,"29","042","Xicohtzinco"
2051,"29","044","Zacatelco"
2052,"29","053","San Juan Huactzinco"
2053,"29","008","Cuapiaxtla"
2054,"29","029","Tepeyanco"
2055,"29","046","Emiliano Zapata"
2056,"29","025","San Pablo del Monte"
2057,"29","058","Santa Catarina Ayometla"
2058,"29","014","Hueyotlipan"
2059,"29","028","Teolocholco"
2060,"29","040","Xaltocan"
2061,"29","060","Santa Isabel Xiloxoxtla"
2062,"29","015","Ixtacuixtla de Mariano Matamoros"
2063,"29","057","Santa Apolonia Teacalco"
2064,"29","056","Santa Ana Nopalucan"
2065,"29","051","San Jerónimo Zacualpan"
2066,"29","041","Papalotla de Xicohténcatl"
2067,"29","038","Tzompantepec"
2068,"29","023","Natívitas"
2069,"29","020","Sanctórum de Lázaro Cárdenas"
2070,"29","017","Mazatecochco de José María Morelos"
2071,"29","022","Acuamanala de Miguel Hidalgo"
2072,"29","001","Amaxac de Guerrero"
2073,"29","006","Calpulalpan"
2074,"29","016","Ixtenco"
2075,"29","049","San Damián Texóloc"
2076,"29","043","Yauhquemehcan"
2077,"29","013","Huamantla"
2078,"29","002","Apetatitlán de Antonio Carvajal"
2079,"29","005","Apizaco"
2080,"29","018","Contla de Juan Cuamatzi"
2081,"29","003","Atlangatepec"
2082,"29","011","Muñoz de Domingo Arenas"
2083,"29","009","Cuaxomulco"
2084,"29","010","Chiautempan"
2085,"29","007","El Carmen Tequexquitla"
2086,"29","021","Nanacamilpa de Mariano Arista"
2087,"29","012","Españita"
2088,"29","031","Tetla de la Solidaridad"
2089,"29","032","Tetlatlahuca"
2090,"29","034","Tlaxco"
2091,"29","035","Tocatlán"
2092,"29","030","Terrenate"
2093,"29","026","Santa Cruz Tlaxcala"
2094,"29","050","San Francisco Tetlanohcan"
2095,"29","052","San José Teacalco"
2096,"29","027","Tenancingo"
2097,"29","055","San Lucas Tecopilco"
2098,"29","024","Panotla"
2099,"29","037","Ziltlaltépec de Trinidad Sánchez Santos"
2100,"29","048","La Magdalena Tlaltelulco"
2101,"29","039","Xaloztoc"
2102,"29","036","Totolac"
2103,"30","162","Tenampa"
2104,"30","169","José Azueta"
2105,"30","185","Tlilapan"
2106,"30","187","Tonayán"
2107,"30","188","Totutla"
2108,"30","189","Tuxpan"
2109,"30","190","Tuxtilla"
2110,"30","078","Ixcatepec"
2111,"30","191","Ursulo Galván"
2112,"30","079","Ixhuacán de los Reyes"
2113,"30","192","Vega de Alatorre"
2114,"30","194","Villa Aldama"
2115,"30","031","Carrillo Puerto"
2116,"30","195","Xoxocotla"
2117,"30","199","Zaragoza"
2118,"30","206","Nanchital de Lázaro Cárdenas del Río"
2119,"30","210","Uxpanapa"
2120,"30","211","San Rafael"
2121,"30","212","Santiago Sochiapan"
2122,"30","103","Mecatlán"
2123,"30","141","San Andrés Tuxtla"
2124,"30","140","San Andrés Tenejapan"
2125,"30","138","Río Blanco"
2126,"30","136","Rafael Lucio"
2127,"30","131","Poza Rica de Hidalgo"
2128,"30","116","Oluta"
2129,"30","109","Misantla"
2130,"30","107","Las Minas"
2131,"30","203","Zozocolco de Hidalgo"
2132,"30","205","El Higo"
2133,"30","071","Huatusco"
2134,"30","069","Gutiérrez Zamora"
2135,"30","098","Magdalena"
2136,"30","075","Ignacio de la Llave"
2137,"30","074","Huiloapan de Cuauhtémoc"
2138,"30","073","Hueyapan de Ocampo"
2139,"30","072","Huayacocotla"
2140,"30","149","Soteapan"
2141,"30","150","Tamalín"
2142,"30","148","Soledad de Doblado"
2143,"30","147","Soledad Atzompa"
2144,"30","146","Sochiapa"
2145,"30","145","Soconusco"
2146,"30","004","Actopan"
2147,"30","070","Hidalgotitlán"
2148,"30","068","Fortín"
2149,"30","067","Filomeno Mata"
2150,"30","066","Espinal"
2151,"30","065","Emiliano Zapata"
2152,"30","064","Chumatlán"
2153,"30","173","Tezonapa"
2154,"30","209","Tatahuicapan de Juárez"
2155,"30","032","Catemaco"
2156,"30","040","Coatzintla"
2157,"30","039","Coatzacoalcos"
2158,"30","038","Coatepec"
2159,"30","037","Coahuitlán"
2160,"30","036","Coacoatzintla"
2161,"30","035","Citlaltépetl"
2162,"30","034","Cerro Azul"
2163,"30","033","Cazones de Herrera"
2164,"30","030","Camerino Z. Mendoza"
2165,"30","029","Calcahualco"
2166,"30","028","Boca del Río"
2167,"30","027","Benito Juárez"
2168,"30","026","Banderilla"
2169,"30","025","Ayahualulco"
2170,"30","024","Tlaltetela"
2171,"30","023","Atzalan"
2172,"30","022","Atzacan"
2173,"30","168","Tequila"
2174,"30","166","Tepetlán"
2175,"30","165","Tepatlaxco"
2176,"30","164","Teocelo"
2177,"30","126","Paso de Ovejas"
2178,"30","050","Coxquihui"
2179,"30","046","Cosautlán de Carvajal"
2180,"30","021","Atoyac"
2181,"30","128","Perote"
2182,"30","020","Atlahuilco"
2183,"30","101","Mariano Escobedo"
2184,"30","018","Aquila"
2185,"30","009","Alto Lucero de Gutiérrez Barrios"
2186,"30","112","Naolinco"
2187,"30","008","Alpatláhuac"
2188,"30","007","Camarón de Tejeda"
2189,"30","006","Acultzingo"
2190,"30","111","Moloacán"
2191,"30","110","Mixtla de Altamirano"
2192,"30","005","Acula"
2193,"30","051","Coyutla"
2194,"30","045","Cosamaloapan de Carpio"
2195,"30","013","Naranjos Amatlán"
2196,"30","014","Amatlán de los Reyes"
2197,"30","002","Acatlán"
2198,"30","001","Acajete"
2199,"30","003","Acayucan"
2200,"30","120","Oteapan"
2201,"30","127","La Perla"
2202,"30","048","Cosoleacaque"
2203,"30","059","Chinameca"
2204,"30","100","Manlio Fabio Altamirano"
2205,"30","087","Xalapa"
2206,"30","097","Lerdo de Tejada"
2207,"30","010","Altotonga"
2208,"30","108","Minatitlán"
2209,"30","011","Alvarado"
2210,"30","012","Amatitlán"
2211,"30","015","Angel R. Cabada"
2212,"30","016","La Antigua"
2213,"30","017","Apazapan"
2214,"30","117","Omealca"
2215,"30","113","Naranjal"
2216,"30","114","Nautla"
2217,"30","115","Nogales"
2218,"30","163","Tenochtitlán"
2219,"30","019","Astacinga"
2220,"30","042","Colipa"
2221,"30","043","Comapa"
2222,"30","044","Córdoba"
2223,"30","047","Coscomatepec"
2224,"30","049","Cotaxtla"
2225,"30","052","Cuichapa"
2226,"30","099","Maltrata"
2227,"30","105","Medellín de Bravo"
2228,"30","184","Tlaquilpa"
2229,"30","175","Tihuatlán"
2230,"30","178","Tlacotalpan"
2231,"30","180","Tlachichilco"
2232,"30","137","Los Reyes"
2233,"30","196","Yanga"
2234,"30","197","Yecuatla"
2235,"30","198","Zacualpan"
2236,"30","139","Saltabarranca"
2237,"30","186","Tomatlán"
2238,"30","200","Zentla"
2239,"30","202","Zontecomatlán de López y Fuentes"
2240,"30","204","Agua Dulce"
2241,"30","207","Tres Valles"
2242,"30","208","Carlos A. Carrillo"
2243,"30","201","Zongolica"
2244,"30","181","Tlalixcoyan"
2245,"30","182","Tlalnelhuayocan"
2246,"30","183","Tlapacoyan"
2247,"30","076","Ilamatlán"
2248,"30","077","Isla"
2249,"30","080","Ixhuatlán del Café"
2250,"30","081","Ixhuatlancillo"
2251,"30","082","Ixhuatlán del Sureste"
2252,"30","083","Ixhuatlán de Madero"
2253,"30","084","Ixmatlahuacan"
2254,"30","085","Ixtaczoquitlán"
2255,"30","086","Jalacingo"
2256,"30","088","Jalcomulco"
2257,"30","089","Jáltipan"
2258,"30","090","Jamapa"
2259,"30","091","Jesús Carranza"
2260,"30","092","Xico"
2261,"30","041","Coetzala"
2262,"30","053","Cuitláhuac"
2263,"30","054","Chacaltianguis"
2264,"30","055","Chalma"
2265,"30","056","Chiconamel"
2266,"30","057","Chiconquiaco"
2267,"30","058","Chicontepec"
2268,"30","060","Chinampa de Gorostiza"
2269,"30","061","Las Choapas"
2270,"30","062","Chocamán"
2271,"30","063","Chontla"
2272,"30","093","Jilotepec"
2273,"30","094","Juan Rodríguez Clara"
2274,"30","095","Juchique de Ferrer"
2275,"30","096","Landero y Coss"
2276,"30","104","Mecayapan"
2277,"30","118","Orizaba"
2278,"30","119","Otatitlán"
2279,"30","121","Ozuluama de Mascareñas"
2280,"30","123","Pánuco"
2281,"30","124","Papantla"
2282,"30","125","Paso del Macho"
2283,"30","129","Platón Sánchez"
2284,"30","130","Playa Vicente"
2285,"30","122","Pajapan"
2286,"30","132","Las Vigas de Ramírez"
2287,"30","133","Pueblo Viejo"
2288,"30","134","Puente Nacional"
2289,"30","135","Rafael Delgado"
2290,"30","106","Miahuatlán"
2291,"30","102","Martínez de la Torre"
2292,"30","170","Texcatepec"
2293,"30","171","Texhuacán"
2294,"30","172","Texistepec"
2295,"30","174","Tierra Blanca"
2296,"30","176","Tlacojalpan"
2297,"30","179","Tlacotepec de Mejía"
2298,"30","177","Tlacolulan"
2299,"30","193","Veracruz"
2300,"30","143","Santiago Tuxtla"
2301,"30","144","Sayula de Alemán"
2302,"30","142","San Juan Evangelista"
2303,"30","151","Tamiahua"
2304,"30","152","Tampico Alto"
2305,"30","153","Tancoco"
2306,"30","154","Tantima"
2307,"30","155","Tantoyuca"
2308,"30","156","Tatatila"
2309,"30","157","Castillo de Teayo"
2310,"30","158","Tecolutla"
2311,"30","159","Tehuipango"
2312,"30","160","Álamo Temapache"
2313,"30","161","Tempoal"
2314,"30","167","Tepetzintla"
2315,"31","009","Cansahcab"
2316,"31","007","Cacalchén"
2317,"31","019","Chemax"
2318,"31","101","Umán"
2319,"31","106","Yobaín"
2320,"31","105","Yaxkukul"
2321,"31","103","Xocchel"
2322,"31","097","Tunkás"
2323,"31","095","Tixpéhual"
2324,"31","081","Tekom"
2325,"31","090","Timucuy"
2326,"31","088","Teya"
2327,"31","087","Tetiz"
2328,"31","066","Santa Elena"
2329,"31","086","Tepakán"
2330,"31","083","Telchac Puerto"
2331,"31","082","Telchac Pueblo"
2332,"31","080","Tekit"
2333,"31","102","Valladolid"
2334,"31","071","Sudzal"
2335,"31","069","Sotuta"
2336,"31","078","Tekantó"
2337,"31","037","Huhí"
2338,"31","027","Dzidzantún"
2339,"31","058","Peto"
2340,"31","055","Opichén"
2341,"31","036","Homún"
2342,"31","032","Espita"
2343,"31","077","Tekal de Venegas"
2344,"31","074","Tahmek"
2345,"31","026","Dzemul"
2346,"31","025","Dzan"
2347,"31","001","Abalá"
2348,"31","050","Mérida"
2349,"31","023","Chocholá"
2350,"31","035","Hoctún"
2351,"31","034","Hocabá"
2352,"31","016","Chacsinkín"
2353,"31","015","Cuzamá"
2354,"31","013","Conkal"
2355,"31","049","Mayapán"
2356,"31","065","San Felipe"
2357,"31","064","Sanahcat"
2358,"31","073","Tahdziú"
2359,"31","072","Suma"
2360,"31","093","Tixkokob"
2361,"31","061","Río Lagartos"
2362,"31","014","Cuncunul"
2363,"31","089","Ticul"
2364,"31","070","Sucilá"
2365,"31","068","Sinanché"
2366,"31","012","Cenotillo"
2367,"31","010","Cantamayec"
2368,"31","002","Acanceh"
2369,"31","063","Samahil"
2370,"31","060","Quintana Roo"
2371,"31","054","Muxupip"
2372,"31","053","Muna"
2373,"31","076","Tecoh"
2374,"31","098","Tzucacab"
2375,"31","042","Kantunil"
2376,"31","052","Motul"
2377,"31","006","Buctzotz"
2378,"31","056","Oxkutzcab"
2379,"31","057","Panabá"
2380,"31","028","Dzilam de Bravo"
2381,"31","062","Sacalum"
2382,"31","051","Mocochá"
2383,"31","040","Izamal"
2384,"31","085","Temozón"
2385,"31","104","Yaxcabá"
2386,"31","091","Tinum"
2387,"31","048","Maxcanú"
2388,"31","096","Tizimín"
2389,"31","099","Uayma"
2390,"31","005","Bokobá"
2391,"31","047","Maní"
2392,"31","046","Mama"
2393,"31","045","Kopomá"
2394,"31","044","Kinchil"
2395,"31","100","Ucú"
2396,"31","043","Kaua"
2397,"31","020","Chicxulub Pueblo"
2398,"31","067","Seyé"
2399,"31","075","Teabo"
2400,"31","004","Baca"
2401,"31","003","Akil"
2402,"31","022","Chikindzonot"
2403,"31","033","Halachó"
2404,"31","079","Tekax"
2405,"31","059","Progreso"
2406,"31","094","Tixméhuac"
2407,"31","084","Temax"
2408,"31","029","Dzilam González"
2409,"31","041","Kanasín"
2410,"31","038","Hunucmá"
2411,"31","030","Dzitás"
2412,"31","021","Chichimilá"
2413,"31","039","Ixil"
2414,"31","092","Tixcacalcupul"
2415,"31","018","Chapab"
2416,"31","017","Chankom"
2417,"31","024","Chumayel"
2418,"31","031","Dzoncauich"
2419,"31","011","Celestún"
2420,"31","008","Calotmul"
2421,"32","027","Melchor Ocampo"
2422,"32","019","Jalpa"
2423,"32","003","Atolinga"
2424,"32","058","Santa María de la Paz"
2425,"32","036","Ojocaliente"
2426,"32","035","Noria de Ángeles"
2427,"32","037","Pánuco"
2428,"32","040","Sain Alto"
2429,"32","033","Moyahua de Estrada"
2430,"32","020","Jerez"
2431,"32","010","Fresnillo"
2432,"32","034","Nochistlán de Mejía"
2433,"32","005","Calera"
2434,"32","045","Tepechitlán"
2435,"32","038","Pinos"
2436,"32","051","Villa de Cos"
2437,"32","050","Vetagrande"
2438,"32","049","Valparaíso"
2439,"32","048","Tlaltenango de Sánchez Román"
2440,"32","046","Tepetongo"
2441,"32","025","Luis Moya"
2442,"32","044","Tabasco"
2443,"32","043","Susticacán"
2444,"32","054","Villa Hidalgo"
2445,"32","042","Sombrerete"
2446,"32","041","El Salvador"
2447,"32","016","General Pánfilo Natera"
2448,"32","014","General Francisco R. Murguía"
2449,"32","013","General Enrique Estrada"
2450,"32","009","Chalchihuites"
2451,"32","017","Guadalupe"
2452,"32","057","Trancoso"
2453,"32","030","Momax"
2454,"32","032","Morelos"
2455,"32","056","Zacatecas"
2456,"32","018","Huanusco"
2457,"32","022","Juan Aldama"
2458,"32","002","Apulco"
2459,"32","001","Apozol"
2460,"32","015","El Plateado de Joaquín Amaro"
2461,"32","028","Mezquital del Oro"
2462,"32","026","Mazapil"
2463,"32","052","Villa García"
2464,"32","024","Loreto"
2465,"32","004","Benito Juárez"
2466,"32","029","Miguel Auza"
2467,"32","053","Villa González Ortega"
2468,"32","023","Juchipila"
2469,"32","039","Río Grande"
2470,"32","055","Villanueva"
2471,"32","031","Monte Escobedo"
2472,"32","021","Jiménez del Teul"
2473,"32","008","Cuauhtémoc"
2474,"32","007","Concepción del Oro"
2475,"32","047","Teúl de González Ortega"
2476,"32","012","Genaro Codina"
2477,"32","006","Cañitas de Felipe Pescador"
2478,"32","011","Trinidad García de la Cadena"
