muni_idx,obs,pred_bym2,pred_naive,pred_naive_global,n,n_efectivo,vecinos_retenidos,estrato_vecinos,suprimir_privacidad
1,,,,,,,,,TRUE
3,0.790535884832409,0.774507875034103,0.801200284820203,0.809635758707129,100,15.7142707913825,3,3+,FALSE
4,,,,,,,,,TRUE
6,,,,,,,,,TRUE
9,,,,,,,,,TRUE
10,0.982439204282245,0.788565375022839,0.801200284820203,0.809635758707129,18,14.3559710608114,2,1-2,FALSE
12,,,,,,,,,TRUE
13,0.939426544744114,0.852643877641243,0.801200284820203,0.809635758707129,39,11.3544838344121,3,3+,FALSE
14,1,0.921286985536167,0.820749321398908,0.809635758707129,10,8.3652728302015,5,3+,FALSE
15,,,,,,,,,TRUE
17,0.97465446409292,0.899068563741841,0.801200284820203,0.809635758707129,28,18.6899687005336,3,3+,FALSE
18,,,,,,,,,TRUE
19,,,,,,,,,TRUE
21,0.775661432997049,0.81536365713886,0.801200284820203,0.809635758707129,34,26.9288801899692,1,1-2,FALSE
22,0.851747682576309,0.882906172841882,0.813267592668092,0.809635758707129,62,25.4906765880753,2,1-2,FALSE
23,0.95007569306187,0.849226033122367,0.820749321398908,0.809635758707129,39,29.1544308153508,1,1-2,FALSE
24,0.833621590254547,0.711550959212531,0.81030031101233,0.809635758707129,35,9.409546663597,3,3+,FALSE
25,,,,,,,,,TRUE
28,,,,,,,,,TRUE
29,,,,,,,,,TRUE
30,,,,,,,,,TRUE
31,0.867429363541975,0.825106877730525,0.813267592668092,0.809635758707129,56,37.4269137540748,2,1-2,FALSE
33,,,,,,,,,TRUE
35,0.851938948101612,0.793745151766082,0.813267592668092,0.809635758707129,10,5.10152144288183,2,1-2,FALSE
36,,,,,,,,,TRUE
38,0.914642764786269,0.84602975074604,0.801200284820203,0.809635758707129,18,14.730593762105,4,3+,FALSE
39,,,,,,,,,TRUE
41,0.949671443768887,0.841989577020631,0.813267592668092,0.809635758707129,25,12.6794824909231,4,3+,FALSE
45,,,,,,,,,TRUE
46,,,,,,,,,TRUE
47,,,,,,,,,TRUE
48,,,,,,,,,TRUE
50,0.809978743721877,0.807395765257091,0.820749321398908,0.809635758707129,21,15.0082395262057,2,1-2,FALSE
54,,,,,,,,,TRUE
56,,,,,,,,,TRUE
70,,,,,,,,,TRUE
76,0.717066642050309,0.788866743486557,0.820749321398908,0.809635758707129,11,7.88688351055461,3,3+,FALSE
77,,,,,,,,,TRUE
78,,,,,,,,,TRUE
79,,,,,,,,,TRUE
80,,,,,,,,,TRUE
81,0.850171645100365,0.840194318139178,0.820749321398908,0.809635758707129,14,12.603541353154,3,3+,FALSE
82,0.9701622477742,0.904670675336302,0.820749321398908,0.809635758707129,12,6.95028116430298,2,1-2,FALSE
83,0.974092748356815,0.823254914257174,0.801200284820203,0.809635758707129,24,16.4345243667323,2,1-2,FALSE
84,0.818890659541465,0.877257016047995,0.813267592668092,0.809635758707129,20,17.0897891493238,3,3+,FALSE
85,,,,,,,,,TRUE
87,,,,,,,,,TRUE
91,,,,,,,,,TRUE
92,,,,,,,,,TRUE
95,,,,,,,,,TRUE
97,,,,,,,,,TRUE
101,,,,,,,,,TRUE
105,,,,,,,,,TRUE
109,,,,,,,,,TRUE
127,,,,,,,,,TRUE
129,,,,,,,,,TRUE
131,,,,,,,,,TRUE
133,,,,,,,,,TRUE
135,,,,,,,,,TRUE
148,,,,,,,,,TRUE
154,,,,,,,,,TRUE
156,,,,,,,,,TRUE
158,,,,,,,,,TRUE
159,,,,,,,,,TRUE
179,,,,,,,,,TRUE
182,,,,,,,,,TRUE
188,,,,,,,,,TRUE
191,,,,,,,,,TRUE
199,,,,,,,,,TRUE
201,,,,,,,,,TRUE
221,0.916498242540966,0.808342500515543,0.820749321398908,0.809635758707129,12,8.64400226472291,1,1-2,FALSE
222,,,,,,,,,TRUE
224,,,,,,,,,TRUE
225,,,,,,,,,TRUE
229,0.902733543996993,0.917997851144802,0.801200284820203,0.809635758707129,17,11.9715845955692,0,0,FALSE
231,,,,,,,,,TRUE
234,,,,,,,,,TRUE
235,,,,,,,,,TRUE
237,0.910785136192534,0.914528884060324,0.801938453902787,0.809635758707129,10,6.933898319322,2,1-2,FALSE
241,,,,,,,,,TRUE
242,,,,,,,,,TRUE
244,,,,,,,,,TRUE
259,0.904810214671113,0.900590242848262,0.801938453902787,0.809635758707129,40,23.033771691141,2,1-2,FALSE
260,,,,,,,,,TRUE
262,0.92130313082185,0.816467856835593,0.81030031101233,0.809635758707129,51,37.6903018679014,0,0,FALSE
273,,,,,,,,,TRUE
275,,,,,,,,,TRUE
276,0.900030372312472,0.64103429979215,0.801200284820203,0.809635758707129,27,4.75124417292491,4,3+,FALSE
277,0.593615640855534,0.656097036203776,0.813267592668092,0.809635758707129,12,5.75259194608367,5,3+,FALSE
278,0.894316425457548,0.789408206578662,0.820749321398908,0.809635758707129,13,7.70364785205929,4,3+,FALSE
279,0.700466847356797,0.718945746557323,0.801938453902787,0.809635758707129,106,13.612383600551,6,3+,FALSE
280,0.957302163092249,0.825229566987766,0.820749321398908,0.809635758707129,19,9.78049730809282,2,1-2,FALSE
281,0.859468559368214,0.859140851126708,0.801200284820203,0.809635758707129,32,19.1776788466818,4,3+,FALSE
282,0.871813116595173,0.878017615654904,0.801938453902787,0.809635758707129,12,2.70532907107539,4,3+,FALSE
283,,,,,,,,,TRUE
284,,,,,,,,,TRUE
285,0.515504688382809,0.701449708356349,0.801200284820203,0.809635758707129,25,7.95111850151241,5,3+,FALSE
286,0.835161397162241,0.795785954520488,0.820749321398908,0.809635758707129,16,4.7454221689899,4,3+,FALSE
287,0.611716213940533,0.744778725033953,0.81030031101233,0.809635758707129,14,7.29587198997743,5,3+,FALSE
288,0.770353944957224,0.852815142227987,0.801938453902787,0.809635758707129,55,23.6052894224476,7,3+,FALSE
289,0.823758792803524,0.840568503524672,0.801200284820203,0.809635758707129,17,6.19260476481191,4,3+,FALSE
290,0.894931226629517,0.86459544713569,0.820749321398908,0.809635758707129,22,12.398719878751,2,1-2,FALSE
291,,,,,,,,,TRUE
292,0.956873592522231,0.752767140322383,0.801938453902787,0.809635758707129,12,9.34029235570893,2,1-2,FALSE
293,0.785227879506466,0.924519315589463,0.801200284820203,0.809635758707129,13,10.3077904096986,1,1-2,FALSE
299,,,,,,,,,TRUE
303,,,,,,,,,TRUE
305,0.863256343282944,0.814233917121343,0.801938453902787,0.809635758707129,26,9.46886522879449,4,3+,FALSE
308,,,,,,,,,TRUE
309,,,,,,,,,TRUE
312,0.917228751575532,0.846659799397311,0.81030031101233,0.809635758707129,56,41.7985503548724,3,3+,FALSE
314,,,,,,,,,TRUE
316,1,0.86981620556828,0.820749321398908,0.809635758707129,26,18.0028457585651,5,3+,FALSE
321,,,,,,,,,TRUE
322,,,,,,,,,TRUE
326,,,,,,,,,TRUE
327,,,,,,,,,TRUE
331,,,,,,,,,TRUE
332,0.742370467868927,0.803136173075074,0.813267592668092,0.809635758707129,134,79.6096279920219,4,3+,FALSE
334,0.5765473080767,0.8099980504489,0.81030031101233,0.809635758707129,17,6.61846066000872,2,1-2,FALSE
336,0.91601233215407,0.897680822517572,0.813267592668092,0.809635758707129,10,8.05257624231491,4,3+,FALSE
338,0.568525010035273,0.741359736297235,0.801938453902787,0.809635758707129,11,9.54619677102392,1,1-2,FALSE
339,0.833311191721514,0.872164365584036,0.813267592668092,0.809635758707129,10,7.87956026595831,1,1-2,FALSE
340,,,,,,,,,TRUE
341,,,,,,,,,TRUE
342,0.710288916792526,0.80283318019078,0.820749321398908,0.809635758707129,19,14.9691630942226,5,3+,FALSE
343,,,,,,,,,TRUE
345,0.82922137928521,0.831631716642322,0.820749321398908,0.809635758707129,14,9.98823700025153,5,3+,FALSE
347,0.894275629547533,0.837427660628233,0.801200284820203,0.809635758707129,37,27.0269589976705,5,3+,FALSE
348,0.788127747976672,0.843623325474882,0.801200284820203,0.809635758707129,13,10.5222846211534,9,3+,FALSE
349,,,,,,,,,TRUE
350,,,,,,,,,TRUE
351,,,,,,,,,TRUE
352,,,,,,,,,TRUE
353,,,,,,,,,TRUE
354,,,,,,,,,TRUE
355,,,,,,,,,TRUE
356,,,,,,,,,TRUE
357,,,,,,,,,TRUE
359,0.594539083708576,0.849627845312585,0.813267592668092,0.809635758707129,18,5.75989096580002,1,1-2,FALSE
360,0.88171869450862,0.79491647651888,0.81030031101233,0.809635758707129,14,10.2639251617562,5,3+,FALSE
361,,,,,,,,,TRUE
363,,,,,,,,,TRUE
364,,,,,,,,,TRUE
365,,,,,,,,,TRUE
366,,,,,,,,,TRUE
367,0.958678699717574,0.846744169649729,0.81030031101233,0.809635758707129,11,8.06051496605451,5,3+,FALSE
368,1,0.846383744644135,0.801200284820203,0.809635758707129,13,10.9118413827888,4,3+,FALSE
370,,,,,,,,,TRUE
371,,,,,,,,,TRUE
373,0.714816208987634,0.800384919947014,0.813267592668092,0.809635758707129,23,17.1985097980071,3,3+,FALSE
374,,,,,,,,,TRUE
375,0.489318756989895,0.779861449204973,0.813267592668092,0.809635758707129,41,10.8883439096012,3,3+,FALSE
376,,,,,,,,,TRUE
378,,,,,,,,,TRUE
385,,,,,,,,,TRUE
388,,,,,,,,,TRUE
389,,,,,,,,,TRUE
392,,,,,,,,,TRUE
393,,,,,,,,,TRUE
395,,,,,,,,,TRUE
398,,,,,,,,,TRUE
399,,,,,,,,,TRUE
402,,,,,,,,,TRUE
404,0.483748042350368,0.714964315086283,0.81030031101233,0.809635758707129,24,15.1604404548338,3,3+,FALSE
412,,,,,,,,,TRUE
415,,,,,,,,,TRUE
423,,,,,,,,,TRUE
427,,,,,,,,,TRUE
435,,,,,,,,,TRUE
437,,,,,,,,,TRUE
440,,,,,,,,,TRUE
450,,,,,,,,,TRUE
455,,,,,,,,,TRUE
463,,,,,,,,,TRUE
466,,,,,,,,,TRUE
468,,,,,,,,,TRUE
474,,,,,,,,,TRUE
475,,,,,,,,,TRUE
477,1,0.809168976027776,0.813267592668092,0.809635758707129,11,9.05744291737992,0,0,FALSE
482,,,,,,,,,TRUE
488,,,,,,,,,TRUE
491,,,,,,,,,TRUE
492,0.965463773545537,0.820991854199925,0.801938453902787,0.809635758707129,11,8.46214819855142,2,1-2,FALSE
495,,,,,,,,,TRUE
498,,,,,,,,,TRUE
501,,,,,,,,,TRUE
503,,,,,,,,,TRUE
504,,,,,,,,,TRUE
506,,,,,,,,,TRUE
507,,,,,,,,,TRUE
510,,,,,,,,,TRUE
523,0.88792215005417,0.886273318395411,0.820749321398908,0.809635758707129,10,8.33705726792962,1,1-2,FALSE
527,,,,,,,,,TRUE
532,,,,,,,,,TRUE
543,,,,,,,,,TRUE
549,0.69530509321722,0.830144290916575,0.801200284820203,0.809635758707129,11,9.36051679892943,1,1-2,FALSE
559,,,,,,,,,TRUE
570,0.816284698894901,0.870033413876927,0.801938453902787,0.809635758707129,10,8.83127816172765,4,3+,FALSE
580,0.868060387476581,0.83739495357974,0.81030031101233,0.809635758707129,14,11.080772003415,4,3+,FALSE
588,,,,,,,,,TRUE
591,,,,,,,,,TRUE
596,,,,,,,,,TRUE
597,0.858088170176967,0.872370833179068,0.801200284820203,0.809635758707129,23,13.9383986666931,2,1-2,FALSE
603,,,,,,,,,TRUE
607,,,,,,,,,TRUE
616,,,,,,,,,TRUE
634,,,,,,,,,TRUE
640,,,,,,,,,TRUE
647,,,,,,,,,TRUE
662,,,,,,,,,TRUE
666,0.355071292496227,0.680201103856111,0.81030031101233,0.809635758707129,10,8.43494094861208,2,1-2,FALSE
671,,,,,,,,,TRUE
677,,,,,,,,,TRUE
678,,,,,,,,,TRUE
681,0.662001358636449,0.632719854772795,0.820749321398908,0.809635758707129,12,5.98086500519967,3,3+,FALSE
682,,,,,,,,,TRUE
683,,,,,,,,,TRUE
688,,,,,,,,,TRUE
692,0.811657326085367,0.778579297988962,0.820749321398908,0.809635758707129,10,6.35632505111522,3,3+,FALSE
694,,,,,,,,,TRUE
695,,,,,,,,,TRUE
698,0.97390884316583,0.752098475825569,0.801938453902787,0.809635758707129,23,9.25679329025253,5,3+,FALSE
699,,,,,,,,,TRUE
705,,,,,,,,,TRUE
707,,,,,,,,,TRUE
708,,,,,,,,,TRUE
709,,,,,,,,,TRUE
710,,,,,,,,,TRUE
713,,,,,,,,,TRUE
718,,,,,,,,,TRUE
719,,,,,,,,,TRUE
720,0.878873471302349,0.675871257141097,0.801938453902787,0.809635758707129,15,10.7672683763615,3,3+,FALSE
724,,,,,,,,,TRUE
725,,,,,,,,,TRUE
726,,,,,,,,,TRUE
734,,,,,,,,,TRUE
736,0.717260512929789,0.764001465303796,0.813267592668092,0.809635758707129,16,11.5083993964787,3,3+,FALSE
738,0.913693806944113,0.829285614393869,0.81030031101233,0.809635758707129,13,10.1423283183971,4,3+,FALSE
743,1,0.824369217457842,0.801200284820203,0.809635758707129,12,7.64278067208616,6,3+,FALSE
749,,,,,,,,,TRUE
750,,,,,,,,,TRUE
751,,,,,,,,,TRUE
759,,,,,,,,,TRUE
760,,,,,,,,,TRUE
761,,,,,,,,,TRUE
766,,,,,,,,,TRUE
770,0.672742112645846,0.62146918918517,0.820749321398908,0.809635758707129,25,9.16484619405487,7,3+,FALSE
771,,,,,,,,,TRUE
774,,,,,,,,,TRUE
776,,,,,,,,,TRUE
777,,,,,,,,,TRUE
778,,,,,,,,,TRUE
788,0.645231765913742,0.751158627033525,0.813267592668092,0.809635758707129,39,13.3127290040931,5,3+,FALSE
789,0.894987981241736,0.768571161717998,0.813267592668092,0.809635758707129,10,8.30119425998884,2,1-2,FALSE
792,,,,,,,,,TRUE
793,,,,,,,,,TRUE
795,,,,,,,,,TRUE
802,,,,,,,,,TRUE
809,,,,,,,,,TRUE
819,,,,,,,,,TRUE
821,,,,,,,,,TRUE
824,,,,,,,,,TRUE
828,,,,,,,,,TRUE
837,,,,,,,,,TRUE
839,,,,,,,,,TRUE
850,,,,,,,,,TRUE
851,0.723874981410205,0.760222688400255,0.820749321398908,0.809635758707129,12,9.09851891441286,0,0,FALSE
852,1,0.874082319206874,0.801938453902787,0.809635758707129,15,13.1594818336346,2,1-2,FALSE
854,,,,,,,,,TRUE
858,0.803800299671241,0.795862648079951,0.820749321398908,0.809635758707129,15,10.7352648633999,0,0,FALSE
867,,,,,,,,,TRUE
873,,,,,,,,,TRUE
877,,,,,,,,,TRUE
883,,,,,,,,,TRUE
885,,,,,,,,,TRUE
886,,,,,,,,,TRUE
889,,,,,,,,,TRUE
892,,,,,,,,,TRUE
894,,,,,,,,,TRUE
902,,,,,,,,,TRUE
906,,,,,,,,,TRUE
910,0.831403839015571,0.722938132227084,0.813267592668092,0.809635758707129,15,10.6887709692132,2,1-2,FALSE
911,,,,,,,,,TRUE
915,,,,,,,,,TRUE
916,,,,,,,,,TRUE
917,,,,,,,,,TRUE
919,,,,,,,,,TRUE
921,,,,,,,,,TRUE
926,,,,,,,,,TRUE
928,0.931540976961542,0.827428510635585,0.801938453902787,0.809635758707129,10,7.18866308967126,3,3+,FALSE
931,,,,,,,,,TRUE
933,0.848690802818974,0.767083449496241,0.801200284820203,0.809635758707129,21,11.8462722935779,2,1-2,FALSE
934,,,,,,,,,TRUE
935,,,,,,,,,TRUE
936,,,,,,,,,TRUE
937,,,,,,,,,TRUE
938,,,,,,,,,TRUE
939,0.844699269962819,0.787734502925637,0.801200284820203,0.809635758707129,25,16.5895833322511,3,3+,FALSE
940,,,,,,,,,TRUE
941,0.618016460717659,0.701844100920705,0.81030031101233,0.809635758707129,10,6.49105219330292,6,3+,FALSE
943,,,,,,,,,TRUE
948,,,,,,,,,TRUE
949,0.908636787241084,0.890205525382566,0.801938453902787,0.809635758707129,38,27.4298787726551,2,1-2,FALSE
952,,,,,,,,,TRUE
953,,,,,,,,,TRUE
954,,,,,,,,,TRUE
956,0.965470938886615,0.904256485674586,0.801200284820203,0.809635758707129,16,10.4013286155942,2,1-2,FALSE
957,,,,,,,,,TRUE
958,0.75406682530842,0.898517772310372,0.801938453902787,0.809635758707129,10,9.20957023411859,2,1-2,FALSE
959,,,,,,,,,TRUE
960,,,,,,,,,TRUE
963,,,,,,,,,TRUE
964,,,,,,,,,TRUE
966,0.851725687855411,0.878004963255823,0.813267592668092,0.809635758707129,12,8.28971702905151,5,3+,FALSE
967,,,,,,,,,TRUE
971,,,,,,,,,TRUE
972,,,,,,,,,TRUE
973,,,,,,,,,TRUE
974,,,,,,,,,TRUE
975,0.822484616077723,0.76361657442797,0.813267592668092,0.809635758707129,17,12.2993353258704,4,3+,FALSE
978,,,,,,,,,TRUE
980,0.691499290715129,0.929187333039586,0.820749321398908,0.809635758707129,63,16.5993860457491,5,3+,FALSE
981,0.84651611630193,0.88958715876441,0.820749321398908,0.809635758707129,26,7.20502572322265,1,1-2,FALSE
982,,,,,,,,,TRUE
985,0.900125731396448,0.856971476953313,0.820749321398908,0.809635758707129,31,21.4221393327718,3,3+,FALSE
986,0.899667384067622,0.73068824006025,0.801938453902787,0.809635758707129,19,10.9635892052913,0,0,FALSE
990,0.919074653907635,0.936140867524746,0.820749321398908,0.809635758707129,53,31.467931292913,2,1-2,FALSE
995,,,,,,,,,TRUE
996,0.666363077163706,0.736075860220671,0.801200284820203,0.809635758707129,11,8.160382636144,4,3+,FALSE
998,0.955990685019473,0.826440231577556,0.813267592668092,0.809635758707129,31,22.126732527723,4,3+,FALSE
1031,,,,,,,,,TRUE
1056,,,,,,,,,TRUE
1062,,,,,,,,,TRUE
1077,,,,,,,,,TRUE
1086,,,,,,,,,TRUE
1113,,,,,,,,,TRUE
1126,,,,,,,,,TRUE
1139,0.795120614648962,0.821826482921542,0.813267592668092,0.809635758707129,10,8.78855667209417,0,0,FALSE
1175,,,,,,,,,TRUE
1188,,,,,,,,,TRUE
1192,1,0.854523185548651,0.801938453902787,0.809635758707129,10,8.64142185340583,0,0,FALSE
1193,,,,,,,,,TRUE
1224,,,,,,,,,TRUE
1248,,,,,,,,,TRUE
1276,,,,,,,,,TRUE
1346,,,,,,,,,TRUE
1356,,,,,,,,,TRUE
1374,,,,,,,,,TRUE
1433,,,,,,,,,TRUE
1474,,,,,,,,,TRUE
1475,,,,,,,,,TRUE
1483,,,,,,,,,TRUE
1500,,,,,,,,,TRUE
1512,,,,,,,,,TRUE
1515,,,,,,,,,TRUE
1517,,,,,,,,,TRUE
1520,,,,,,,,,TRUE
1531,,,,,,,,,TRUE
1565,,,,,,,,,TRUE
1566,,,,,,,,,TRUE
1569,,,,,,,,,TRUE
1592,1,0.750953876046547,0.801200284820203,0.809635758707129,12,9.68079857238279,1,1-2,FALSE
1598,,,,,,,,,TRUE
1602,,,,,,,,,TRUE
1608,,,,,,,,,TRUE
1620,,,,,,,,,TRUE
1623,,,,,,,,,TRUE
1626,,,,,,,,,TRUE
1629,,,,,,,,,TRUE
1632,,,,,,,,,TRUE
1640,,,,,,,,,TRUE
1654,,,,,,,,,TRUE
1666,,,,,,,,,TRUE
1678,,,,,,,,,TRUE
1695,,,,,,,,,TRUE
1722,,,,,,,,,TRUE
1735,,,,,,,,,TRUE
1751,,,,,,,,,TRUE
1756,,,,,,,,,TRUE
1757,0.923898606355655,0.809344410114243,0.813267592668092,0.809635758707129,17,13.6296613335916,6,3+,FALSE
1758,,,,,,,,,TRUE
1763,,,,,,,,,TRUE
1774,0.798673859410935,0.753180976302216,0.813267592668092,0.809635758707129,12,8.88347856610641,1,1-2,FALSE
1780,,,,,,,,,TRUE
1785,,,,,,,,,TRUE
1792,,,,,,,,,TRUE
1798,,,,,,,,,TRUE
1800,,,,,,,,,TRUE
1803,,,,,,,,,TRUE
1805,,,,,,,,,TRUE
1807,,,,,,,,,TRUE
1808,,,,,,,,,TRUE
1810,0.823563565839112,0.849542934010446,0.801200284820203,0.809635758707129,22,18.1711655021458,4,3+,FALSE
1812,,,,,,,,,TRUE
1814,,,,,,,,,TRUE
1815,0.97800301049412,0.788248874689927,0.820749321398908,0.809635758707129,64,14.5477096265726,5,3+,FALSE
1817,,,,,,,,,TRUE
1819,0.777481794844107,0.751767239412291,0.801938453902787,0.809635758707129,12,9.77103205714981,6,3+,FALSE
1821,,,,,,,,,TRUE
1823,0.69674556256101,0.824439776841871,0.801200284820203,0.809635758707129,17,7.55745076014407,3,3+,FALSE
1824,0.785499839929138,0.794693474528031,0.813267592668092,0.809635758707129,31,17.589495107605,1,1-2,FALSE
1825,0.752320568084269,0.817482127464576,0.813267592668092,0.809635758707129,20,16.0811212129102,0,0,FALSE
1827,0.566560476251625,0.793983407336197,0.801938453902787,0.809635758707129,11,9.10863611233361,3,3+,FALSE
1829,,,,,,,,,TRUE
1830,,,,,,,,,TRUE
1831,,,,,,,,,TRUE
1832,,,,,,,,,TRUE
1833,,,,,,,,,TRUE
1834,,,,,,,,,TRUE
1839,0.709340072731385,0.841258263945547,0.81030031101233,0.809635758707129,21,12.6406912667384,0,0,FALSE
1846,,,,,,,,,TRUE
1848,1,0.898978514332585,0.801938453902787,0.809635758707129,11,8.66262480077431,1,1-2,FALSE
1853,0.719407634097186,0.782235439534659,0.801200284820203,0.809635758707129,12,8.04265066854288,2,1-2,FALSE
1856,0.994292064192987,0.861095795786636,0.813267592668092,0.809635758707129,37,16.8858795149405,1,1-2,FALSE
1865,,,,,,,,,TRUE
1869,,,,,,,,,TRUE
1876,,,,,,,,,TRUE
1882,0.892513565985402,0.749681805031479,0.81030031101233,0.809635758707129,10,8.83407649906182,0,0,FALSE
1887,,,,,,,,,TRUE
1890,,,,,,,,,TRUE
1891,1,0.862291655252772,0.813267592668092,0.809635758707129,11,8.01752769955259,2,1-2,FALSE
1892,,,,,,,,,TRUE
1894,1,0.932736999401737,0.801938453902787,0.809635758707129,12,8.0728020764953,1,1-2,FALSE
1897,0.956421610419207,0.904840981393797,0.813267592668092,0.809635758707129,33,20.218885431545,1,1-2,FALSE
1898,,,,,,,,,TRUE
1901,,,,,,,,,TRUE
1902,,,,,,,,,TRUE
1903,,,,,,,,,TRUE
1904,0.870831801738863,0.853256576019494,0.820749321398908,0.809635758707129,31,16.5587293696915,0,0,FALSE
1905,,,,,,,,,TRUE
1907,0.861918039630971,0.87837935577168,0.813267592668092,0.809635758707129,19,12.353677337959,3,3+,FALSE
1908,0.876574270778108,0.875259453510576,0.801938453902787,0.809635758707129,43,24.0576040636901,1,1-2,FALSE
1909,,,,,,,,,TRUE
1910,0.891069878527695,0.876149530072928,0.801938453902787,0.809635758707129,34,24.0507115208555,2,1-2,FALSE
1913,,,,,,,,,TRUE
1924,,,,,,,,,TRUE
1925,0.943054380090742,0.883684225008441,0.820749321398908,0.809635758707129,21,13.1722907569688,1,1-2,FALSE
1928,,,,,,,,,TRUE
1932,,,,,,,,,TRUE
1933,,,,,,,,,TRUE
1935,1,0.897572758568596,0.813267592668092,0.809635758707129,13,11.2691825885469,2,1-2,FALSE
1940,0.931616523734854,0.871033975661203,0.801938453902787,0.809635758707129,46,33.104445858082,0,0,FALSE
1942,,,,,,,,,TRUE
1946,,,,,,,,,TRUE
1955,,,,,,,,,TRUE
1966,0.799133683073661,0.862960891044659,0.801200284820203,0.809635758707129,17,10.9777819345474,1,1-2,FALSE
1967,0.90405034579301,0.885461588958908,0.801938453902787,0.809635758707129,16,14.2986605438019,0,0,FALSE
1968,,,,,,,,,TRUE
1971,,,,,,,,,TRUE
1983,0.755986760099915,0.754124896728642,0.801938453902787,0.809635758707129,17,15.1545706630285,3,3+,FALSE
1984,,,,,,,,,TRUE
1985,,,,,,,,,TRUE
1988,,,,,,,,,TRUE
1989,0.706160106562792,0.776298579533112,0.813267592668092,0.809635758707129,26,19.9376042870495,3,3+,FALSE
1991,0.925519489560649,0.766755901551221,0.81030031101233,0.809635758707129,33,18.9283065364399,5,3+,FALSE
1992,0.855530771225887,0.796057087874484,0.801938453902787,0.809635758707129,18,12.0553687709971,2,1-2,FALSE
1993,0.74959630072346,0.847040937496591,0.801200284820203,0.809635758707129,12,8.57627160459324,5,3+,FALSE
1994,0.856598674260022,0.776362155686033,0.81030031101233,0.809635758707129,22,16.6549892539781,1,1-2,FALSE
1995,,,,,,,,,TRUE
1996,,,,,,,,,TRUE
1997,,,,,,,,,TRUE
1998,0.793742599482799,0.636560178788259,0.801938453902787,0.809635758707129,16,10.6852127246667,2,1-2,FALSE
1999,,,,,,,,,TRUE
2000,0.677665840240587,0.76899815092703,0.801200284820203,0.809635758707129,24,8.14390451752664,2,1-2,FALSE
2001,,,,,,,,,TRUE
2010,0.739719042213928,0.727355068936183,0.813267592668092,0.809635758707129,15,10.099551445385,3,3+,FALSE
2012,,,,,,,,,TRUE
2014,1,0.796289196759056,0.801200284820203,0.809635758707129,10,8.11781447221658,1,1-2,FALSE
2015,,,,,,,,,TRUE
2016,,,,,,,,,TRUE
2020,0.807348880009154,0.718055353330869,0.81030031101233,0.809635758707129,21,12.939784438971,0,0,FALSE
2023,,,,,,,,,TRUE
2026,,,,,,,,,TRUE
2030,,,,,,,,,TRUE
2032,,,,,,,,,TRUE
2038,,,,,,,,,TRUE
2042,,,,,,,,,TRUE
2043,,,,,,,,,TRUE
2046,0.712219747919537,0.831693611198724,0.81030031101233,0.809635758707129,12,10.1601637127179,3,3+,FALSE
2048,,,,,,,,,TRUE
2051,,,,,,,,,TRUE
2056,,,,,,,,,TRUE
2057,,,,,,,,,TRUE
2058,,,,,,,,,TRUE
2059,,,,,,,,,TRUE
2062,,,,,,,,,TRUE
2066,,,,,,,,,TRUE
2067,,,,,,,,,TRUE
2068,,,,,,,,,TRUE
2072,,,,,,,,,TRUE
2073,,,,,,,,,TRUE
2076,0.59467236160078,0.725234144795015,0.81030031101233,0.809635758707129,10,9.16665937589012,1,1-2,FALSE
2077,0.580132268927625,0.712770953340205,0.801938453902787,0.809635758707129,13,9.47329861593475,3,3+,FALSE
2078,,,,,,,,,TRUE
2079,,,,,,,,,TRUE
2080,,,,,,,,,TRUE
2081,,,,,,,,,TRUE
2084,,,,,,,,,TRUE
2085,,,,,,,,,TRUE
2088,1,0.771706228553397,0.813267592668092,0.809635758707129,10,7.61932431719569,2,1-2,FALSE
2089,,,,,,,,,TRUE
2091,,,,,,,,,TRUE
2096,,,,,,,,,TRUE
2100,,,,,,,,,TRUE
2112,,,,,,,,,TRUE
2113,,,,,,,,,TRUE
2118,,,,,,,,,TRUE
2123,,,,,,,,,TRUE
2127,,,,,,,,,TRUE
2134,,,,,,,,,TRUE
2155,,,,,,,,,TRUE
2157,,,,,,,,,TRUE
2163,,,,,,,,,TRUE
2166,,,,,,,,,TRUE
2168,,,,,,,,,TRUE
2169,,,,,,,,,TRUE
2187,,,,,,,,,TRUE
2202,,,,,,,,,TRUE
2205,,,,,,,,,TRUE
2214,,,,,,,,,TRUE
2222,,,,,,,,,TRUE
2227,,,,,,,,,TRUE
2229,,,,,,,,,TRUE
2233,,,,,,,,,TRUE
2243,,,,,,,,,TRUE
2250,,,,,,,,,TRUE
2277,,,,,,,,,TRUE
2280,1,0.846606985360639,0.801938453902787,0.809635758707129,15,13.6567616460866,3,3+,FALSE
2281,,,,,,,,,TRUE
2288,,,,,,,,,TRUE
2291,,,,,,,,,TRUE
2298,,,,,,,,,TRUE
2299,,,,,,,,,TRUE
2303,,,,,,,,,TRUE
2307,,,,,,,,,TRUE
2311,,,,,,,,,TRUE
2314,0.982796094970634,0.856772433336591,0.81030031101233,0.809635758707129,11,7.43938826425329,0,0,FALSE
2318,,,,,,,,,TRUE
2333,,,,,,,,,TRUE
2335,,,,,,,,,TRUE
2348,0.958914855934615,0.857592912125505,0.801200284820203,0.809635758707129,39,13.7601740043971,2,1-2,FALSE
2349,,,,,,,,,TRUE
2363,,,,,,,,,TRUE
2365,,,,,,,,,TRUE
2374,,,,,,,,,TRUE
2376,,,,,,,,,TRUE
2378,,,,,,,,,TRUE
2383,,,,,,,,,TRUE
2385,,,,,,,,,TRUE
2387,,,,,,,,,TRUE
2404,,,,,,,,,TRUE
2408,,,,,,,,,TRUE
2409,,,,,,,,,TRUE
2410,,,,,,,,,TRUE
2414,,,,,,,,,TRUE
2422,,,,,,,,,TRUE
2425,,,,,,,,,TRUE
2426,,,,,,,,,TRUE
2428,,,,,,,,,TRUE
2430,,,,,,,,,TRUE
2431,0.856835637092224,0.770812527603735,0.813267592668092,0.809635758707129,14,9.97086981259958,5,3+,FALSE
2433,,,,,,,,,TRUE
2436,,,,,,,,,TRUE
2439,,,,,,,,,TRUE
2441,,,,,,,,,TRUE
2451,0.872852288918161,0.865138969415344,0.801200284820203,0.809635758707129,20,13.0583912102155,3,3+,FALSE
2455,0.667502495382543,0.832192995143879,0.81030031101233,0.809635758707129,12,7.62152779601559,3,3+,FALSE
2463,1,0.804145420993186,0.81030031101233,0.809635758707129,11,8.47881548125696,1,1-2,FALSE
2464,,,,,,,,,TRUE
2466,,,,,,,,,TRUE
2467,,,,,,,,,TRUE
2468,,,,,,,,,TRUE
2469,,,,,,,,,TRUE
2471,,,,,,,,,TRUE
2473,,,,,,,,,TRUE
