muni_id,prevalencia,ci_l,ci_u,n,cv_pct,suprimir_privacidad
01_001,0.802731621640098,0.751443702728892,0.854019540551305,121,3.25978258007058,FALSE
01_002,0.716721899334667,0.417694737575055,1.01574906109428,10,21.2864820497891,FALSE
01_004,,,,,,TRUE
01_005,,,,,,TRUE
01_006,,,,,,TRUE
01_009,0.799516916921446,0.678667424670936,0.920366409171956,24,7.71189488358281,FALSE
02_001,0.579507941169547,0.464460843308492,0.694555039030602,18,10.1288515201776,FALSE
02_002,0.513593180247007,0.302269110049825,0.724917250444189,46,20.9929584948876,FALSE
02_003,,,,,,TRUE
02_004,0.797956657559792,0.654565620049882,0.941347695069701,65,9.1682539288313,FALSE
02_005,,,,,,TRUE
02_006,,,,,,TRUE
03_001,0.820972839753599,0.702777948211997,0.939167731295201,46,7.34537285189034,FALSE
03_002,0.566081485329404,0.100033410950802,1.03212955970801,13,42.0044880370247,FALSE
03_003,0.639885806371152,0.535462291052182,0.744309321690122,89,8.32606430767834,FALSE
03_008,0.545019734012009,0.423757722713276,0.666281745310742,56,11.3515840346132,FALSE
04_001,0.401131972474088,0.364697676953621,0.437566267994556,14,4.63411733831651,FALSE
04_002,0.63324955799919,0.513586976661216,0.752912139337164,89,9.64111804676722,FALSE
04_003,0.704605975880967,0.60704756961371,0.802164382148223,45,7.0641888912307,FALSE
04_004,0.413736074119365,0.336720053841151,0.490752094397579,17,9.49733183906788,FALSE
04_006,,,,,,TRUE
04_007,,,,,,TRUE
04_008,,,,,,TRUE
04_009,0.922845169489744,0.791567075061355,1.05412326391813,12,7.25783932350801,FALSE
04_011,,,,,,TRUE
04_012,,,,,,TRUE
05_002,0.556951117173307,0.544198211899176,0.569704022447439,13,1.16825052018198,FALSE
05_017,0.584201876091527,0.313557285578666,0.854846466604387,23,23.6363456542248,FALSE
05_018,,,,,,TRUE
05_024,0.741590715839581,0.450662753788308,1.03251867789086,10,20.0154385066139,FALSE
05_025,,,,,,TRUE
05_026,,,,,,TRUE
05_027,,,,,,TRUE
05_030,0.529398815985926,0.338282734692495,0.720514897279356,35,18.4186669477059,FALSE
05_033,,,,,,TRUE
05_035,0.635769127359711,0.482552790893212,0.78898546382621,37,12.2955955037718,FALSE
05_038,,,,,,TRUE
06_001,,,,,,TRUE
06_002,0.754291470130659,0.36235014953255,1.14623279072877,13,26.5109800983178,FALSE
06_003,0.744794263336729,0.434328056236328,1.05526047043713,16,21.267769351765,FALSE
06_004,,,,,,TRUE
06_005,,,,,,TRUE
06_007,0.749016708687732,0.562929009198562,0.935104408176902,32,12.6756456457886,FALSE
06_008,,,,,,TRUE
06_009,0.624375661045585,0.307554190788183,0.941197131302986,28,25.8888386205661,FALSE
06_010,0.396820603763407,0.0736369822803316,0.720004225246482,24,41.5526817997077,FALSE
07_008,,,,,,TRUE
07_013,,,,,,TRUE
07_019,,,,,,TRUE
07_020,,,,,,TRUE
07_022,,,,,,TRUE
07_027,,,,,,TRUE
07_031,,,,,,TRUE
07_039,0.658045185375784,0.658045185375784,0.658045185375784,11,8.60792436864092e-15,FALSE
07_040,,,,,,TRUE
07_046,,,,,,TRUE
07_051,,,,,,TRUE
07_052,,,,,,TRUE
07_057,,,,,,TRUE
07_058,,,,,,TRUE
07_061,,,,,,TRUE
07_076,,,,,,TRUE
07_078,,,,,,TRUE
07_083,,,,,,TRUE
07_087,,,,,,TRUE
07_089,,,,,,TRUE
07_094,,,,,,TRUE
07_099,0.441615491188711,0.406138637845029,0.477092344532393,14,4.09868669477786,FALSE
07_101,0.644222734223693,0.514121153560956,0.774324314886429,14,10.3036347453611,FALSE
07_103,,,,,,TRUE
07_107,,,,,,TRUE
07_108,,,,,,TRUE
07_115,,,,,,TRUE
08_002,0.721822422396924,0.721822422396924,0.721822422396924,13,0,FALSE
08_004,,,,,,TRUE
08_006,,,,,,TRUE
08_011,0.632278066459631,0.59549756933668,0.669058563582583,15,2.96792831383249,FALSE
08_013,,,,,,TRUE
08_017,,,,,,TRUE
08_019,0.624551545716288,0.452543171910531,0.796559919522045,57,14.0515822901443,FALSE
08_021,0.690112083147073,0.348377751977319,1.03184641431683,20,25.2646280009643,FALSE
08_023,,,,,,TRUE
08_025,,,,,,TRUE
08_031,,,,,,TRUE
08_032,,,,,,TRUE
08_036,0.923277000535341,0.923277000535341,0.923277000535341,10,6.13510699776846e-15,FALSE
08_037,0.712218082233338,0.55015622139687,0.874279943069806,69,11.609452910332,FALSE
08_050,0.64784119649513,0.533469276071461,0.762213116918799,21,9.00730316935931,FALSE
08_052,,,,,,TRUE
08_055,,,,,,TRUE
08_064,,,,,,TRUE
09_002,0.896924909570956,0.7204352645801,1.07341455456181,22,10.0393841534968,FALSE
09_003,0.852858823225897,0.639979269748791,1.065738376703,17,12.7350522879433,FALSE
09_004,,,,,,TRUE
09_005,0.61885111040022,0.357579881713529,0.880122339086912,72,21.5401806749478,FALSE
09_006,0.777873679569846,0.59048986772601,0.965257491413681,34,12.2904255723729,FALSE
09_007,0.832764856542039,0.736866613529272,0.928663099554806,138,5.87532898658579,FALSE
09_008,0.876462712497037,0.704570997502604,1.04835442749147,22,10.0061135902907,FALSE
09_009,0.88894524883659,0.683867863758616,1.09402263391456,15,11.770277084474,FALSE
09_010,0.72003084975351,0.563830763416263,0.876230936090758,40,11.068125987646,FALSE
09_011,0.941953997333365,0.863299362592052,1.02060863207468,21,4.26028402639084,FALSE
09_012,0.790996796777218,0.716277447653398,0.865716145901038,41,4.81950332229287,FALSE
09_013,0.471438291682328,0.311633650747668,0.631242932616988,28,17.294517969203,FALSE
09_014,,,,,,TRUE
09_015,0.872572228466756,0.705371978925096,1.03977247800842,16,9.77641127956243,FALSE
09_016,0.720563888759749,0.454763057127914,0.986364720391583,13,18.8203532421442,FALSE
09_017,0.491382734923233,0.350652801426927,0.632112668419538,36,14.6120287455611,FALSE
10_005,0.737501303437651,0.614061430689275,0.860941176186027,75,8.53958177685598,FALSE
10_006,0.923783469102217,0.923783469102217,0.923783469102217,13,1.22634867938653e-14,FALSE
10_007,0.635259959039455,0.535628047148448,0.734891870930461,46,8.00185929938315,FALSE
10_008,0.62908198468738,0.552023828656889,0.706140140717871,17,6.24964419373414,FALSE
10_012,0.734796929432697,0.403329793369474,1.06626406549592,29,23.0153228698314,FALSE
10_013,,,,,,TRUE
10_016,0.873387964763616,0.873387964763616,0.873387964763616,10,0,FALSE
10_021,,,,,,TRUE
10_022,,,,,,TRUE
10_028,,,,,,TRUE
10_032,,,,,,TRUE
10_033,0.684563484619329,0.684563484619329,0.684563484619329,12,8.27447463110437e-15,FALSE
10_038,,,,,,TRUE
10_039,,,,,,TRUE
11_001,,,,,,TRUE
11_002,0.780937033781626,0.682216143467903,0.879657924095348,12,6.44966226490358,FALSE
11_003,0.251662254891633,0.0755795570914032,0.427744952691863,14,35.6978884899728,FALSE
11_004,0.9256581402431,0.9256581402431,0.925658140243101,13,1.22386504058084e-14,FALSE
11_005,0.659407287077511,0.592136087848778,0.726678486306244,18,5.20498348978491,FALSE
11_007,0.590758731062228,0.453401678862743,0.728115783261712,55,11.8627326162742,FALSE
11_008,,,,,,TRUE
11_009,,,,,,TRUE
11_011,,,,,,TRUE
11_012,,,,,,TRUE
11_013,0.527642078103383,0.527642078103383,0.527642078103383,11,1.07353136187012e-14,FALSE
11_014,0.925202906619334,0.90910319728849,0.941302615950177,21,0.887820104641682,FALSE
11_015,0.740195925740798,0.591816321934099,0.888575529547497,29,10.2275460942923,FALSE
11_016,0.505231766645314,0.505231766645314,0.505231766645314,11,0,FALSE
11_017,0.723169595829854,0.574560731452238,0.871778460207469,60,10.4845183770823,FALSE
11_018,0.797210713298914,0.54243296907208,1.05198845752575,11,16.3054312799923,FALSE
11_019,0.417541867856086,0.417541867856086,0.417541867856086,11,0,FALSE
11_020,0.766355689822841,0.694536152858169,0.838175226787512,179,4.78141173699817,FALSE
11_022,0.619432420440213,0.103531741707654,1.13533309917277,11,42.4928730432528,FALSE
11_023,0.731907368988433,0.50770042205941,0.956114315917457,26,15.6292045005208,FALSE
11_025,0.633222230487722,0.152799813975614,1.11364464699983,12,38.7089186087968,FALSE
11_026,,,,,,TRUE
11_027,0.396781095115677,0.128681038955705,0.664881151275648,25,34.4738558924746,FALSE
11_028,,,,,,TRUE
11_029,,,,,,TRUE
11_030,0.627717276783959,0.50997306158635,0.745461491981568,20,9.57016500967346,FALSE
11_031,,,,,,TRUE
11_032,0.702127952538385,0.345175430803369,1.0590804742734,14,25.9380975903131,FALSE
11_033,0.422712205087574,0.323549385303785,0.521875024871362,13,11.9687283194036,FALSE
11_035,,,,,,TRUE
11_037,0.838776812691139,0.623998711657998,1.05355491372428,25,13.0643410898353,FALSE
11_039,0.827923638247206,0.827923638247206,0.827923638247206,11,1.36833952436849e-14,FALSE
11_041,0.616338356173819,0.400049276864291,0.832627435483347,17,17.9043815740016,FALSE
11_042,0.595704244238025,0.54750197546463,0.64390651301142,21,4.12838997036151,FALSE
11_043,,,,,,TRUE
11_044,0.560909854717701,0.486373785815523,0.63544592361988,15,6.77980717630349,FALSE
11_046,,,,,,TRUE
12_001,0.63478636900967,0.389730743777678,0.879841994241663,39,19.6961350029398,FALSE
12_007,,,,,,TRUE
12_011,,,,,,TRUE
12_012,,,,,,TRUE
12_014,,,,,,TRUE
12_027,0.759893646850533,0.615966382255625,0.90382091144544,13,9.66349411643238,FALSE
12_029,0.528774563577564,0.301964552851653,0.755584574303475,13,21.8844477776267,FALSE
12_031,,,,,,TRUE
12_032,,,,,,TRUE
12_035,0.543924714444753,0.121162289768536,0.966687139120971,11,39.6553252504638,FALSE
12_038,,,,,,TRUE
12_039,,,,,,TRUE
12_042,,,,,,TRUE
12_051,0.413571334961718,0.332513510634564,0.494629159288871,10,9.99973386061789,FALSE
12_053,,,,,,TRUE
12_056,,,,,,TRUE
12_061,,,,,,TRUE
12_062,,,,,,TRUE
12_064,,,,,,TRUE
12_075,,,,,,TRUE
13_002,,,,,,TRUE
13_006,0.624356616234877,0.624356616234877,0.624356616234877,10,0,FALSE
13_008,,,,,,TRUE
13_010,,,,,,TRUE
13_018,,,,,,TRUE
13_024,,,,,,TRUE
13_027,,,,,,TRUE
13_028,0.556947169381245,0.0911838076909909,1.0227105310715,11,42.667308727562,FALSE
13_029,,,,,,TRUE
13_035,,,,,,TRUE
13_037,1,1,1,11,0,FALSE
13_041,0.347276755319651,0.347276755319651,0.347276755319651,10,0,FALSE
13_046,0.676426341748945,0.333220407272951,1.01963227622494,16,25.8867902981802,FALSE
13_048,0.768987183009792,0.561819213512019,0.976155152507565,13,13.7450852181455,FALSE
13_051,,,,,,TRUE
13_054,,,,,,TRUE
13_057,0.429985440624734,0.285485269048434,0.574485612201034,16,17.1458310838923,FALSE
13_061,,,,,,TRUE
13_063,,,,,,TRUE
13_069,,,,,,TRUE
13_076,0.626810799155827,0.392011772358313,0.861609825953342,20,19.1118950083189,FALSE
13_077,,,,,,TRUE
13_080,,,,,,TRUE
14_002,,,,,,TRUE
14_008,0.353806506975611,-0.261699317781966,0.969312331733189,15,88.7585665804716,FALSE
14_021,,,,,,TRUE
14_032,,,,,,TRUE
14_039,0.6945511040915,0.541578470443168,0.847523737739831,34,11.2370798355528,FALSE
14_044,,,,,,TRUE
14_046,,,,,,TRUE
14_053,,,,,,TRUE
14_058,,,,,,TRUE
14_066,,,,,,TRUE
14_067,,,,,,TRUE
14_083,,,,,,TRUE
14_093,,,,,,TRUE
14_097,,,,,,TRUE
14_098,0.622573586020408,0.507513054508494,0.737634117532321,20,9.42930348000282,FALSE
14_101,0.550144364335571,0.369596603566324,0.730692125104817,19,16.7440058366057,FALSE
14_120,0.51863159385632,0.392697567766361,0.644565619946278,18,12.3887659156627,FALSE
15_001,,,,,,TRUE
15_007,,,,,,TRUE
15_009,,,,,,TRUE
15_012,,,,,,TRUE
15_013,0.733577096976765,0.523310441151533,0.943843752801997,12,14.6240806147578,FALSE
15_020,,,,,,TRUE
15_021,0.420571788568401,0.420571788568401,0.420571788568401,10,6.73416922012803e-15,FALSE
15_024,,,,,,TRUE
15_025,0.886885507532626,0.798588213204012,0.975182801861239,13,5.07953276730267,FALSE
15_026,,,,,,TRUE
15_031,0.630510760354918,0.441919990761126,0.81910152994871,15,15.2606087722965,FALSE
15_033,0.656113992623877,0.408877758517233,0.90335022673052,55,19.2254603905403,FALSE
15_035,,,,,,TRUE
15_037,0.612780934157119,0.462394267280576,0.763167601033662,23,12.5212595540496,FALSE
15_039,0.752431051905971,0.691555728789869,0.813306375022073,19,4.12779858644419,FALSE
15_040,,,,,,TRUE
15_042,,,,,,TRUE
15_051,,,,,,TRUE
15_054,0.737671585223704,0.37494377776385,1.10039939268356,10,25.0877506460491,FALSE
15_057,,,,,,TRUE
15_058,0.952172672416352,0.862732603650157,1.04161274118255,27,4.79248034184961,FALSE
15_059,,,,,,TRUE
15_060,0.755319435919117,0.4572141535105,1.05342471832773,14,20.1364514943341,FALSE
15_067,,,,,,TRUE
15_068,,,,,,TRUE
15_070,,,,,,TRUE
15_074,,,,,,TRUE
15_081,,,,,,TRUE
15_082,,,,,,TRUE
15_084,,,,,,TRUE
15_088,,,,,,TRUE
15_092,,,,,,TRUE
15_094,,,,,,TRUE
15_095,,,,,,TRUE
15_099,,,,,,TRUE
15_100,,,,,,TRUE
15_104,0.671067168618696,0.657502635705781,0.684631701531612,12,1.03129468721518,FALSE
15_105,0.661956992663328,0.661956992663328,0.661956992663328,11,8.55705619797563e-15,FALSE
15_106,0.632212397247207,0.485518439658448,0.778906354835965,22,11.8384037134543,FALSE
15_109,0.707393818933743,0.670718469778284,0.744069168089202,34,2.64519032165457,FALSE
15_115,,,,,,TRUE
15_118,0.764905777363592,0.530532982519455,0.99927857220773,16,15.6330309028756,FALSE
15_119,,,,,,TRUE
15_120,,,,,,TRUE
15_121,0.776259351116287,0.637822249515887,0.914696452716687,15,9.09891445228304,FALSE
15_122,0.644814325533365,0.413179336374098,0.876449314692633,12,18.3279297990532,FALSE
16_006,,,,,,TRUE
16_012,,,,,,TRUE
16_015,,,,,,TRUE
16_019,0.477913597697752,0.477913597697752,0.477913597697752,12,5.92617914006853e-15,FALSE
16_023,,,,,,TRUE
16_029,,,,,,TRUE
16_033,,,,,,TRUE
16_043,,,,,,TRUE
16_047,,,,,,TRUE
16_051,,,,,,TRUE
16_052,0.866383686384913,0.866383686384912,0.866383686384913,15,6.53798458567292e-15,FALSE
16_053,0.452707044673956,0.168502619961701,0.736911469386212,28,32.0300422121076,FALSE
16_061,,,,,,TRUE
16_062,,,,,,TRUE
16_068,,,,,,TRUE
16_069,,,,,,TRUE
16_073,,,,,,TRUE
16_075,,,,,,TRUE
16_082,0.526248382014101,0.177464972551294,0.875031791476908,24,33.8149674555976,FALSE
16_088,,,,,,TRUE
16_099,,,,,,TRUE
16_102,,,,,,TRUE
16_107,,,,,,TRUE
16_112,,,,,,TRUE
17_003,,,,,,TRUE
17_004,0.81324143100447,0.698081352555404,0.928401509453536,15,7.22480924186055,FALSE
17_005,,,,,,TRUE
17_006,0.75436181190939,0.64931301647632,0.859410607342461,21,7.10485649649826,FALSE
17_007,0.646036498550742,0.436034378307552,0.856038618793933,39,16.584812025318,FALSE
17_008,0.823770875780062,0.811223195778322,0.836318555781802,13,0.777142982367043,FALSE
17_010,,,,,,TRUE
17_011,0.819281218461067,0.702949533460175,0.935612903461958,26,7.24450886621656,FALSE
17_012,,,,,,TRUE
17_015,,,,,,TRUE
17_018,,,,,,TRUE
17_019,0.897732756442076,0.84250011056955,0.952965402314601,12,3.13901004071825,FALSE
17_020,,,,,,TRUE
17_024,,,,,,TRUE
17_025,,,,,,TRUE
17_028,0.912316104706031,0.819672818617621,1.00495939079444,10,5.18098742906647,FALSE
17_029,0.509131825704689,0.123544689817443,0.894718961591934,13,38.639920080114,FALSE
17_031,,,,,,TRUE
17_032,,,,,,TRUE
17_036,,,,,,TRUE
18_002,,,,,,TRUE
18_004,,,,,,TRUE
18_006,0.67951369086802,0.666676471911004,0.692350909825037,21,0.963866011340437,FALSE
18_007,,,,,,TRUE
18_008,,,,,,TRUE
18_011,,,,,,TRUE
18_013,,,,,,TRUE
18_014,0.581071126617581,0.14676846558149,1.01537378765367,13,38.1335399702912,FALSE
18_015,0.606506845875225,0.417591091901386,0.795422599849064,15,15.8919209927585,FALSE
18_016,,,,,,TRUE
18_017,0.548527337085941,0.404612570546612,0.69244210362527,64,13.3860058252797,FALSE
18_020,0.542957660197233,0.499909163870039,0.586006156524427,11,4.04516229245283,FALSE
19_006,0.42647527404806,0.284224582604897,0.568725965491224,49,17.0178408470148,FALSE
19_007,,,,,,TRUE
19_009,0.856013799292924,0.719625436448695,0.992402162137153,11,8.1290628104126,FALSE
19_012,0.630456093289901,0.421464234689162,0.839447951890641,24,16.9129143838825,FALSE
19_018,0.455227238255245,0.231740091257201,0.678714385253288,20,25.0477223260761,FALSE
19_019,,,,,,TRUE
19_021,0.555075234524175,0.410113627149311,0.700036841899039,49,13.3243205898181,FALSE
19_026,0.747795396021134,0.61805513603947,0.877535656002798,67,8.8518879023502,FALSE
19_031,0.418179279141882,0.203032016419874,0.63332654186389,33,26.2492708433835,FALSE
19_032,0.521037261054917,0.521037261054917,0.521037261054917,14,0,FALSE
19_033,,,,,,TRUE
19_039,0.526547881433345,0.342734874817035,0.710360888049654,86,17.810753692052,FALSE
19_041,,,,,,TRUE
19_044,,,,,,TRUE
19_046,0.819985768671758,0.696591566575974,0.943379970767542,37,7.67772173181157,FALSE
19_047,,,,,,TRUE
19_048,0.410792515758373,0.100408798078753,0.721176233437993,24,38.5496408911221,FALSE
19_049,,,,,,TRUE
20_002,0.391016756571766,0.391016756571766,0.391016756571766,10,7.24317192506739e-15,FALSE
20_016,,,,,,TRUE
20_021,,,,,,TRUE
20_023,,,,,,TRUE
20_025,,,,,,TRUE
20_028,,,,,,TRUE
20_030,,,,,,TRUE
20_039,,,,,,TRUE
20_057,,,,,,TRUE
20_067,,,,,,TRUE
20_075,1,1,1,10,0,FALSE
20_076,0.865030614122105,0.865030614122105,0.865030614122105,10,6.54821123598231e-15,FALSE
20_082,,,,,,TRUE
20_107,,,,,,TRUE
20_130,,,,,,TRUE
20_134,,,,,,TRUE
20_184,0.694092517743458,0.287523816287194,1.10066121919972,11,29.8854987835703,FALSE
20_235,,,,,,TRUE
20_258,,,,,,TRUE
20_272,,,,,,TRUE
20_310,,,,,,TRUE
20_318,0.444307576568728,-0.115205152953665,1.00382030609112,11,64.2495634515911,FALSE
20_324,,,,,,TRUE
20_339,,,,,,TRUE
20_385,,,,,,TRUE
20_390,,,,,,TRUE
20_397,,,,,,TRUE
20_408,,,,,,TRUE
20_498,,,,,,TRUE
20_499,,,,,,TRUE
20_500,,,,,,TRUE
20_515,0.429085767260958,0.396280135757545,0.461891398764372,17,3.90075093854113,FALSE
20_516,,,,,,TRUE
20_545,,,,,,TRUE
21_010,,,,,,TRUE
21_019,,,,,,TRUE
21_034,,,,,,TRUE
21_041,,,,,,TRUE
21_043,,,,,,TRUE
21_055,,,,,,TRUE
21_065,0.706480088203049,0.676600010449038,0.736360165957059,12,2.15787222940326,FALSE
21_066,,,,,,TRUE
21_071,,,,,,TRUE
21_076,,,,,,TRUE
21_085,,,,,,TRUE
21_102,,,,,,TRUE
21_114,0.570033572265099,0.396386680053183,0.743680464477015,28,15.5421290043147,FALSE
21_115,,,,,,TRUE
21_119,,,,,,TRUE
21_126,,,,,,TRUE
21_132,,,,,,TRUE
21_140,0.643093182887008,0.392990949556057,0.893195416217959,10,19.8420981074703,FALSE
21_144,,,,,,TRUE
21_147,,,,,,TRUE
21_148,,,,,,TRUE
21_156,,,,,,TRUE
21_164,0.590895876920964,0.191924603063326,0.989867150778602,11,34.4488395209386,FALSE
21_177,,,,,,TRUE
21_197,0.87726078240491,0.87726078240491,0.87726078240491,13,0,FALSE
21_199,0.613756181943335,0.613756181943335,0.613756181943335,13,0,FALSE
21_207,0.298104377424923,-0.0411996426776233,0.637408397527468,17,58.0717054429318,FALSE
21_212,0.74390595787812,0.701567562192539,0.786244353563701,17,2.90375712948662,FALSE
22_001,0.650696479395107,0.477551858430113,0.823841100360101,13,13.5760827246521,FALSE
22_002,,,,,,TRUE
22_004,,,,,,TRUE
22_006,,,,,,TRUE
22_008,0.811032388572993,0.731181718966474,0.890883058179512,14,5.02324421667406,FALSE
22_011,0.460696019734415,0.222748375151623,0.698643664317207,19,26.3518359787442,FALSE
22_012,,,,,,TRUE
22_014,0.803600676199196,0.637785202200092,0.9694161501983,83,10.5275834301594,FALSE
22_016,0.491238517643271,0.314581315992049,0.667895719294493,38,18.3477520786975,FALSE
22_018,,,,,,TRUE
23_001,,,,,,TRUE
23_002,0.900247719254865,0.740501409424931,1.0599940290848,25,9.05342135922843,FALSE
23_004,0.659845176803274,0.444927833990162,0.874762519616386,26,16.6177929871548,FALSE
23_005,0.532653502131444,0.384527098815919,0.680779905446968,54,14.188341063511,FALSE
23_006,,,,,,TRUE
23_007,,,,,,TRUE
23_008,0.861265500130863,0.721852520932527,1.0006784793292,13,8.25866948214591,FALSE
23_009,,,,,,TRUE
24_003,0.561523180809298,0.404155640137178,0.718890721481417,14,14.2985301963296,FALSE
24_008,,,,,,TRUE
24_013,0.888746343580796,0.76689845457015,1.01059423259144,25,6.99494189321554,FALSE
24_020,,,,,,TRUE
24_021,0.524700904801423,0.39476292648044,0.654638883122406,16,12.6347956124738,FALSE
24_025,0.579718263717959,0.579718263717959,0.579718263717959,13,0,FALSE
24_028,0.778463712365458,0.720811568420597,0.836115856310318,45,3.77851384570797,FALSE
24_033,0.20974617066434,0.20974617066434,0.20974617066434,10,1.35029954752496e-14,FALSE
24_035,0.659128302073022,0.475367800894141,0.842888803251903,17,14.2241438350405,FALSE
24_037,0.524436444801007,0.327194220665214,0.7216786689368,28,19.1889386830408,FALSE
24_049,,,,,,TRUE
24_050,0.588597864914786,0.501320897535319,0.675874832294252,10,7.56527803510984,FALSE
24_052,,,,,,TRUE
24_053,,,,,,TRUE
25_001,0.818177882261301,0.692705589971426,0.943650174551175,40,7.82427355297956,FALSE
25_002,0.765130785187592,0.765130785187592,0.765130785187592,12,7.40318295449878e-15,FALSE
25_004,,,,,,TRUE
25_005,,,,,,TRUE
25_006,0.645229178157894,0.486086139878075,0.804372216437713,62,12.5839671301901,FALSE
25_007,,,,,,TRUE
25_008,,,,,,TRUE
25_009,0.594826688472154,0.594826688472154,0.594826688472154,13,0,FALSE
25_010,0.963159070959771,0.87842318292185,1.04789495899769,12,4.48862469774948,FALSE
25_011,0.66383305817569,0.614488556662944,0.713177559688436,49,3.79248453626552,FALSE
25_012,0.585953304475959,0.445533267780153,0.726373341171765,46,12.2267210233212,FALSE
25_015,0.696135427621675,0.349136952518413,1.04313390272494,27,25.4318385896323,FALSE
25_017,,,,,,TRUE
25_018,0.703901968278028,0.649846360557685,0.757957575998371,17,3.91807281936154,FALSE
26_002,0.495255266804185,0.216547906480765,0.773962627127606,19,28.7119880088613,FALSE
26_014,,,,,,TRUE
26_018,0.776594798558747,0.620018661908207,0.933170935209287,21,10.2866751301495,FALSE
26_019,,,,,,TRUE
26_025,,,,,,TRUE
26_029,0.423673702633368,0.058935379724026,0.788412025542709,16,43.923184261741,FALSE
26_030,0.552816477122495,0.431719106360182,0.673913847884808,85,11.1762900338125,FALSE
26_033,,,,,,TRUE
26_035,,,,,,TRUE
26_041,,,,,,TRUE
26_042,0.0447628969901857,-0.0380209220418667,0.127546716022238,10,94.3563647646677,FALSE
26_043,0.718098788336948,0.556042121262435,0.880155455411461,25,11.5140109327694,FALSE
26_047,0.538399068039729,0.538399068039729,0.538399068039729,27,0,FALSE
26_048,,,,,,TRUE
26_055,0.662350315262907,0.521340144809519,0.803360485716295,21,10.861920476097,FALSE
27_001,,,,,,TRUE
27_002,0.646484555483822,0.390937651819907,0.902031459147736,36,20.1677011758371,FALSE
27_004,0.722744899763159,0.551757869108741,0.893731930417577,47,12.0704111471031,FALSE
27_005,0.703173317417429,0.49972572521548,0.906620909619378,27,14.7616226851439,FALSE
27_006,0.522361417266159,0.411659605030958,0.633063229501359,25,10.8125360295805,FALSE
27_007,0.856370734635528,0.798066137409444,0.914675331861612,15,3.47364082862504,FALSE
27_008,0.822089912329295,0.770876664438461,0.873303160220129,26,3.17838811980239,FALSE
27_009,,,,,,TRUE
27_010,,,,,,TRUE
27_011,,,,,,TRUE
27_012,0.469964409813118,0.469964409813118,0.469964409813118,13,6.02641718030893e-15,FALSE
27_013,0.626904992425435,0.369927123009525,0.883882861841345,26,20.91403951945,FALSE
27_016,,,,,,TRUE
27_017,,,,,,TRUE
28_003,0.494658628803123,0.410850699845981,0.578466557760265,45,8.6441729583437,FALSE
28_007,,,,,,TRUE
28_009,,,,,,TRUE
28_016,,,,,,TRUE
28_017,0.340923207307876,0.340923207307876,0.340923207307876,13,0,FALSE
28_018,0.663229973835249,0.663229973835249,0.663229973835249,10,0,FALSE
28_021,,,,,,TRUE
28_022,0.643640226874945,0.478400590654546,0.808879863095344,29,13.0983013999096,FALSE
28_027,0.487571910361548,0.19149623991749,0.783647580805605,16,30.9818946338948,FALSE
28_029,,,,,,TRUE
28_032,0.667807445992916,0.448335646895929,0.887279245089904,16,16.7676189258501,FALSE
28_033,,,,,,TRUE
28_038,0.739061059342125,0.615917350170503,0.862204768513746,21,8.50111398139042,FALSE
28_041,0.299800001706503,0.188250139506181,0.411349863906824,24,18.9837207058726,FALSE
29_001,,,,,,TRUE
29_002,,,,,,TRUE
29_003,,,,,,TRUE
29_004,,,,,,TRUE
29_005,,,,,,TRUE
29_006,,,,,,TRUE
29_007,,,,,,TRUE
29_010,,,,,,TRUE
29_013,0.717080780357922,0.582743371402481,0.851418189313363,19,9.55812737454914,FALSE
29_014,0.37708836360377,0.248386046485374,0.505790680722166,13,17.4135438393913,FALSE
29_015,,,,,,TRUE
29_018,,,,,,TRUE
29_019,,,,,,TRUE
29_023,,,,,,TRUE
29_025,,,,,,TRUE
29_027,,,,,,TRUE
29_028,,,,,,TRUE
29_031,0.893828948253138,0.844105260177562,0.943552636328714,11,2.83826437480777,FALSE
29_032,,,,,,TRUE
29_033,0.910278280987716,0.750831591034058,1.06972497094137,15,8.93686619974078,FALSE
29_035,,,,,,TRUE
29_038,,,,,,TRUE
29_039,,,,,,TRUE
29_041,,,,,,TRUE
29_043,0.584513484685982,0.44281640311442,0.726210566257544,15,12.3683082199694,FALSE
29_044,,,,,,TRUE
29_048,,,,,,TRUE
29_058,,,,,,TRUE
30_008,,,,,,TRUE
30_025,,,,,,TRUE
30_026,,,,,,TRUE
30_028,,,,,,TRUE
30_032,0.381070060668176,0.315012171416645,0.447127949919707,19,8.84430665087504,FALSE
30_033,,,,,,TRUE
30_039,,,,,,TRUE
30_044,,,,,,TRUE
30_048,,,,,,TRUE
30_069,,,,,,TRUE
30_079,,,,,,TRUE
30_081,,,,,,TRUE
30_087,,,,,,TRUE
30_102,,,,,,TRUE
30_105,,,,,,TRUE
30_117,,,,,,TRUE
30_118,,,,,,TRUE
30_123,0.863272239216368,0.750327215256857,0.97621726317588,18,6.67518421263601,FALSE
30_124,,,,,,TRUE
30_131,,,,,,TRUE
30_134,,,,,,TRUE
30_141,,,,,,TRUE
30_151,0.888060100141546,0.888060100141546,0.888060100141546,11,0,FALSE
30_155,0.446844379928328,0.446844379928328,0.446844379928328,11,0,FALSE
30_159,,,,,,TRUE
30_167,0.71428841386775,0.458775103877183,0.969801723858316,20,18.2508817359584,FALSE
30_175,,,,,,TRUE
30_177,,,,,,TRUE
30_192,,,,,,TRUE
30_193,,,,,,TRUE
30_196,,,,,,TRUE
30_201,,,,,,TRUE
30_206,,,,,,TRUE
31_023,,,,,,TRUE
31_029,0.39648319060674,0.39648319060674,0.39648319060674,10,0,FALSE
31_038,0.39811725209093,0.39811725209093,0.39811725209093,11,0,FALSE
31_040,,,,,,TRUE
31_041,0.422353239994968,0.133729531452604,0.710976948537333,17,34.8658374577692,FALSE
31_048,,,,,,TRUE
31_050,0.750660808828112,0.580948999983876,0.920372617672349,57,11.5348578952411,FALSE
31_052,0.253111524550731,0.253111524550731,0.253111524550731,16,1.11895402568439e-14,FALSE
31_056,0.466072567668469,0.297868079899126,0.634277055437812,11,18.4131446822019,FALSE
31_068,0.839589582249915,0.839589582249915,0.839589582249915,10,6.7466334821398e-15,FALSE
31_069,,,,,,TRUE
31_079,0.65268414291409,0.213558608256697,1.09180967757148,11,34.3265027293321,FALSE
31_089,,,,,,TRUE
31_092,,,,,,TRUE
31_096,,,,,,TRUE
31_098,,,,,,TRUE
31_101,0.646707628748838,0.131558583991723,1.16185667350595,11,40.6414171721976,FALSE
31_102,,,,,,TRUE
31_104,,,,,,TRUE
32_005,,,,,,TRUE
32_008,,,,,,TRUE
32_010,0.62572825890902,0.472561465297861,0.778895052520179,21,12.4888595262183,FALSE
32_017,0.616815333484707,0.39656135130927,0.837069315660144,31,18.2184966231128,FALSE
32_019,,,,,,TRUE
32_020,0.845473635741962,0.764032667436253,0.926914604047671,11,4.91458428567367,FALSE
32_023,,,,,,TRUE
32_024,0.381625974421206,0.335867278612936,0.427384670229477,16,6.1175797603857,FALSE
32_025,,,,,,TRUE
32_029,,,,,,TRUE
32_031,,,,,,TRUE
32_035,,,,,,TRUE
32_036,0.33179643645379,0.0979073144609029,0.565685558446676,13,35.9651797245472,FALSE
32_039,,,,,,TRUE
32_040,0.740211800906831,0.451087924237158,1.0293356775765,10,19.9283747967279,FALSE
32_048,0.756267370202162,0.756267370202162,0.756267370202162,13,0,FALSE
32_051,,,,,,TRUE
32_052,0.66582887966588,0.544962863048422,0.786694896283338,18,9.26158910978027,FALSE
32_053,0.650848994675411,0.468667768438015,0.833030220912807,12,14.2812858256802,FALSE
32_056,0.888848822514948,0.869483327259932,0.908214317769965,14,1.11159001077274,FALSE
