"muni_idx","obs","pred_bym2","pred_naive","n","vecinos_retenidos","estrato_vecinos"
1,0.25,0.440722020803268,0.448588448588449,8,2,"1-2"
3,0.617283950617284,0.509617609898352,0.448588448588449,162,3,"3+"
4,0.2,0.338736726926174,0.448588448588449,5,2,"1-2"
6,0.428571428571429,0.466378595771266,0.448588448588449,14,2,"1-2"
9,0.583333333333333,0.42843438084952,0.448588448588449,12,4,"3+"
10,0.580645161290323,0.456879104960099,0.448588448588449,31,2,"1-2"
12,0.583333333333333,0.461856273816746,0.448588448588449,12,2,"1-2"
13,0.386138613861386,0.413653310845229,0.448588448588449,101,2,"1-2"
14,0.294117647058824,0.435905270084071,0.448588448588449,34,5,"3+"
15,0.2,0.383815524888054,0.448588448588449,10,2,"1-2"
17,0.388888888888889,0.382745978838669,0.448588448588449,72,2,"1-2"
18,0.857142857142857,0.465730350498711,0.448588448588449,7,1,"1-2"
19,0.318181818181818,0.384246710280153,0.448588448588449,22,2,"1-2"
21,0.377777777777778,0.415676884148941,0.448588448588449,90,1,"1-2"
22,0.48062015503876,0.473377939184084,0.448588448588449,129,2,"1-2"
23,0.609375,0.472384573406821,0.448588448588449,64,2,"1-2"
24,0.538461538461538,0.451446014640097,0.448588448588449,65,5,"3+"
25,0.428571428571429,0.577738941435728,0.448588448588449,7,3,"3+"
28,0.210526315789474,0.373399572534317,0.448588448588449,38,2,"1-2"
29,0.5,0.5147323249111,0.448588448588449,12,3,"3+"
31,0.466666666666667,0.46843202762367,0.448588448588449,120,1,"1-2"
32,0,0.291878176576775,0.448588448588449,5,3,"3+"
33,0.2,0.399398204267355,0.448588448588449,30,1,"1-2"
35,0.357142857142857,0.331932765368108,0.448588448588449,28,3,"3+"
36,0.166666666666667,0.364374685101839,0.448588448588449,12,2,"1-2"
38,0.461538461538462,0.441378957344089,0.448588448588449,39,3,"3+"
39,0.6,0.5464029529471,0.448588448588449,10,0,"0"
41,0.378787878787879,0.501880623803485,0.448588448588449,66,3,"3+"
45,0.5,0.406576072079942,0.448588448588449,14,2,"1-2"
46,0.25,0.427952712490581,0.448588448588449,4,1,"1-2"
47,0.583333333333333,0.261722851398556,0.448588448588449,12,3,"3+"
48,0.833333333333333,0.514824154156338,0.448588448588449,6,0,"0"
50,0.39622641509434,0.457642912349058,0.448588448588449,53,2,"1-2"
54,0.368421052631579,0.364284629365825,0.448588448588449,19,1,"1-2"
56,0.333333333333333,0.512380409135566,0.448588448588449,12,2,"1-2"
70,0.142857142857143,0.321018916549207,0.448588448588449,14,1,"1-2"
76,0.423076923076923,0.381047344368527,0.448588448588449,26,4,"3+"
77,0.5,0.575866876800715,0.448588448588449,4,2,"1-2"
78,0.25,0.536154645707,0.448588448588449,4,3,"3+"
79,0.6,0.467621677488409,0.448588448588449,5,2,"1-2"
80,1,0.398824219107092,0.448588448588449,1,5,"3+"
81,0.388888888888889,0.469902614789156,0.448588448588449,36,4,"3+"
82,0.545454545454545,0.441730191728635,0.448588448588449,22,2,"1-2"
83,0.436363636363636,0.461845951680783,0.448588448588449,55,3,"3+"
84,0.465116279069767,0.474556665478048,0.448588448588449,43,3,"3+"
85,0.4,0.45319698433786,0.448588448588449,10,2,"1-2"
87,0.333333333333333,0.401933711531665,0.448588448588449,6,2,"1-2"
91,0.125,0.291133463993142,0.448588448588449,8,3,"3+"
92,0.2,0.378578843344579,0.448588448588449,15,2,"1-2"
95,0.583333333333333,0.391668162178337,0.448588448588449,12,3,"3+"
97,0.6,0.459654969338131,0.448588448588449,15,2,"1-2"
101,0.1,0.475878935212212,0.448588448588449,10,2,"1-2"
105,0.5,0.436123383049726,0.448588448588449,2,1,"1-2"
109,0.272727272727273,0.400376980446441,0.448588448588449,11,1,"1-2"
113,0,0.305901965479473,0.448588448588449,3,0,"0"
127,0.266666666666667,0.323338206892693,0.448588448588449,15,1,"1-2"
129,1,0.504268929801821,0.448588448588449,2,2,"1-2"
131,0.25,0.374966674395275,0.448588448588449,12,3,"3+"
133,0.8,0.484518779590566,0.448588448588449,5,2,"1-2"
135,0.333333333333333,0.387763140370166,0.448588448588449,3,2,"1-2"
146,0,0.261060353763469,0.448588448588449,11,2,"1-2"
148,0.8,0.37506839583081,0.448588448588449,10,0,"0"
154,0.2,0.364880448635122,0.448588448588449,5,0,"0"
156,0.285714285714286,0.404858491852068,0.448588448588449,14,1,"1-2"
158,0.35,0.307047321577275,0.448588448588449,20,1,"1-2"
159,0.263157894736842,0.320526757164673,0.448588448588449,19,3,"3+"
179,0.444444444444444,0.431694061529294,0.448588448588449,9,0,"0"
182,0.777777777777778,0.440650333869349,0.448588448588449,9,1,"1-2"
184,0,0.369557553705717,0.448588448588449,4,1,"1-2"
188,0.5,0.459797351363739,0.448588448588449,10,1,"1-2"
191,0.5,0.460209475699327,0.448588448588449,4,0,"0"
199,0.2,0.576233799084146,0.448588448588449,5,2,"1-2"
201,0.333333333333333,0.421248548364835,0.448588448588449,6,0,"0"
221,0.545454545454545,0.45983370339805,0.448588448588449,22,2,"1-2"
222,0.25,0.497888081249209,0.448588448588449,4,1,"1-2"
223,0,0.535752357970246,0.448588448588449,2,2,"1-2"
224,0.5,0.588437597399428,0.448588448588449,4,0,"0"
225,0.25,0.308689974511606,0.448588448588449,8,1,"1-2"
229,0.62962962962963,0.563842878576019,0.448588448588449,27,1,"1-2"
231,0.384615384615385,0.411295116879572,0.448588448588449,13,1,"1-2"
234,0.375,0.500411106059884,0.448588448588449,8,2,"1-2"
235,0.25,0.40694945509574,0.448588448588449,4,1,"1-2"
237,0.476190476190476,0.484875639227829,0.448588448588449,21,2,"1-2"
241,0.5,0.646048124629171,0.448588448588449,2,2,"1-2"
242,0.5,0.369550230325878,0.448588448588449,2,1,"1-2"
244,1,0.621486721286836,0.448588448588449,9,0,"0"
259,0.481927710843373,0.506831933980968,0.448588448588449,83,3,"3+"
260,0.375,0.459342889301346,0.448588448588449,8,0,"0"
262,0.495145631067961,0.435020907080283,0.448588448588449,103,0,"0"
273,0.642857142857143,0.526349814417685,0.448588448588449,14,2,"1-2"
275,0.6,0.546715846386284,0.448588448588449,15,2,"1-2"
276,0.482142857142857,0.410048037668002,0.448588448588449,56,4,"3+"
277,0.6,0.475306861696571,0.448588448588449,20,4,"3+"
278,0.481481481481481,0.54477078829664,0.448588448588449,27,6,"3+"
279,0.527363184079602,0.450503952562262,0.448588448588449,201,6,"3+"
280,0.542857142857143,0.429444979662874,0.448588448588449,35,1,"1-2"
281,0.492307692307692,0.527351646192379,0.448588448588449,65,5,"3+"
282,0.428571428571429,0.471476246228258,0.448588448588449,28,5,"3+"
283,0.45,0.484466204367201,0.448588448588449,20,6,"3+"
284,0.5,0.506961652335317,0.448588448588449,6,2,"1-2"
285,0.581395348837209,0.551517564845223,0.448588448588449,43,5,"3+"
286,0.571428571428571,0.481055765088184,0.448588448588449,28,4,"3+"
287,0.325581395348837,0.439317983017555,0.448588448588449,43,5,"3+"
288,0.555555555555556,0.478984465053066,0.448588448588449,99,6,"3+"
289,0.607142857142857,0.513547974193051,0.448588448588449,28,4,"3+"
290,0.431372549019608,0.488128948724055,0.448588448588449,51,4,"3+"
291,0.357142857142857,0.513347098159231,0.448588448588449,14,5,"3+"
292,0.857142857142857,0.474665138123046,0.448588448588449,14,1,"1-2"
293,0.541666666666667,0.469072922222458,0.448588448588449,24,3,"3+"
299,0.5,0.454204833344525,0.448588448588449,10,3,"3+"
303,0.166666666666667,0.534440848030587,0.448588448588449,6,1,"1-2"
305,0.393939393939394,0.484575672802063,0.448588448588449,66,3,"3+"
308,0.75,0.475716742660895,0.448588448588449,4,4,"3+"
309,0.6,0.375319577796445,0.448588448588449,15,1,"1-2"
312,0.549019607843137,0.435496583885631,0.448588448588449,102,3,"3+"
314,0.571428571428571,0.44295806250533,0.448588448588449,14,2,"1-2"
316,0.634146341463415,0.479366643123465,0.448588448588449,41,5,"3+"
321,0.444444444444444,0.461582294569501,0.448588448588449,9,3,"3+"
322,0.642857142857143,0.558464851418122,0.448588448588449,14,4,"3+"
326,0.6,0.485344296751631,0.448588448588449,5,1,"1-2"
327,0.25,0.40381113095844,0.448588448588449,8,2,"1-2"
331,0.5,0.42071856434742,0.448588448588449,14,4,"3+"
332,0.521400778210117,0.443200889073508,0.448588448588449,257,5,"3+"
334,0.447368421052632,0.426800725218795,0.448588448588449,38,2,"1-2"
336,0.833333333333333,0.503059143686076,0.448588448588449,12,6,"3+"
338,0.407407407407407,0.365431678961879,0.448588448588449,27,1,"1-2"
339,0.5,0.445563609537083,0.448588448588449,20,3,"3+"
340,0.181818181818182,0.403486532696893,0.448588448588449,11,2,"1-2"
341,0.538461538461538,0.416689902772655,0.448588448588449,13,3,"3+"
342,0.655172413793103,0.451054227262837,0.448588448588449,29,5,"3+"
343,0.529411764705882,0.422759962642271,0.448588448588449,17,0,"0"
345,0.482758620689655,0.427105200388211,0.448588448588449,29,4,"3+"
347,0.402173913043478,0.445698738806338,0.448588448588449,92,5,"3+"
348,0.302325581395349,0.441748843130953,0.448588448588449,43,7,"3+"
349,0.5,0.367982740984172,0.448588448588449,4,5,"3+"
350,1,0.632322461483541,0.448588448588449,2,4,"3+"
351,0.461538461538462,0.442109145938705,0.448588448588449,13,3,"3+"
352,0.4,0.476490154008571,0.448588448588449,20,4,"3+"
353,0.4,0.344965577596465,0.448588448588449,5,6,"3+"
354,0.375,0.457342654845585,0.448588448588449,16,3,"3+"
355,1,0.23528196881775,0.448588448588449,2,3,"3+"
356,0.304347826086957,0.481790391441398,0.448588448588449,23,4,"3+"
357,0.375,0.416654884038149,0.448588448588449,16,6,"3+"
359,0.439024390243902,0.473023204952161,0.448588448588449,41,3,"3+"
360,0.56,0.474169803207669,0.448588448588449,25,4,"3+"
361,0.25,0.298399074102007,0.448588448588449,8,2,"1-2"
363,0.380952380952381,0.419643581325934,0.448588448588449,21,3,"3+"
364,0.4,0.405236686820618,0.448588448588449,10,3,"3+"
365,0.333333333333333,0.392845504596472,0.448588448588449,15,5,"3+"
366,0.32,0.430926040139491,0.448588448588449,25,6,"3+"
367,0.6875,0.479138842048833,0.448588448588449,16,4,"3+"
368,0.481481481481481,0.465451414166817,0.448588448588449,27,4,"3+"
370,1,0.751794010686316,0.448588448588449,1,2,"1-2"
371,0.538461538461538,0.469564874949003,0.448588448588449,13,4,"3+"
373,0.575,0.428667693620775,0.448588448588449,40,6,"3+"
374,0.461538461538462,0.458676125412092,0.448588448588449,13,2,"1-2"
375,0.482352941176471,0.468324623615465,0.448588448588449,85,3,"3+"
376,0.473684210526316,0.371773331750235,0.448588448588449,19,4,"3+"
378,0.333333333333333,0.481644659856141,0.448588448588449,3,2,"1-2"
385,1,0.559298208466677,0.448588448588449,1,2,"1-2"
388,0.428571428571429,0.359599495713853,0.448588448588449,14,2,"1-2"
389,0.6,0.354298495859855,0.448588448588449,10,1,"1-2"
392,0.2,0.409065075617734,0.448588448588449,10,2,"1-2"
393,0.615384615384615,0.365114256184493,0.448588448588449,13,2,"1-2"
395,0.444444444444444,0.405409867948315,0.448588448588449,18,3,"3+"
398,0.636363636363636,0.489102376177006,0.448588448588449,11,4,"3+"
399,0.538461538461538,0.434931943795863,0.448588448588449,13,0,"0"
402,0.2,0.335263287319973,0.448588448588449,5,3,"3+"
404,0.39344262295082,0.402286245718615,0.448588448588449,61,1,"1-2"
412,0.75,0.429584796600418,0.448588448588449,8,1,"1-2"
415,0.461538461538462,0.473020506826255,0.448588448588449,13,3,"3+"
423,0.166666666666667,0.423149158516654,0.448588448588449,6,1,"1-2"
427,0.6,0.557045492295509,0.448588448588449,15,1,"1-2"
435,0.6,0.478558455055362,0.448588448588449,10,1,"1-2"
437,0.2,0.568846696042955,0.448588448588449,5,2,"1-2"
440,0.444444444444444,0.452198344533929,0.448588448588449,18,0,"0"
450,0.153846153846154,0.34588924603708,0.448588448588449,26,3,"3+"
455,0.545454545454545,0.60431099241565,0.448588448588449,11,1,"1-2"
463,0.857142857142857,0.554165116239877,0.448588448588449,7,1,"1-2"
466,0.4,0.444555475688445,0.448588448588449,5,0,"0"
468,0.1875,0.480497721176948,0.448588448588449,16,1,"1-2"
474,0.5,0.635211565643398,0.448588448588449,8,0,"0"
475,0.333333333333333,0.471875247163702,0.448588448588449,9,2,"1-2"
477,0.611111111111111,0.489787980425819,0.448588448588449,18,0,"0"
482,0.666666666666667,0.459958262834232,0.448588448588449,6,1,"1-2"
488,0.857142857142857,0.525808541248848,0.448588448588449,7,1,"1-2"
491,0.666666666666667,0.652888730048914,0.448588448588449,6,3,"3+"
492,0.323529411764706,0.452410282454468,0.448588448588449,34,2,"1-2"
495,0.285714285714286,0.439502924397741,0.448588448588449,21,1,"1-2"
498,0.333333333333333,0.450214203656699,0.448588448588449,3,2,"1-2"
501,1,0.708706395090813,0.448588448588449,3,1,"1-2"
503,0.384615384615385,0.465902115783063,0.448588448588449,13,1,"1-2"
504,0.5,0.513519659265578,0.448588448588449,18,1,"1-2"
506,0.363636363636364,0.458236093652398,0.448588448588449,11,0,"0"
507,0.4,0.435178956814225,0.448588448588449,15,1,"1-2"
510,0.2,0.588204900571854,0.448588448588449,5,4,"3+"
523,0.454545454545455,0.479935320670307,0.448588448588449,22,1,"1-2"
527,0.181818181818182,0.483015655117121,0.448588448588449,11,4,"3+"
530,0,0.346607901154628,0.448588448588449,4,3,"3+"
532,0.25,0.45763479862047,0.448588448588449,4,1,"1-2"
542,0,0.267657923813449,0.448588448588449,5,1,"1-2"
543,0.272727272727273,0.328799925786736,0.448588448588449,33,2,"1-2"
549,0.44,0.458603403266848,0.448588448588449,25,1,"1-2"
559,0.538461538461538,0.391194342814223,0.448588448588449,13,2,"1-2"
570,0.37037037037037,0.492925678133621,0.448588448588449,27,4,"3+"
580,0.451612903225806,0.460120361958292,0.448588448588449,31,2,"1-2"
588,0.181818181818182,0.325065869186569,0.448588448588449,11,1,"1-2"
591,0.75,0.510063271645496,0.448588448588449,4,0,"0"
596,0.0714285714285714,0.429197511966317,0.448588448588449,14,0,"0"
597,0.511111111111111,0.481886467098645,0.448588448588449,45,3,"3+"
603,0.166666666666667,0.513301299249749,0.448588448588449,6,0,"0"
607,0.375,0.586447363918129,0.448588448588449,8,2,"1-2"
616,0.636363636363636,0.478899612152042,0.448588448588449,11,2,"1-2"
625,0,0.473101699691914,0.448588448588449,4,0,"0"
634,0.5,0.53082211207463,0.448588448588449,4,1,"1-2"
640,0.25,0.508386767166229,0.448588448588449,12,1,"1-2"
647,0.4,0.50862021483548,0.448588448588449,10,0,"0"
662,0.333333333333333,0.437332593434978,0.448588448588449,3,2,"1-2"
666,0.526315789473684,0.444511614636674,0.448588448588449,19,2,"1-2"
671,0.3125,0.407177048999962,0.448588448588449,16,2,"1-2"
677,0.428571428571429,0.480118148642306,0.448588448588449,7,1,"1-2"
678,0.333333333333333,0.351530786820626,0.448588448588449,9,0,"0"
681,0.444444444444444,0.337832058369704,0.448588448588449,27,2,"1-2"
682,1,0.649005149730218,0.448588448588449,4,1,"1-2"
683,0.75,0.452307940293871,0.448588448588449,8,1,"1-2"
688,0.428571428571429,0.453537821949168,0.448588448588449,21,6,"3+"
692,0.416666666666667,0.410114606050969,0.448588448588449,24,4,"3+"
694,0.416666666666667,0.325016554245155,0.448588448588449,12,0,"0"
695,0.333333333333333,0.428082691550788,0.448588448588449,9,2,"1-2"
698,0.5,0.504775182326423,0.448588448588449,46,6,"3+"
699,0.357142857142857,0.389099347512135,0.448588448588449,14,0,"0"
705,0.857142857142857,0.553859502880181,0.448588448588449,7,3,"3+"
707,0.222222222222222,0.421331103278107,0.448588448588449,18,1,"1-2"
708,0.571428571428571,0.515457949228624,0.448588448588449,7,5,"3+"
709,0.4,0.364754228214078,0.448588448588449,5,1,"1-2"
710,0.2,0.38224635500827,0.448588448588449,10,2,"1-2"
713,0.142857142857143,0.35422455690643,0.448588448588449,7,2,"1-2"
718,0.5,0.438068143873948,0.448588448588449,12,6,"3+"
719,0.5625,0.401187304754627,0.448588448588449,16,2,"1-2"
720,0.517241379310345,0.404280091915485,0.448588448588449,29,2,"1-2"
724,0.0909090909090909,0.304682265735874,0.448588448588449,11,3,"3+"
725,0.571428571428571,0.463780590995733,0.448588448588449,7,5,"3+"
726,0.333333333333333,0.375263270582449,0.448588448588449,3,3,"3+"
734,0.5,0.491511126425268,0.448588448588449,8,6,"3+"
736,0.516129032258065,0.417467004461354,0.448588448588449,31,4,"3+"
738,0.5,0.477866434174721,0.448588448588449,26,2,"1-2"
743,0.461538461538462,0.468005473084904,0.448588448588449,26,5,"3+"
749,0.428571428571429,0.422839117997093,0.448588448588449,7,1,"1-2"
750,0.714285714285714,0.477491559037696,0.448588448588449,7,1,"1-2"
751,0.4375,0.380232276944563,0.448588448588449,16,3,"3+"
759,0.6,0.398122992181359,0.448588448588449,5,4,"3+"
760,0.409090909090909,0.434075284531959,0.448588448588449,22,3,"3+"
761,0.529411764705882,0.414454533622295,0.448588448588449,17,5,"3+"
766,0.5,0.487106871115982,0.448588448588449,6,2,"1-2"
770,0.625,0.496539186642662,0.448588448588449,40,8,"3+"
771,0.416666666666667,0.463603437826113,0.448588448588449,12,2,"1-2"
774,0.538461538461538,0.450607083865904,0.448588448588449,13,2,"1-2"
776,0.142857142857143,0.345983708006456,0.448588448588449,14,1,"1-2"
777,0.636363636363636,0.368687473136319,0.448588448588449,11,1,"1-2"
778,0.8,0.357325420695997,0.448588448588449,5,4,"3+"
788,0.534246575342466,0.470746047025418,0.448588448588449,73,6,"3+"
789,0.526315789473684,0.474470342825307,0.448588448588449,19,3,"3+"
792,0.375,0.443450613931905,0.448588448588449,16,0,"0"
793,0.375,0.429386093615006,0.448588448588449,24,3,"3+"
795,0.428571428571429,0.488772065333374,0.448588448588449,7,4,"3+"
802,0.375,0.42726854673866,0.448588448588449,8,0,"0"
809,0.5,0.417631371259213,0.448588448588449,16,0,"0"
819,0.666666666666667,0.478291281893928,0.448588448588449,6,1,"1-2"
821,0.5,0.458973318331726,0.448588448588449,8,0,"0"
824,0.636363636363636,0.546873997137168,0.448588448588449,11,1,"1-2"
828,0.470588235294118,0.406661810217507,0.448588448588449,17,0,"0"
837,0.666666666666667,0.511651742433259,0.448588448588449,3,1,"1-2"
839,0.333333333333333,0.45390429457248,0.448588448588449,9,1,"1-2"
850,0.5,0.524546549725345,0.448588448588449,6,0,"0"
851,0.6,0.440580738028867,0.448588448588449,20,0,"0"
852,0.348837209302326,0.429871562560889,0.448588448588449,43,2,"1-2"
854,0.571428571428571,0.634783676425984,0.448588448588449,7,0,"0"
858,0.454545454545455,0.440934168209378,0.448588448588449,33,0,"0"
867,0.25,0.39061018619534,0.448588448588449,12,1,"1-2"
873,0.0769230769230769,0.306496943874249,0.448588448588449,13,0,"0"
877,0.625,0.536812222279612,0.448588448588449,8,0,"0"
883,0.3,0.416984636688955,0.448588448588449,10,1,"1-2"
885,0.555555555555556,0.33948924047156,0.448588448588449,9,3,"3+"
886,0.5,0.455667801293468,0.448588448588449,6,1,"1-2"
889,0.5,0.554077944318303,0.448588448588449,4,1,"1-2"
892,0.166666666666667,0.387793432833183,0.448588448588449,12,1,"1-2"
894,0.454545454545455,0.434642215011948,0.448588448588449,11,1,"1-2"
902,0.545454545454545,0.452067487052817,0.448588448588449,11,2,"1-2"
906,0.333333333333333,0.435459092515792,0.448588448588449,6,2,"1-2"
910,0.405405405405405,0.412492237471282,0.448588448588449,37,2,"1-2"
911,0.75,0.334046491664356,0.448588448588449,12,2,"1-2"
915,0.45,0.388926131092046,0.448588448588449,20,3,"3+"
916,0.375,0.403904083472556,0.448588448588449,8,2,"1-2"
917,0.111111111111111,0.427106700379016,0.448588448588449,9,1,"1-2"
919,1,0.643457602035509,0.448588448588449,2,4,"3+"
921,0.357142857142857,0.349751360484118,0.448588448588449,14,3,"3+"
926,0.777777777777778,0.516831755931155,0.448588448588449,9,3,"3+"
928,0.434782608695652,0.477344294788607,0.448588448588449,23,2,"1-2"
931,0.2,0.349586984587673,0.448588448588449,10,2,"1-2"
933,0.67741935483871,0.404112410758749,0.448588448588449,31,2,"1-2"
934,0.25,0.340649586021712,0.448588448588449,4,1,"1-2"
935,0.333333333333333,0.363452390340178,0.448588448588449,15,4,"3+"
936,0.391304347826087,0.411369565623117,0.448588448588449,23,3,"3+"
937,0.5,0.586339534854767,0.448588448588449,4,2,"1-2"
938,0.333333333333333,0.458863740015693,0.448588448588449,15,5,"3+"
939,0.431034482758621,0.424482681035826,0.448588448588449,58,4,"3+"
940,0.125,0.360376734993759,0.448588448588449,8,1,"1-2"
941,0.344827586206897,0.446829789663971,0.448588448588449,29,3,"3+"
943,0.25,0.380430177106939,0.448588448588449,8,1,"1-2"
948,0.352941176470588,0.469961711811488,0.448588448588449,17,1,"1-2"
949,0.391752577319588,0.487402975541959,0.448588448588449,97,3,"3+"
952,0.230769230769231,0.553398758886211,0.448588448588449,13,3,"3+"
953,0.428571428571429,0.425175449468374,0.448588448588449,7,3,"3+"
954,0.470588235294118,0.437708516259782,0.448588448588449,17,3,"3+"
956,0.470588235294118,0.475373643558163,0.448588448588449,34,2,"1-2"
957,0.25,0.439594103238101,0.448588448588449,4,2,"1-2"
958,0.5,0.50709976985314,0.448588448588449,20,5,"3+"
959,0.363636363636364,0.449321242713093,0.448588448588449,22,3,"3+"
960,0.333333333333333,0.549362648248726,0.448588448588449,6,2,"1-2"
963,0.411764705882353,0.460061121956952,0.448588448588449,17,2,"1-2"
964,0.1875,0.470338059210362,0.448588448588449,16,3,"3+"
966,0.324324324324324,0.455810911840757,0.448588448588449,37,5,"3+"
967,0.666666666666667,0.462844693650642,0.448588448588449,6,1,"1-2"
970,0,0.398818559749784,0.448588448588449,1,2,"1-2"
971,0.333333333333333,0.399630521015947,0.448588448588449,12,3,"3+"
972,0.875,0.620584704689397,0.448588448588449,8,2,"1-2"
973,0.642857142857143,0.493216558127495,0.448588448588449,14,5,"3+"
974,0.35,0.428742660169534,0.448588448588449,20,2,"1-2"
975,0.326923076923077,0.3883506106334,0.448588448588449,52,5,"3+"
978,0.1,0.320552684114446,0.448588448588449,10,2,"1-2"
980,0.488372093023256,0.541451153342991,0.448588448588449,129,8,"3+"
981,0.604651162790698,0.555014481794385,0.448588448588449,43,4,"3+"
982,1,0.787746863452132,0.448588448588449,1,2,"1-2"
984,0,0.311072491972353,0.448588448588449,3,2,"1-2"
985,0.462686567164179,0.424035842317485,0.448588448588449,67,6,"3+"
986,0.5,0.434509422406233,0.448588448588449,38,0,"0"
990,0.63855421686747,0.539184100207597,0.448588448588449,83,4,"3+"
995,0.625,0.516669036593155,0.448588448588449,8,1,"1-2"
996,0.392857142857143,0.356977211076649,0.448588448588449,28,5,"3+"
998,0.436619718309859,0.454839168289933,0.448588448588449,71,4,"3+"
1007,0,0.483650845685659,0.448588448588449,5,1,"1-2"
1031,0.5,0.417028072240418,0.448588448588449,2,0,"0"
1056,1,0.493641178108117,0.448588448588449,9,0,"0"
1062,0.428571428571429,0.497882648920544,0.448588448588449,14,0,"0"
1077,0.181818181818182,0.243855859662756,0.448588448588449,11,0,"0"
1086,0.357142857142857,0.390733271633891,0.448588448588449,14,0,"0"
1113,0.4,0.381651615828593,0.448588448588449,10,0,"0"
1117,0,0.483853233348846,0.448588448588449,3,0,"0"
1126,0.444444444444444,0.5901942642928,0.448588448588449,9,0,"0"
1139,0.769230769230769,0.45769330083414,0.448588448588449,13,0,"0"
1175,0.454545454545455,0.479853615912945,0.448588448588449,11,0,"0"
1188,0.555555555555556,0.294084774087387,0.448588448588449,9,0,"0"
1192,0.454545454545455,0.532274555149081,0.448588448588449,22,0,"0"
1193,0.454545454545455,0.381857060468965,0.448588448588449,11,0,"0"
1224,0.285714285714286,0.346273579753079,0.448588448588449,28,0,"0"
1232,0,0.5279833907166,0.448588448588449,2,0,"0"
1248,0.6,0.476588078820162,0.448588448588449,10,2,"1-2"
1276,0.166666666666667,0.425747902708436,0.448588448588449,12,0,"0"
1346,0.5,0.483665881814912,0.448588448588449,8,0,"0"
1349,0,0.257221062274589,0.448588448588449,4,1,"1-2"
1356,0.166666666666667,0.433474324997511,0.448588448588449,6,0,"0"
1374,0.285714285714286,0.484628237487892,0.448588448588449,7,0,"0"
1433,0.357142857142857,0.439536911573995,0.448588448588449,14,0,"0"
1474,0.2,0.403533381372575,0.448588448588449,5,2,"1-2"
1475,0.5,0.438521524244246,0.448588448588449,8,0,"0"
1483,0.266666666666667,0.447209097809437,0.448588448588449,15,0,"0"
1500,0.5,0.360996726937655,0.448588448588449,12,1,"1-2"
1512,0.6,0.413102206351367,0.448588448588449,5,3,"3+"
1515,0.4,0.499711217274581,0.448588448588449,5,2,"1-2"
1517,0.5,0.459044120099228,0.448588448588449,10,1,"1-2"
1520,0.5,0.467836689715589,0.448588448588449,6,0,"0"
1531,0.166666666666667,0.590851296558369,0.448588448588449,6,2,"1-2"
1565,0.375,0.42059092221429,0.448588448588449,8,0,"0"
1566,0.454545454545455,0.374546400207649,0.448588448588449,11,0,"0"
1569,0.666666666666667,0.515797311643258,0.448588448588449,6,2,"1-2"
1592,0.631578947368421,0.433151176503898,0.448588448588449,19,1,"1-2"
1598,0.5,0.336596770740798,0.448588448588449,16,1,"1-2"
1602,0.272727272727273,0.32596774353648,0.448588448588449,11,3,"3+"
1608,0.2,0.489929282099317,0.448588448588449,10,1,"1-2"
1620,0.285714285714286,0.378856175968422,0.448588448588449,7,0,"0"
1623,0.4,0.447445484404699,0.448588448588449,5,0,"0"
1626,0.4,0.444507396779715,0.448588448588449,20,1,"1-2"
1629,0.4,0.38020074006637,0.448588448588449,10,0,"0"
1632,0.230769230769231,0.36158708040404,0.448588448588449,26,1,"1-2"
1636,0,0.455588441042541,0.448588448588449,1,2,"1-2"
1640,0.5,0.488536748702391,0.448588448588449,4,0,"0"
1654,0.428571428571429,0.364856008023539,0.448588448588449,7,2,"1-2"
1666,0.333333333333333,0.3785753216679,0.448588448588449,12,0,"0"
1678,0.166666666666667,0.428491038528842,0.448588448588449,12,0,"0"
1695,0.357142857142857,0.526118451322326,0.448588448588449,14,1,"1-2"
1722,0.25,0.483053924935114,0.448588448588449,4,0,"0"
1732,0,0.5033878751298,0.448588448588449,7,2,"1-2"
1735,1,0.388665251161049,0.448588448588449,2,3,"3+"
1751,0.6,0.442827772502871,0.448588448588449,10,4,"3+"
1755,0,0.410069605694919,0.448588448588449,2,0,"0"
1756,0.444444444444444,0.351731272787827,0.448588448588449,9,1,"1-2"
1757,0.386363636363636,0.508941827363586,0.448588448588449,44,6,"3+"
1758,0.666666666666667,0.418235019430304,0.448588448588449,9,0,"0"
1763,0.2,0.384413330891097,0.448588448588449,10,3,"3+"
1774,0.461538461538462,0.364995395425634,0.448588448588449,26,0,"0"
1780,0.4375,0.470766969090431,0.448588448588449,16,0,"0"
1785,0.333333333333333,0.401745560618847,0.448588448588449,9,1,"1-2"
1792,0.5,0.568340420459706,0.448588448588449,4,5,"3+"
1798,0.125,0.367707023460163,0.448588448588449,8,2,"1-2"
1800,0.454545454545455,0.41936724905584,0.448588448588449,11,2,"1-2"
1803,0.4,0.305789205904832,0.448588448588449,15,0,"0"
1805,0.35,0.533432168482005,0.448588448588449,20,3,"3+"
1807,0.333333333333333,0.449978896807671,0.448588448588449,27,3,"3+"
1808,0.25,0.400461366647463,0.448588448588449,8,1,"1-2"
1810,0.407407407407407,0.445625391232644,0.448588448588449,54,3,"3+"
1812,0.4,0.545714216121877,0.448588448588449,5,1,"1-2"
1814,0.285714285714286,0.439656501162886,0.448588448588449,28,3,"3+"
1815,0.503937007874016,0.47191878156516,0.448588448588449,127,4,"3+"
1817,0.230769230769231,0.387341632178911,0.448588448588449,13,1,"1-2"
1819,0.545454545454545,0.459309300428273,0.448588448588449,22,6,"3+"
1821,0.5,0.497864390232282,0.448588448588449,6,2,"1-2"
1823,0.5,0.397591605203496,0.448588448588449,34,4,"3+"
1824,0.348314606741573,0.398150408179628,0.448588448588449,89,1,"1-2"
1825,0.555555555555556,0.415495607580564,0.448588448588449,36,1,"1-2"
1827,0.379310344827586,0.384388948636736,0.448588448588449,29,2,"1-2"
1829,0.333333333333333,0.358641725522135,0.448588448588449,6,2,"1-2"
1830,0.222222222222222,0.34146063971732,0.448588448588449,9,2,"1-2"
1831,0.444444444444444,0.332604380919779,0.448588448588449,9,4,"3+"
1832,0.315789473684211,0.470199865346473,0.448588448588449,19,2,"1-2"
1833,0.5,0.532221847032924,0.448588448588449,6,1,"1-2"
1834,0.875,0.528793822690657,0.448588448588449,8,0,"0"
1839,0.7,0.513585171130584,0.448588448588449,30,1,"1-2"
1846,0.4,0.538695540062675,0.448588448588449,5,1,"1-2"
1848,0.523809523809524,0.57595834554587,0.448588448588449,21,1,"1-2"
1853,0.285714285714286,0.377914311481115,0.448588448588449,42,0,"0"
1856,0.569230769230769,0.50756369247786,0.448588448588449,65,3,"3+"
1865,0.258064516129032,0.409081424591165,0.448588448588449,31,1,"1-2"
1869,0.230769230769231,0.464791427707352,0.448588448588449,13,3,"3+"
1876,0.470588235294118,0.468199374854861,0.448588448588449,17,3,"3+"
1882,0.588235294117647,0.324135436962663,0.448588448588449,17,1,"1-2"
1887,0.25,0.518145764838022,0.448588448588449,4,0,"0"
1890,0.272727272727273,0.308043725039613,0.448588448588449,11,5,"3+"
1891,0.647058823529412,0.433461734574747,0.448588448588449,17,2,"1-2"
1892,0.384615384615385,0.465484190209974,0.448588448588449,13,2,"1-2"
1894,0.6,0.573776637112308,0.448588448588449,20,2,"1-2"
1897,0.647058823529412,0.498336070739411,0.448588448588449,51,1,"1-2"
1898,0.692307692307692,0.58695759912175,0.448588448588449,13,3,"3+"
1901,0.5,0.570419804630006,0.448588448588449,16,1,"1-2"
1902,0.5,0.435545066347807,0.448588448588449,12,1,"1-2"
1903,0.636363636363636,0.384668231350527,0.448588448588449,11,2,"1-2"
1904,0.455882352941176,0.49115188294214,0.448588448588449,68,1,"1-2"
1905,0.75,0.57098024418774,0.448588448588449,4,2,"1-2"
1907,0.422222222222222,0.450191250474785,0.448588448588449,45,3,"3+"
1908,0.472527472527473,0.445419097372968,0.448588448588449,91,3,"3+"
1909,0.416666666666667,0.436030522006106,0.448588448588449,12,4,"3+"
1910,0.459459459459459,0.516835536574817,0.448588448588449,74,3,"3+"
1913,0.444444444444444,0.372187727231753,0.448588448588449,9,2,"1-2"
1924,0.5,0.638509810124625,0.448588448588449,8,1,"1-2"
1925,0.466666666666667,0.495177675799118,0.448588448588449,45,1,"1-2"
1928,0.7,0.510231885945136,0.448588448588449,10,0,"0"
1932,0.391304347826087,0.516471104793964,0.448588448588449,23,3,"3+"
1933,0.321428571428571,0.395620581639665,0.448588448588449,28,1,"1-2"
1935,0.464285714285714,0.463747040708835,0.448588448588449,28,2,"1-2"
1940,0.389830508474576,0.486182878730237,0.448588448588449,118,2,"1-2"
1942,1,0.708054833047838,0.448588448588449,1,1,"1-2"
1946,0.4,0.422291331751493,0.448588448588449,10,1,"1-2"
1955,0.333333333333333,0.393049474964513,0.448588448588449,12,1,"1-2"
1966,0.607142857142857,0.464081096952737,0.448588448588449,28,2,"1-2"
1967,0.5,0.421481631648915,0.448588448588449,32,1,"1-2"
1968,0.2,0.306203299152115,0.448588448588449,10,0,"0"
1971,0.0714285714285714,0.396930460583322,0.448588448588449,14,2,"1-2"
1983,0.472222222222222,0.413238681349499,0.448588448588449,36,5,"3+"
1984,0.5,0.452902980517688,0.448588448588449,6,2,"1-2"
1985,0.3,0.361204289552953,0.448588448588449,10,2,"1-2"
1988,0.5,0.430724892202451,0.448588448588449,16,3,"3+"
1989,0.590909090909091,0.3992055522322,0.448588448588449,44,2,"1-2"
1991,0.611111111111111,0.459341197117792,0.448588448588449,54,5,"3+"
1992,0.461538461538462,0.456661754676225,0.448588448588449,39,1,"1-2"
1993,0.521739130434783,0.440714692661584,0.448588448588449,23,3,"3+"
1994,0.666666666666667,0.464894372136525,0.448588448588449,33,1,"1-2"
1995,0.428571428571429,0.425501915755266,0.448588448588449,7,3,"3+"
1996,0.333333333333333,0.341938491865998,0.448588448588449,12,2,"1-2"
1997,0.5,0.406327490690754,0.448588448588449,14,4,"3+"
1998,0.41025641025641,0.349806163582014,0.448588448588449,39,3,"3+"
1999,1,0.149671443304395,0.448588448588449,1,2,"1-2"
2000,0.292682926829268,0.385198364474515,0.448588448588449,82,3,"3+"
2001,0.235294117647059,0.463590667583369,0.448588448588449,34,1,"1-2"
2010,0.5,0.461305716902156,0.448588448588449,30,3,"3+"
2012,0.857142857142857,0.556412253747155,0.448588448588449,7,0,"0"
2014,0.416666666666667,0.417638953808224,0.448588448588449,24,1,"1-2"
2015,0.1,0.306007358100529,0.448588448588449,10,2,"1-2"
2016,0.714285714285714,0.47782582607778,0.448588448588449,7,2,"1-2"
2020,0.567567567567568,0.415962549941757,0.448588448588449,37,1,"1-2"
2023,0.5,0.552713199727537,0.448588448588449,2,1,"1-2"
2026,0.380952380952381,0.478233978864141,0.448588448588449,21,0,"0"
2030,0.333333333333333,0.470206051471691,0.448588448588449,3,1,"1-2"
2032,0.277777777777778,0.389607471137158,0.448588448588449,18,2,"1-2"
2038,0.5,0.506782702151811,0.448588448588449,16,2,"1-2"
2042,0.466666666666667,0.392385943425,0.448588448588449,15,0,"0"
2043,0.666666666666667,0.50198026267896,0.448588448588449,6,2,"1-2"
2046,0.571428571428571,0.549861667783421,0.448588448588449,21,4,"3+"
2048,0.375,0.351021949317242,0.448588448588449,8,2,"1-2"
2051,0.375,0.538398556991937,0.448588448588449,8,3,"3+"
2056,0.357142857142857,0.453699435985978,0.448588448588449,14,4,"3+"
2057,0.384615384615385,0.361698374972783,0.448588448588449,13,1,"1-2"
2058,0.4375,0.426592370239429,0.448588448588449,16,0,"0"
2059,0.666666666666667,0.408625276748224,0.448588448588449,6,3,"3+"
2062,0.416666666666667,0.415082283382319,0.448588448588449,12,2,"1-2"
2066,0.4,0.329051478324789,0.448588448588449,5,2,"1-2"
2067,0.666666666666667,0.479306474052796,0.448588448588449,6,3,"3+"
2068,0.4,0.478504553103454,0.448588448588449,10,4,"3+"
2072,0.4,0.410332754518973,0.448588448588449,5,5,"3+"
2073,0.6,0.389079919240027,0.448588448588449,5,1,"1-2"
2076,0.5,0.403660053759767,0.448588448588449,20,2,"1-2"
2077,0.361111111111111,0.433089292832766,0.448588448588449,36,5,"3+"
2078,0.3,0.615725488524709,0.448588448588449,10,4,"3+"
2079,0.666666666666667,0.433032370361536,0.448588448588449,3,5,"3+"
2080,0.222222222222222,0.366137191873854,0.448588448588449,18,2,"1-2"
2081,0.25,0.406499339287856,0.448588448588449,4,1,"1-2"
2084,0.333333333333333,0.359041651196792,0.448588448588449,3,2,"1-2"
2085,0.263157894736842,0.354612022001097,0.448588448588449,19,1,"1-2"
2088,0.625,0.494707865797155,0.448588448588449,16,3,"3+"
2089,0.5,0.541903986922032,0.448588448588449,8,3,"3+"
2091,1,0.38492373893269,0.448588448588449,1,3,"3+"
2096,0.333333333333333,0.391446428575947,0.448588448588449,3,4,"3+"
2101,0,0.428566203807548,0.448588448588449,3,4,"3+"
2112,0.571428571428571,0.445984038246308,0.448588448588449,7,1,"1-2"
2113,0.5,0.391966273845086,0.448588448588449,12,0,"0"
2118,0.4,0.424455018941202,0.448588448588449,5,2,"1-2"
2123,0.2,0.277959850987241,0.448588448588449,15,0,"0"
2127,0.285714285714286,0.506446541262428,0.448588448588449,7,1,"1-2"
2134,0.4,0.377562470852141,0.448588448588449,5,1,"1-2"
2155,0.321428571428571,0.416404177038807,0.448588448588449,28,0,"0"
2157,0.2,0.333544429117313,0.448588448588449,5,2,"1-2"
2163,0.181818181818182,0.342083621638277,0.448588448588449,11,2,"1-2"
2166,1,0.659416240415801,0.448588448588449,5,2,"1-2"
2168,0.25,0.561785334095276,0.448588448588449,4,1,"1-2"
2169,0.375,0.294033730770055,0.448588448588449,8,1,"1-2"
2187,0.375,0.362067389997262,0.448588448588449,8,0,"0"
2202,1,0.460579798060351,0.448588448588449,3,2,"1-2"
2205,0.285714285714286,0.440326595043743,0.448588448588449,14,1,"1-2"
2214,0.538461538461538,0.353483817836852,0.448588448588449,13,2,"1-2"
2222,0.5,0.368797359597169,0.448588448588449,4,0,"0"
2227,0.5,0.468213180596178,0.448588448588449,14,2,"1-2"
2229,0.428571428571429,0.396770337366763,0.448588448588449,7,2,"1-2"
2233,0.555555555555556,0.475552415675074,0.448588448588449,9,0,"0"
2243,0.444444444444444,0.396919590525131,0.448588448588449,9,3,"3+"
2250,0.4,0.472928251044132,0.448588448588449,5,0,"0"
2277,0.666666666666667,0.55911135364253,0.448588448588449,6,0,"0"
2280,0.681818181818182,0.509637590362426,0.448588448588449,22,2,"1-2"
2281,0.5,0.434099632315983,0.448588448588449,8,5,"3+"
2288,0.75,0.474670716806639,0.448588448588449,4,0,"0"
2291,0.571428571428571,0.462448397439171,0.448588448588449,7,0,"0"
2298,0.875,0.346356534247694,0.448588448588449,8,0,"0"
2299,0.375,0.504392136870697,0.448588448588449,16,2,"1-2"
2303,0.75,0.5176106465846,0.448588448588449,12,0,"0"
2307,0.294117647058824,0.349635058811157,0.448588448588449,17,0,"0"
2311,0.2,0.292858073209002,0.448588448588449,10,2,"1-2"
2314,0.458333333333333,0.416999402965954,0.448588448588449,24,0,"0"
2318,0.411764705882353,0.388507798456901,0.448588448588449,17,3,"3+"
2333,0.461538461538462,0.338398611788262,0.448588448588449,13,2,"1-2"
2335,0.5,0.479895122674331,0.448588448588449,4,1,"1-2"
2348,0.475609756097561,0.4496086981971,0.448588448588449,82,2,"1-2"
2349,0.454545454545455,0.505987691423305,0.448588448588449,11,1,"1-2"
2363,0.428571428571429,0.37827456567496,0.448588448588449,7,1,"1-2"
2365,0.615384615384615,0.388772620710732,0.448588448588449,13,0,"0"
2374,0.333333333333333,0.313809818411094,0.448588448588449,12,1,"1-2"
2376,0.315789473684211,0.401322755812251,0.448588448588449,19,0,"0"
2378,0.222222222222222,0.441928882129265,0.448588448588449,18,2,"1-2"
2383,0.1,0.282564400356301,0.448588448588449,10,0,"0"
2385,0.111111111111111,0.291798350839167,0.448588448588449,9,2,"1-2"
2387,0.125,0.391827681510956,0.448588448588449,8,1,"1-2"
2388,0,0.352187818502911,0.448588448588449,6,1,"1-2"
2404,0.315789473684211,0.332624025320049,0.448588448588449,19,4,"3+"
2408,0.384615384615385,0.363657226687067,0.448588448588449,13,0,"0"
2409,0.259259259259259,0.379104285000521,0.448588448588449,27,1,"1-2"
2410,0.4,0.392437126034646,0.448588448588449,15,1,"1-2"
2414,0.235294117647059,0.33368115894463,0.448588448588449,17,1,"1-2"
2416,0,0.310650932491377,0.448588448588449,1,1,"1-2"
2422,0.5,0.664021229396572,0.448588448588449,4,0,"0"
2425,0.277777777777778,0.394698129287208,0.448588448588449,18,3,"3+"
2426,0.666666666666667,0.424986287274687,0.448588448588449,3,4,"3+"
2428,0.35,0.361920786498265,0.448588448588449,20,2,"1-2"
2430,0.5625,0.451702355560033,0.448588448588449,16,3,"3+"
2431,0.378378378378378,0.419803454360244,0.448588448588449,37,4,"3+"
2433,0.6,0.469629438604507,0.448588448588449,5,1,"1-2"
2436,0.333333333333333,0.467174887859991,0.448588448588449,6,4,"3+"
2439,0.5625,0.472749135913731,0.448588448588449,16,0,"0"
2441,0.333333333333333,0.476276979611782,0.448588448588449,6,5,"3+"
2451,0.37037037037037,0.456065715354235,0.448588448588449,54,3,"3+"
2455,0.75,0.508893569876751,0.448588448588449,16,2,"1-2"
2463,0.44,0.504145407437586,0.448588448588449,25,2,"1-2"
2464,0.363636363636364,0.422791350342352,0.448588448588449,22,4,"3+"
2466,0.461538461538462,0.35792207997339,0.448588448588449,13,0,"0"
2467,0.470588235294118,0.394611841050571,0.448588448588449,17,3,"3+"
2468,0.6,0.434607332323041,0.448588448588449,10,0,"0"
2469,0.428571428571429,0.353241233813735,0.448588448588449,14,3,"3+"
2471,0.5,0.583660357559151,0.448588448588449,12,0,"0"
2473,0.8,0.472492287903763,0.448588448588449,10,2,"1-2"
