"muni_idx","obs","pred_bym2","pred_naive","n","n_efectivo","vecinos_retenidos","estrato_vecinos"
1,0.770610273855346,0.841673399914506,0.809635758707129,2,1.54688649958854,2,"1-2"
3,0.790535884832409,0.774507875034103,0.809635758707129,100,15.7142707913825,3,"3+"
4,1,0.7517305035193,0.809635758707129,1,1,2,"1-2"
6,1,0.811189245557252,0.809635758707129,6,4.34711671323842,2,"1-2"
9,1,0.766544506122095,0.809635758707129,7,6.21058744287783,4,"3+"
10,0.982439204282245,0.788565375022839,0.809635758707129,18,14.3559710608114,2,"1-2"
12,1,0.905036638246331,0.809635758707129,7,4.22557935321607,3,"3+"
13,0.939426544744114,0.852643877641243,0.809635758707129,39,11.3544838344121,3,"3+"
14,1,0.921286985536167,0.809635758707129,10,8.3652728302015,5,"3+"
15,1,0.963801474347031,0.809635758707129,2,1.66783679105255,2,"1-2"
17,0.97465446409292,0.899068563741841,0.809635758707129,28,18.6899687005336,3,"3+"
18,0.652380197043466,0.941212027235238,0.809635758707129,6,5.89664550956755,2,"1-2"
19,0.79890180394539,0.80216406187519,0.809635758707129,7,4.71569473737092,1,"1-2"
21,0.775661432997049,0.81536365713886,0.809635758707129,34,26.9288801899692,1,"1-2"
22,0.851747682576309,0.882906172841882,0.809635758707129,62,25.4906765880753,2,"1-2"
23,0.95007569306187,0.849226033122367,0.809635758707129,39,29.1544308153508,1,"1-2"
24,0.833621590254547,0.711550959212531,0.809635758707129,35,9.409546663597,3,"3+"
25,1,0.73274206215565,0.809635758707129,3,2.73107493083872,1,"1-2"
28,1,0.865140870062772,0.809635758707129,8,6.08358198424557,2,"1-2"
29,1,0.883434134605848,0.809635758707129,6,5.31643882967629,1,"1-2"
30,0.368925920289059,0.855187971671518,0.809635758707129,2,1.87139465733334,2,"1-2"
31,0.867429363541975,0.825106877730525,0.809635758707129,56,37.4269137540748,2,"1-2"
33,0.885004867298536,0.930110819912415,0.809635758707129,6,5.74212606684417,1,"1-2"
35,0.851938948101612,0.793745151766082,0.809635758707129,10,5.10152144288183,2,"1-2"
36,1,0.870028856276669,0.809635758707129,2,1.92705758203795,1,"1-2"
38,0.914642764786269,0.84602975074604,0.809635758707129,18,14.730593762105,4,"3+"
39,1,0.950962872044141,0.809635758707129,6,5.40136435350483,0,"0"
41,0.949671443768887,0.841989577020631,0.809635758707129,25,12.6794824909231,4,"3+"
45,1,0.818941939839455,0.809635758707129,7,5.44439060140925,3,"3+"
46,1,0.935108853736268,0.809635758707129,1,1,0,"0"
47,0.622918241642312,0.633931329778789,0.809635758707129,7,6.07982542828861,4,"3+"
48,0.517338301115378,0.88954844040248,0.809635758707129,5,4.11941750627798,1,"1-2"
50,0.809978743721877,0.807395765257091,0.809635758707129,21,15.0082395262057,2,"1-2"
54,0.698392427645512,0.84630293774314,0.809635758707129,7,4.8859332976023,1,"1-2"
56,0.767023022523241,0.826311488413548,0.809635758707129,4,3.50824867607013,2,"1-2"
70,1,0.749488167882184,0.809635758707129,2,1.99780411363504,2,"1-2"
76,0.717066642050309,0.788866743486557,0.809635758707129,11,7.88688351055461,3,"3+"
77,1,0.920861060528038,0.809635758707129,2,1.68298765228581,3,"3+"
78,1,0.94744851698777,0.809635758707129,1,1,4,"3+"
79,0.666329075705365,0.852594346780626,0.809635758707129,3,2.9999781238094,3,"3+"
80,1,0.727366819413489,0.809635758707129,1,1,5,"3+"
81,0.850171645100365,0.840194318139178,0.809635758707129,14,12.603541353154,3,"3+"
82,0.9701622477742,0.904670675336302,0.809635758707129,12,6.95028116430298,2,"1-2"
83,0.974092748356815,0.823254914257174,0.809635758707129,24,16.4345243667323,2,"1-2"
84,0.818890659541465,0.877257016047995,0.809635758707129,20,17.0897891493238,3,"3+"
85,1,0.863588569671217,0.809635758707129,4,3.63823760048748,2,"1-2"
87,0.558634033252013,0.830536505904794,0.809635758707129,2,1.97286949442765,2,"1-2"
91,1,0.937770369524557,0.809635758707129,1,1,3,"3+"
92,0.384636819677071,0.668954367318607,0.809635758707129,3,2.20871112614254,2,"1-2"
95,0.286433475027876,0.541423476253698,0.809635758707129,7,5.65108292298955,2,"1-2"
97,1,0.738012872002757,0.809635758707129,9,6.90964712836075,2,"1-2"
101,1,0.909632868348442,0.809635758707129,1,1,2,"1-2"
105,1,0.930274489938173,0.809635758707129,1,1,0,"0"
109,0,0.390880171056916,0.809635758707129,3,1.78856436742167,1,"1-2"
127,0.776086364587576,0.673911863892177,0.809635758707129,4,3.87347704020733,2,"1-2"
129,0,0.630481467084319,0.809635758707129,2,1.97061394747469,1,"1-2"
131,0.578343232902361,0.759160548144415,0.809635758707129,3,2.86966370474857,2,"1-2"
133,0.854312820220158,0.697493989590063,0.809635758707129,4,2.10230987322451,2,"1-2"
135,1,0.929638365904163,0.809635758707129,1,1,1,"1-2"
148,0.777829368675888,0.676046383423112,0.809635758707129,8,6.66520833288573,0,"0"
154,0,0.758062743849726,0.809635758707129,1,1,0,"0"
156,0.661557180530713,0.581559188493391,0.809635758707129,4,3.8252900595579,1,"1-2"
158,0.516128505619597,0.757692850483694,0.809635758707129,7,6.10603380650454,0,"0"
159,0.460681253579463,0.487261983564972,0.809635758707129,5,4.37979562223717,2,"1-2"
179,0.118746214866015,0.654273248223872,0.809635758707129,4,2.94278794351559,0,"0"
182,0.613436889102085,0.594030987519125,0.809635758707129,7,5.74447820806022,1,"1-2"
188,0.287702355937762,0.731427755881033,0.809635758707129,5,3.69058401920504,1,"1-2"
191,0,0.525869092118503,0.809635758707129,2,1.87648084203677,1,"1-2"
199,1,0.941522422216208,0.809635758707129,1,1,3,"3+"
201,1,0.568829129491688,0.809635758707129,2,1.62742264718569,1,"1-2"
221,0.916498242540966,0.808342500515543,0.809635758707129,12,8.64400226472291,1,"1-2"
222,1,0.961693784427784,0.809635758707129,1,1,2,"1-2"
224,1,0.967647069076121,0.809635758707129,2,1.84020268487986,0,"0"
225,0.264680527304715,0.574137262340659,0.809635758707129,2,1.63732978712181,2,"1-2"
229,0.902733543996993,0.917997851144802,0.809635758707129,17,11.9715845955692,0,"0"
231,0.607998903205203,0.785465128121637,0.809635758707129,5,4.05406732535921,2,"1-2"
234,0.739374743546858,0.78864276193972,0.809635758707129,3,2.58260593237241,2,"1-2"
235,1,0.864941580252824,0.809635758707129,1,1,1,"1-2"
237,0.910785136192534,0.914528884060324,0.809635758707129,10,6.933898319322,2,"1-2"
241,1,0.946196166521891,0.809635758707129,1,1,2,"1-2"
242,0,0.6750205095302,0.809635758707129,1,1,2,"1-2"
244,1,0.935403565794818,0.809635758707129,9,7.37653789404368,0,"0"
259,0.904810214671113,0.900590242848262,0.809635758707129,40,23.033771691141,2,"1-2"
260,1,0.968744457940723,0.809635758707129,3,2.55120877671567,0,"0"
262,0.92130313082185,0.816467856835593,0.809635758707129,51,37.6903018679014,0,"0"
273,1,0.883610757158018,0.809635758707129,9,6.10717790070672,2,"1-2"
275,0.931573940107315,0.909769029602389,0.809635758707129,9,7.90812461729879,3,"3+"
276,0.900030372312472,0.64103429979215,0.809635758707129,27,4.75124417292491,4,"3+"
277,0.593615640855534,0.656097036203776,0.809635758707129,12,5.75259194608367,5,"3+"
278,0.894316425457548,0.789408206578662,0.809635758707129,13,7.70364785205929,4,"3+"
279,0.700466847356797,0.718945746557323,0.809635758707129,106,13.612383600551,6,"3+"
280,0.957302163092249,0.825229566987766,0.809635758707129,19,9.78049730809282,2,"1-2"
281,0.859468559368214,0.859140851126708,0.809635758707129,32,19.1776788466818,4,"3+"
282,0.871813116595173,0.878017615654904,0.809635758707129,12,2.70532907107539,4,"3+"
283,0.943047250179596,0.831314221048407,0.809635758707129,9,7.25087037035136,5,"3+"
284,1,0.843220098063486,0.809635758707129,3,2.80405929890786,3,"3+"
285,0.515504688382809,0.701449708356349,0.809635758707129,25,7.95111850151241,5,"3+"
286,0.835161397162241,0.795785954520488,0.809635758707129,16,4.7454221689899,4,"3+"
287,0.611716213940533,0.744778725033953,0.809635758707129,14,7.29587198997743,5,"3+"
288,0.770353944957224,0.852815142227987,0.809635758707129,55,23.6052894224476,7,"3+"
289,0.823758792803524,0.840568503524672,0.809635758707129,17,6.19260476481191,4,"3+"
290,0.894931226629517,0.86459544713569,0.809635758707129,22,12.398719878751,2,"1-2"
291,0.807237426345988,0.828102911527987,0.809635758707129,5,4.59856179834141,5,"3+"
292,0.956873592522231,0.752767140322383,0.809635758707129,12,9.34029235570893,2,"1-2"
293,0.785227879506466,0.924519315589463,0.809635758707129,13,10.3077904096986,1,"1-2"
299,0.765723371344648,0.895299971116169,0.809635758707129,5,3.63961552444244,2,"1-2"
303,1,0.960793996603376,0.809635758707129,1,1,1,"1-2"
305,0.863256343282944,0.814233917121343,0.809635758707129,26,9.46886522879449,4,"3+"
308,1,0.833259947832658,0.809635758707129,3,2.85324580044199,2,"1-2"
309,0.763828740793423,0.860021519914799,0.809635758707129,9,7.93764286350468,1,"1-2"
312,0.917228751575532,0.846659799397311,0.809635758707129,56,41.7985503548724,3,"3+"
314,0.694807982039901,0.887121832733367,0.809635758707129,8,7.5304972169662,2,"1-2"
316,1,0.86981620556828,0.809635758707129,26,18.0028457585651,5,"3+"
321,0.337981953766106,0.549152881817234,0.809635758707129,4,2.09701126909858,3,"3+"
322,0.897427141324693,0.880857703885849,0.809635758707129,9,6.90865512939149,4,"3+"
326,1,0.866792502858522,0.809635758707129,3,2.70156373058585,1,"1-2"
327,0.306884289611842,0.739963443849929,0.809635758707129,2,1.74037940611549,1,"1-2"
331,1,0.746068423620013,0.809635758707129,7,6.38098271923215,5,"3+"
332,0.742370467868927,0.803136173075074,0.809635758707129,134,79.6096279920219,4,"3+"
334,0.5765473080767,0.8099980504489,0.809635758707129,17,6.61846066000872,2,"1-2"
336,0.91601233215407,0.897680822517572,0.809635758707129,10,8.05257624231491,4,"3+"
338,0.568525010035273,0.741359736297235,0.809635758707129,11,9.54619677102392,1,"1-2"
339,0.833311191721514,0.872164365584036,0.809635758707129,10,7.87956026595831,1,"1-2"
340,1,0.967876635195418,0.809635758707129,2,1.54560400583511,2,"1-2"
341,0.899266853379082,0.802460483840327,0.809635758707129,7,6.51809952189555,3,"3+"
342,0.710288916792526,0.80283318019078,0.809635758707129,19,14.9691630942226,5,"3+"
343,1,0.844071211103064,0.809635758707129,9,6.40552928189981,2,"1-2"
345,0.82922137928521,0.831631716642322,0.809635758707129,14,9.98823700025153,5,"3+"
347,0.894275629547533,0.837427660628233,0.809635758707129,37,27.0269589976705,5,"3+"
348,0.788127747976672,0.843623325474882,0.809635758707129,13,10.5222846211534,9,"3+"
349,1,0.805082696040455,0.809635758707129,2,1.8716678095911,5,"3+"
350,1,0.855884329158805,0.809635758707129,2,1.88186617807694,6,"3+"
351,0.950928815973595,0.826889090418599,0.809635758707129,6,5.08029563671356,3,"3+"
352,0.8839712240627,0.751431436595786,0.809635758707129,8,7.01048144509805,4,"3+"
353,1,0.837351351306626,0.809635758707129,2,1.40717590894444,7,"3+"
354,0.679344953355585,0.76217743871463,0.809635758707129,6,3.96097317818701,2,"1-2"
355,1,0.293683658915408,0.809635758707129,2,1.50112713626518,3,"3+"
356,0.522441698582719,0.804851902592488,0.809635758707129,7,3.9022808099511,4,"3+"
357,0.682491907924679,0.852020102265848,0.809635758707129,6,5.07201667251679,5,"3+"
359,0.594539083708576,0.849627845312585,0.809635758707129,18,5.75989096580002,1,"1-2"
360,0.88171869450862,0.79491647651888,0.809635758707129,14,10.2639251617562,5,"3+"
361,0.322056466534018,0.698590653882853,0.809635758707129,2,1.77516535858209,2,"1-2"
363,0.768363923947737,0.735821291367846,0.809635758707129,8,6.35032797884009,4,"3+"
364,0.760871507887981,0.756329949120751,0.809635758707129,4,3.65154039194456,3,"3+"
365,0.760519733831943,0.827691381469718,0.809635758707129,5,4.95037685338031,6,"3+"
366,0.886278158677083,0.883545896609005,0.809635758707129,8,6.6068079093247,7,"3+"
367,0.958678699717574,0.846744169649729,0.809635758707129,11,8.06051496605451,5,"3+"
368,1,0.846383744644135,0.809635758707129,13,10.9118413827888,4,"3+"
370,1,0.941289469553163,0.809635758707129,1,1,3,"3+"
371,0.600954732879125,0.758197773851779,0.809635758707129,7,3.21640379689721,2,"1-2"
373,0.714816208987634,0.800384919947014,0.809635758707129,23,17.1985097980071,3,"3+"
374,1,0.946482205905014,0.809635758707129,6,4.30175876374253,2,"1-2"
375,0.489318756989895,0.779861449204973,0.809635758707129,41,10.8883439096012,3,"3+"
376,0.899831767439243,0.814234952631296,0.809635758707129,9,7.76626481624851,5,"3+"
378,1,0.873259161988601,0.809635758707129,1,1,2,"1-2"
385,1,0.907768251592749,0.809635758707129,1,1,3,"3+"
388,0.786117155860465,0.814367800867992,0.809635758707129,6,4.79905591506354,2,"1-2"
389,0.648363936551603,0.66240329086013,0.809635758707129,6,4.91706255757624,2,"1-2"
392,1,0.919532851448751,0.809635758707129,2,1.34525569489056,2,"1-2"
393,0.67717306512085,0.780482233873558,0.809635758707129,8,6.29323047473174,2,"1-2"
395,0.503729244447266,0.582151468586091,0.809635758707129,8,6.12978163925303,3,"3+"
398,0.878901608235028,0.716157937508105,0.809635758707129,7,6.75265428258448,4,"3+"
399,1,0.845109938772166,0.809635758707129,7,5.13447965802929,0,"0"
402,0,0.749163133933668,0.809635758707129,1,1,2,"1-2"
404,0.483748042350368,0.714964315086283,0.809635758707129,24,15.1604404548338,3,"3+"
412,0.754158061214658,0.665039257658615,0.809635758707129,6,4.48983877394107,0,"0"
415,0.635365768554366,0.837995889682303,0.809635758707129,6,4.87041638960779,2,"1-2"
423,1,0.958330077178732,0.809635758707129,1,1,0,"0"
427,1,0.87368889495835,0.809635758707129,9,6.92333833742855,2,"1-2"
435,0.922574251857181,0.895989404944386,0.809635758707129,6,5.14866272354946,1,"1-2"
437,1,0.886395927291454,0.809635758707129,1,1,4,"3+"
440,0.810840547468428,0.863640244582582,0.809635758707129,8,7.22489751832413,0,"0"
450,0.516044736101431,0.656592437011461,0.809635758707129,4,3.06545247314184,3,"3+"
455,1,0.895989161551495,0.809635758707129,6,5.46986301524976,1,"1-2"
463,1,0.855653751653888,0.809635758707129,6,5.2189686903004,1,"1-2"
466,1,0.852262034312347,0.809635758707129,2,2,0,"0"
468,0.155752213421521,0.825138804651017,0.809635758707129,3,2.60546898474849,1,"1-2"
474,1,0.883399440461889,0.809635758707129,4,3.64514980387451,1,"1-2"
475,0.483320755657123,0.644006213317045,0.809635758707129,3,2.419260519302,1,"1-2"
477,1,0.809168976027776,0.809635758707129,11,9.05744291737992,0,"0"
482,0.813362348183971,0.784519220943079,0.809635758707129,4,3.66039069473412,1,"1-2"
488,0.728542409112619,0.825639153209117,0.809635758707129,6,3.38315093158643,2,"1-2"
491,1,0.824732477146381,0.809635758707129,4,3.56421346426038,1,"1-2"
492,0.965463773545537,0.820991854199925,0.809635758707129,11,8.46214819855142,2,"1-2"
495,1,0.772201495512202,0.809635758707129,6,5.14756046060394,1,"1-2"
498,1,0.742583314260064,0.809635758707129,1,1,2,"1-2"
501,1,0.927645807691068,0.809635758707129,3,2.95022672435741,1,"1-2"
503,1,0.793718025755172,0.809635758707129,5,4.121286349654,1,"1-2"
504,0.93636842985232,0.892122246581321,0.809635758707129,9,6.75430681830595,1,"1-2"
506,1,0.908081920139892,0.809635758707129,4,3.6842015636564,0,"0"
507,0.761508957232927,0.872806866814605,0.809635758707129,6,4.49736886318078,0,"0"
510,1,0.89367852464406,0.809635758707129,1,1,4,"3+"
523,0.88792215005417,0.886273318395411,0.809635758707129,10,8.33705726792962,1,"1-2"
527,0.491544893793257,0.75275122423995,0.809635758707129,2,1.99942825292636,2,"1-2"
532,1,0.881338285147024,0.809635758707129,1,1,1,"1-2"
543,0.695775683362453,0.553950621887463,0.809635758707129,9,7.77687101921591,2,"1-2"
549,0.69530509321722,0.830144290916575,0.809635758707129,11,9.36051679892943,1,"1-2"
559,0.696113201449913,0.764503100958093,0.809635758707129,7,5.55381571966804,4,"3+"
570,0.816284698894901,0.870033413876927,0.809635758707129,10,8.83127816172765,4,"3+"
580,0.868060387476581,0.83739495357974,0.809635758707129,14,11.080772003415,4,"3+"
588,0.46370002945116,0.479726237474306,0.809635758707129,2,1.98951376743072,1,"1-2"
591,1,0.896601154266011,0.809635758707129,3,3,0,"0"
596,1,0.680690347078465,0.809635758707129,1,1,1,"1-2"
597,0.858088170176967,0.872370833179068,0.809635758707129,23,13.9383986666931,2,"1-2"
603,1,0.767979301409226,0.809635758707129,1,1,0,"0"
607,0.575079501717771,0.829606676340481,0.809635758707129,3,2.86703852222263,2,"1-2"
616,0.6962299635817,0.889213279484282,0.809635758707129,7,6.53897622482612,2,"1-2"
634,0.597877249249763,0.781974707441497,0.809635758707129,2,1.92618878536502,1,"1-2"
640,1,0.93463095565167,0.809635758707129,3,2.49093307280277,3,"3+"
647,1,0.853937628261351,0.809635758707129,4,2.9824436497212,0,"0"
662,1,0.62068432192087,0.809635758707129,1,1,2,"1-2"
666,0.355071292496227,0.680201103856111,0.809635758707129,10,8.43494094861208,2,"1-2"
671,1,0.841681034034568,0.809635758707129,5,3.68572906393967,1,"1-2"
677,1,0.826854120272946,0.809635758707129,3,2.73670469244484,2,"1-2"
678,0.181466423341318,0.553886550930538,0.809635758707129,3,2.46821714776283,1,"1-2"
681,0.662001358636449,0.632719854772795,0.809635758707129,12,5.98086500519967,3,"3+"
682,0.508490808307,0.878997996584234,0.809635758707129,4,3.65456587301477,1,"1-2"
683,0.750827013367646,0.782991264814767,0.809635758707129,6,4.87122720153186,1,"1-2"
688,1,0.841252824913643,0.809635758707129,9,7.82994281115574,4,"3+"
692,0.811657326085367,0.778579297988962,0.809635758707129,10,6.35632505111522,3,"3+"
694,0.284380671365563,0.730559043703968,0.809635758707129,5,2.0150016901387,0,"0"
695,0.206331409495348,0.676985321884881,0.809635758707129,3,2.04201896497534,1,"1-2"
698,0.97390884316583,0.752098475825569,0.809635758707129,23,9.25679329025253,5,"3+"
699,0.480027952215244,0.773116508204842,0.809635758707129,5,3.74006038636966,0,"0"
705,1,0.842805684134187,0.809635758707129,6,5.55344893406239,4,"3+"
707,0.517372368629866,0.858305789397484,0.809635758707129,4,3.46299793226007,1,"1-2"
708,1,0.857928127834151,0.809635758707129,4,2.4341312926746,2,"1-2"
709,0.64134552911546,0.824387920169292,0.809635758707129,2,1.8519989238815,1,"1-2"
710,0.451111165632244,0.556228373895771,0.809635758707129,2,1.98106012910818,3,"3+"
713,0,0.792068959922505,0.809635758707129,1,1,2,"1-2"
718,0.929207882361672,0.813191393946059,0.809635758707129,6,2.60791703586389,3,"3+"
719,1,0.836627456725402,0.809635758707129,9,7.65694521120406,3,"3+"
720,0.878873471302349,0.675871257141097,0.809635758707129,15,10.7672683763615,3,"3+"
724,0,0.652880003668249,0.809635758707129,1,1,3,"3+"
725,1,0.88411193958292,0.809635758707129,4,2.83695507212136,3,"3+"
726,0,0.61396271111995,0.809635758707129,1,1,3,"3+"
734,0.835958076040526,0.845093661245996,0.809635758707129,4,2.91855081332579,5,"3+"
736,0.717260512929789,0.764001465303796,0.809635758707129,16,11.5083993964787,3,"3+"
738,0.913693806944113,0.829285614393869,0.809635758707129,13,10.1423283183971,4,"3+"
743,1,0.824369217457842,0.809635758707129,12,7.64278067208616,6,"3+"
749,0.238486562022906,0.861158561995031,0.809635758707129,3,2.19514013565426,2,"1-2"
750,1,0.843010213385267,0.809635758707129,5,4.17963165391369,1,"1-2"
751,0.59865748672633,0.836129955128719,0.809635758707129,7,5.44179511598669,3,"3+"
759,1,0.789437606233855,0.809635758707129,3,2.56022355277517,5,"3+"
760,0.839946749111565,0.839936718927131,0.809635758707129,9,2.99556859980497,3,"3+"
761,0.937258092116542,0.841683676243512,0.809635758707129,9,6.63378438602873,5,"3+"
766,0.774820582745017,0.901327140970186,0.809635758707129,3,2.7063819883123,1,"1-2"
770,0.672742112645846,0.62146918918517,0.809635758707129,25,9.16484619405487,7,"3+"
771,0.180726806492431,0.688844007004122,0.809635758707129,5,2.250412043423,2,"1-2"
774,0.884259289106733,0.7049067911929,0.809635758707129,7,3.97133152964796,2,"1-2"
776,0.221568138727665,0.483438651956646,0.809635758707129,2,1.52660427915164,1,"1-2"
777,0.304890277161295,0.651918129911555,0.809635758707129,7,5.39969481362648,1,"1-2"
778,0.668513290494539,0.405542175355188,0.809635758707129,4,2.16001274913561,2,"1-2"
788,0.645231765913742,0.751158627033525,0.809635758707129,39,13.3127290040931,5,"3+"
789,0.894987981241736,0.768571161717998,0.809635758707129,10,8.30119425998884,2,"1-2"
792,0.568011532000491,0.720556096758722,0.809635758707129,6,3.88156953306873,1,"1-2"
793,0.727569519975026,0.916344527068382,0.809635758707129,9,6.02172695497634,2,"1-2"
795,0.440425971940058,0.876296451317822,0.809635758707129,3,2.43481017609054,5,"3+"
802,1,0.891545937267249,0.809635758707129,3,2.59005263493314,1,"1-2"
809,0.469517980801733,0.731370845043904,0.809635758707129,8,3.1547529438391,0,"0"
819,1,0.734813506564266,0.809635758707129,4,3.96772596246187,1,"1-2"
821,0.659172616896041,0.909878555704205,0.809635758707129,4,3.66036584783669,0,"0"
824,0.808615370104547,0.838238725288235,0.809635758707129,7,4.03543049981268,2,"1-2"
828,1,0.789730869883723,0.809635758707129,8,6.75039291972844,0,"0"
837,1,0.877913831958388,0.809635758707129,2,1.93164173451998,2,"1-2"
839,1,0.839433650302565,0.809635758707129,3,2.76939189055758,1,"1-2"
850,1,0.895840439881643,0.809635758707129,3,2.15202174856759,0,"0"
851,0.723874981410205,0.760222688400255,0.809635758707129,12,9.09851891441286,0,"0"
852,1,0.874082319206874,0.809635758707129,15,13.1594818336346,2,"1-2"
854,1,0.845110850688537,0.809635758707129,4,2.87201980350492,0,"0"
858,0.803800299671241,0.795862648079951,0.809635758707129,15,10.7352648633999,0,"0"
867,1,0.754069827519127,0.809635758707129,3,2.7802251597594,1,"1-2"
873,1,0.851429880130305,0.809635758707129,1,1,0,"0"
877,1,0.850554747443985,0.809635758707129,5,4.69805767999889,0,"0"
883,1,0.885295798885513,0.809635758707129,3,2.70179675576592,1,"1-2"
885,1,0.756696812770676,0.809635758707129,5,4.07534125926019,3,"3+"
886,1,0.911595764493882,0.809635758707129,3,2.86643419181554,1,"1-2"
889,1,0.934757762996645,0.809635758707129,2,1.98043768189827,1,"1-2"
892,0,0.917882893991373,0.809635758707129,2,2,1,"1-2"
894,0.744963721801035,0.678282659831992,0.809635758707129,5,3.87569095318726,1,"1-2"
902,1,0.783753516020436,0.809635758707129,6,4.99697346613733,3,"3+"
906,1,0.803594739709011,0.809635758707129,2,1.8,2,"1-2"
910,0.831403839015571,0.722938132227084,0.809635758707129,15,10.6887709692132,2,"1-2"
911,0.626568844236045,0.626375085136064,0.809635758707129,9,6.29305459182512,2,"1-2"
915,0.850982671900133,0.805343477874864,0.809635758707129,9,2.66156445884608,5,"3+"
916,0.207334536322065,0.684917254915488,0.809635758707129,3,2.12035128560687,2,"1-2"
917,1,0.832292004051064,0.809635758707129,1,1,1,"1-2"
919,1,0.838751414930864,0.809635758707129,2,1.8,3,"3+"
921,0.826387339568419,0.537876018904005,0.809635758707129,5,3.39851748079625,4,"3+"
926,0.75582390590234,0.83195963396575,0.809635758707129,7,6.22710221515715,3,"3+"
928,0.931540976961542,0.827428510635585,0.809635758707129,10,7.18866308967126,3,"3+"
931,1,0.840163047192738,0.809635758707129,2,1.79586081169363,3,"3+"
933,0.848690802818974,0.767083449496241,0.809635758707129,21,11.8462722935779,2,"1-2"
934,1,0.835128535075826,0.809635758707129,1,1,2,"1-2"
935,0.635177136416721,0.818759615412025,0.809635758707129,5,4.18074764006617,3,"3+"
936,0.79123607258206,0.764388494657654,0.809635758707129,9,6.53475820567741,5,"3+"
937,1,0.50383832769691,0.809635758707129,2,1.78481810870979,1,"1-2"
938,0.816618151709813,0.821220103475586,0.809635758707129,5,4.18073943329834,5,"3+"
939,0.844699269962819,0.787734502925637,0.809635758707129,25,16.5895833322511,3,"3+"
940,1,0.448331978734344,0.809635758707129,1,1,2,"1-2"
941,0.618016460717659,0.701844100920705,0.809635758707129,10,6.49105219330292,6,"3+"
943,1,0.855929494343897,0.809635758707129,2,1.98163146416167,1,"1-2"
948,1,0.869253474864065,0.809635758707129,6,5.418329620244,1,"1-2"
949,0.908636787241084,0.890205525382566,0.809635758707129,38,27.4298787726551,2,"1-2"
952,1,0.83510559117017,0.809635758707129,3,2.73035279263893,3,"3+"
953,1,0.807719492619745,0.809635758707129,3,2.72598879759479,3,"3+"
954,0.598829716178182,0.808399380867534,0.809635758707129,8,6.00836461500465,3,"3+"
956,0.965470938886615,0.904256485674586,0.809635758707129,16,10.4013286155942,2,"1-2"
957,1,0.851884439358696,0.809635758707129,1,1,1,"1-2"
958,0.75406682530842,0.898517772310372,0.809635758707129,10,9.20957023411859,2,"1-2"
959,0.731960360706759,0.804726175544217,0.809635758707129,8,6.63631809516772,3,"3+"
960,0.441998670025007,0.799526264340497,0.809635758707129,2,1.9734441181039,1,"1-2"
963,1,0.796395622468432,0.809635758707129,7,6.02352000273877,2,"1-2"
964,0.478514690550793,0.819531712852931,0.809635758707129,3,2.58775676760618,2,"1-2"
966,0.851725687855411,0.878004963255823,0.809635758707129,12,8.28971702905151,5,"3+"
967,1,0.818042490451756,0.809635758707129,4,3.3198897039449,0,"0"
971,0.648408375651494,0.772646539625147,0.809635758707129,4,3.36129279438271,1,"1-2"
972,1,0.904778488181248,0.809635758707129,7,5.83966178514736,3,"3+"
973,0.906232980834712,0.80521836111489,0.809635758707129,9,6.31772660802886,4,"3+"
974,0.903221267088064,0.832367589381686,0.809635758707129,7,6.42809710873915,0,"0"
975,0.822484616077723,0.76361657442797,0.809635758707129,17,12.2993353258704,4,"3+"
978,0,0.896349156437536,0.809635758707129,1,1,3,"3+"
980,0.691499290715129,0.929187333039586,0.809635758707129,63,16.5993860457491,5,"3+"
981,0.84651611630193,0.88958715876441,0.809635758707129,26,7.20502572322265,1,"1-2"
982,0,0.973586572726999,0.809635758707129,1,1,1,"1-2"
985,0.900125731396448,0.856971476953313,0.809635758707129,31,21.4221393327718,3,"3+"
986,0.899667384067622,0.73068824006025,0.809635758707129,19,10.9635892052913,0,"0"
990,0.919074653907635,0.936140867524746,0.809635758707129,53,31.467931292913,2,"1-2"
995,0.512189930117411,0.834459884259664,0.809635758707129,5,3.23655153852874,1,"1-2"
996,0.666363077163706,0.736075860220671,0.809635758707129,11,8.160382636144,4,"3+"
998,0.955990685019473,0.826440231577556,0.809635758707129,31,22.126732527723,4,"3+"
1031,1,0.826175605996675,0.809635758707129,1,1,0,"0"
1056,0.612143132002661,0.748167828000412,0.809635758707129,9,7.03524404058314,0,"0"
1062,0.898341171119592,0.81459773556702,0.809635758707129,6,4.54824447410557,0,"0"
1077,0.443117394543389,0.631772929761383,0.809635758707129,2,1.97444569081163,0,"0"
1086,1,0.740414132093902,0.809635758707129,5,3.92624447374151,0,"0"
1113,0.446105288383373,0.587591656312717,0.809635758707129,4,3.41486621661204,0,"0"
1126,1,0.873809249261552,0.809635758707129,4,3.98560378535404,0,"0"
1139,0.795120614648962,0.821826482921542,0.809635758707129,10,8.78855667209417,0,"0"
1175,0.939996373867778,0.842895691117979,0.809635758707129,5,4.39453999115428,0,"0"
1188,0.480696939428046,0.447540407854003,0.809635758707129,5,4.10536251846634,0,"0"
1192,1,0.854523185548651,0.809635758707129,10,8.64142185340583,0,"0"
1193,0.703388419352159,0.758976029274021,0.809635758707129,5,4.47960042560135,0,"0"
1224,0.594630845177176,0.69667403642199,0.809635758707129,8,6.24332092207898,0,"0"
1248,1,0.891128687155196,0.809635758707129,6,4.99790327753764,3,"3+"
1276,1,0.752187402039709,0.809635758707129,2,1.48011871225632,0,"0"
1346,0.720135586543678,0.769308662921051,0.809635758707129,4,3.34158814909208,0,"0"
1356,1,0.455954208246892,0.809635758707129,1,1,0,"0"
1374,1,0.901707388085597,0.809635758707129,2,1.99857425568124,0,"0"
1433,0.810141953287267,0.83931175040999,0.809635758707129,5,4.62709949393196,0,"0"
1474,1,0.758561961105513,0.809635758707129,1,1,2,"1-2"
1475,0.871855019707723,0.87200583397828,0.809635758707129,4,3.21325580124852,0,"0"
1483,0.751029336443479,0.851165967044225,0.809635758707129,4,3.53535862748108,0,"0"
1500,0.711079691200515,0.771528822284174,0.809635758707129,6,4.90748685831517,1,"1-2"
1512,0.72241317220067,0.893391014096199,0.809635758707129,3,2.7595735574494,3,"3+"
1515,1,0.582629741124325,0.809635758707129,2,1.60706597802446,1,"1-2"
1517,0.525827565082446,0.749584341512745,0.809635758707129,5,4.25784469631312,2,"1-2"
1520,0.733961851374545,0.687226209686548,0.809635758707129,3,2.66152495341398,0,"0"
1531,1,0.962842164019785,0.809635758707129,1,1,2,"1-2"
1565,0.757358332320408,0.684596122405384,0.809635758707129,3,2.56733316431886,0,"0"
1566,0.106060475105298,0.821692322039979,0.809635758707129,5,3.32604720196504,1,"1-2"
1569,1,0.94354350909675,0.809635758707129,4,2.49244675585377,3,"3+"
1592,1,0.750953876046547,0.809635758707129,12,9.68079857238279,1,"1-2"
1598,0.759459876260206,0.586196622525914,0.809635758707129,8,7.25286184746898,0,"0"
1602,0.736773489197221,0.762765755389399,0.809635758707129,3,2.92364786184229,2,"1-2"
1608,1,0.884100730434123,0.809635758707129,2,1.99778328438754,1,"1-2"
1620,1,0.823035424359961,0.809635758707129,2,1.99857425568124,0,"0"
1623,0.590263110351467,0.793786598597159,0.809635758707129,2,1.93687770496858,0,"0"
1626,0.829666173947205,0.801793666977899,0.809635758707129,8,6.51105488969661,1,"1-2"
1629,0.749624394064226,0.691026952731936,0.809635758707129,4,3.66330695910846,2,"1-2"
1632,1,0.657980928191646,0.809635758707129,6,2.97354237686995,2,"1-2"
1640,1,0.84464576425142,0.809635758707129,2,1.90331415777803,1,"1-2"
1654,0.450504536022773,0.594919130170896,0.809635758707129,3,2.42474366743879,3,"3+"
1666,0.5337587415668,0.797168164172712,0.809635758707129,4,3.5220707498767,0,"0"
1678,1,0.947148582454214,0.809635758707129,2,1.89683824066028,0,"0"
1695,0.927534702391418,0.925921316549028,0.809635758707129,5,3.68428617696494,1,"1-2"
1722,0,0.673056573397172,0.809635758707129,1,1,1,"1-2"
1735,1,0.677287638956312,0.809635758707129,2,1.93350811025555,3,"3+"
1751,0.354894121799257,0.711292154773598,0.809635758707129,6,4.58049520927493,4,"3+"
1756,0.754531184272869,0.68702134662264,0.809635758707129,4,3.19302113170914,1,"1-2"
1757,0.923898606355655,0.809344410114243,0.809635758707129,17,13.6296613335916,6,"3+"
1758,1,0.795393529247525,0.809635758707129,6,5.25757666851883,0,"0"
1763,1,0.724106213217623,0.809635758707129,2,1.99405815432566,3,"3+"
1774,0.798673859410935,0.753180976302216,0.809635758707129,12,8.88347856610641,1,"1-2"
1780,0.695843301851321,0.724397730250299,0.809635758707129,7,5.23486537388546,0,"0"
1785,1,0.733273071574213,0.809635758707129,3,2.96452241178368,1,"1-2"
1792,1,0.823372096171136,0.809635758707129,2,1.61044442519278,6,"3+"
1798,1,0.769552214821903,0.809635758707129,1,1,0,"0"
1800,0.670537062392978,0.785078623469923,0.809635758707129,5,4.36797671014251,1,"1-2"
1803,0.274233253119347,0.670756238422551,0.809635758707129,6,4.00652535325504,1,"1-2"
1805,1,0.934831687520991,0.809635758707129,7,5.11860672441052,5,"3+"
1807,0.881406616512013,0.85469078620674,0.809635758707129,9,7.01651496126566,3,"3+"
1808,1,0.88971279780725,0.809635758707129,2,1.92912404753609,3,"3+"
1810,0.823563565839112,0.849542934010446,0.809635758707129,22,18.1711655021458,4,"3+"
1812,1,0.78774285060848,0.809635758707129,2,1.57259301041764,1,"1-2"
1814,0.814620165780576,0.84159249552964,0.809635758707129,8,6.41840884825852,3,"3+"
1815,0.97800301049412,0.788248874689927,0.809635758707129,64,14.5477096265726,5,"3+"
1817,1,0.880678796106647,0.809635758707129,3,2.15043160366086,2,"1-2"
1819,0.777481794844107,0.751767239412291,0.809635758707129,12,9.77103205714981,6,"3+"
1821,1,0.938624161150962,0.809635758707129,3,2.87856567268386,1,"1-2"
1823,0.69674556256101,0.824439776841871,0.809635758707129,17,7.55745076014407,3,"3+"
1824,0.785499839929138,0.794693474528031,0.809635758707129,31,17.589495107605,1,"1-2"
1825,0.752320568084269,0.817482127464576,0.809635758707129,20,16.0811212129102,0,"0"
1827,0.566560476251625,0.793983407336197,0.809635758707129,11,9.10863611233361,3,"3+"
1829,1,0.81303729958826,0.809635758707129,2,1.93715966088104,2,"1-2"
1830,1,0.864247513347667,0.809635758707129,2,1.95366679976301,2,"1-2"
1831,0.911709903991548,0.573155943034769,0.809635758707129,4,2.70472261437317,4,"3+"
1832,0.717011878634485,0.726696810562287,0.809635758707129,6,5.23460554643742,1,"1-2"
1833,1,0.895767010768008,0.809635758707129,3,2.78319156774588,1,"1-2"
1834,0.879747050948,0.895172098213837,0.809635758707129,7,6.75606964700937,0,"0"
1839,0.709340072731385,0.841258263945547,0.809635758707129,21,12.6406912667384,0,"0"
1846,0.666666666666666,0.928968922412258,0.809635758707129,2,1.8,1,"1-2"
1848,1,0.898978514332585,0.809635758707129,11,8.66262480077431,1,"1-2"
1853,0.719407634097186,0.782235439534659,0.809635758707129,12,8.04265066854288,2,"1-2"
1856,0.994292064192987,0.861095795786636,0.809635758707129,37,16.8858795149405,1,"1-2"
1865,0.790672204672379,0.831273290454638,0.809635758707129,8,6.81826796501727,0,"0"
1869,1,0.972744551482377,0.809635758707129,3,2.87446440445158,3,"3+"
1876,1,0.856861697026192,0.809635758707129,8,7.64302965278681,4,"3+"
1882,0.892513565985402,0.749681805031479,0.809635758707129,10,8.83407649906182,0,"0"
1887,1,0.906095857105174,0.809635758707129,1,1,0,"0"
1890,0.23494492564322,0.603573149000625,0.809635758707129,3,2.59290496805219,4,"3+"
1891,1,0.862291655252772,0.809635758707129,11,8.01752769955259,2,"1-2"
1892,0.781469327855069,0.83388587492078,0.809635758707129,5,4.81841637133028,1,"1-2"
1894,1,0.932736999401737,0.809635758707129,12,8.0728020764953,1,"1-2"
1897,0.956421610419207,0.904840981393797,0.809635758707129,33,20.218885431545,1,"1-2"
1898,1,0.907569250039102,0.809635758707129,9,7.85521625965291,3,"3+"
1901,0.796266174087014,0.832614575732682,0.809635758707129,8,6.94634737628299,0,"0"
1902,0.336372834915263,0.678712236621504,0.809635758707129,6,3.78878778174921,0,"0"
1903,0.90068905524758,0.789929198013857,0.809635758707129,7,4.54692541111865,2,"1-2"
1904,0.870831801738863,0.853256576019494,0.809635758707129,31,16.5587293696915,0,"0"
1905,1,0.947582457577105,0.809635758707129,3,2.85075431680781,2,"1-2"
1907,0.861918039630971,0.87837935577168,0.809635758707129,19,12.353677337959,3,"3+"
1908,0.876574270778108,0.875259453510576,0.809635758707129,43,24.0576040636901,1,"1-2"
1909,1,0.853831664355866,0.809635758707129,5,3.77935244707292,3,"3+"
1910,0.891069878527695,0.876149530072928,0.809635758707129,34,24.0507115208555,2,"1-2"
1913,1,0.650043773997578,0.809635758707129,4,3.33724303724701,2,"1-2"
1924,1,0.905519913431464,0.809635758707129,4,3.56021392815624,1,"1-2"
1925,0.943054380090742,0.883684225008441,0.809635758707129,21,13.1722907569688,1,"1-2"
1928,0.716435115487853,0.773240561120324,0.809635758707129,7,5.96462114323174,0,"0"
1932,1,0.911785820339495,0.809635758707129,9,7.62799433900434,2,"1-2"
1933,0.657150764630249,0.806900141315512,0.809635758707129,9,7.26201696882261,1,"1-2"
1935,1,0.897572758568596,0.809635758707129,13,11.2691825885469,2,"1-2"
1940,0.931616523734854,0.871033975661203,0.809635758707129,46,33.104445858082,0,"0"
1942,1,0.940586837043,0.809635758707129,1,1,1,"1-2"
1946,0.630232886694384,0.882228058616106,0.809635758707129,4,3.54574355197841,2,"1-2"
1955,1,0.885165595231269,0.809635758707129,4,2.43494449174052,1,"1-2"
1966,0.799133683073661,0.862960891044659,0.809635758707129,17,10.9777819345474,1,"1-2"
1967,0.90405034579301,0.885461588958908,0.809635758707129,16,14.2986605438019,0,"0"
1968,0.461855670103093,0.882587307852643,0.809635758707129,2,1.98842743264833,1,"1-2"
1971,1,0.981766412639837,0.809635758707129,1,1,1,"1-2"
1983,0.755986760099915,0.754124896728642,0.809635758707129,17,15.1545706630285,3,"3+"
1984,1,0.777534775748922,0.809635758707129,3,2.80417178338998,1,"1-2"
1985,1,0.523036867332394,0.809635758707129,3,2.55373481906346,2,"1-2"
1988,0.918150702150147,0.868202132702003,0.809635758707129,8,6.11133873164457,3,"3+"
1989,0.706160106562792,0.776298579533112,0.809635758707129,26,19.9376042870495,3,"3+"
1991,0.925519489560649,0.766755901551221,0.809635758707129,33,18.9283065364399,5,"3+"
1992,0.855530771225887,0.796057087874484,0.809635758707129,18,12.0553687709971,2,"1-2"
1993,0.74959630072346,0.847040937496591,0.809635758707129,12,8.57627160459324,5,"3+"
1994,0.856598674260022,0.776362155686033,0.809635758707129,22,16.6549892539781,1,"1-2"
1995,0.228000719438767,0.59338253693432,0.809635758707129,3,2.00826203052116,3,"3+"
1996,0.631150853135621,0.758242844831366,0.809635758707129,4,3.52804915330593,3,"3+"
1997,0.879647258749573,0.664931176994822,0.809635758707129,7,6.64211919166005,2,"1-2"
1998,0.793742599482799,0.636560178788259,0.809635758707129,16,10.6852127246667,2,"1-2"
1999,0,0.339731895568096,0.809635758707129,1,1,1,"1-2"
2000,0.677665840240587,0.76899815092703,0.809635758707129,24,8.14390451752664,2,"1-2"
2001,1,0.920641297726494,0.809635758707129,8,5.29650733600047,1,"1-2"
2010,0.739719042213928,0.727355068936183,0.809635758707129,15,10.099551445385,3,"3+"
2012,0.817760438688668,0.86871466038605,0.809635758707129,6,5.69857246406672,0,"0"
2014,1,0.796289196759056,0.809635758707129,10,8.11781447221658,1,"1-2"
2015,1,0.931347015822878,0.809635758707129,1,1,1,"1-2"
2016,1,0.856337380152488,0.809635758707129,5,3.5052482262792,2,"1-2"
2020,0.807348880009154,0.718055353330869,0.809635758707129,21,12.939784438971,0,"0"
2023,1,0.823486537090621,0.809635758707129,1,1,2,"1-2"
2026,1,0.85760746925421,0.809635758707129,8,6.76797952577832,0,"0"
2030,1,0.856284715866089,0.809635758707129,1,1,1,"1-2"
2032,0.735613223841884,0.816359425581707,0.809635758707129,5,4.59189458303388,2,"1-2"
2038,0.93284988757573,0.865929308866384,0.809635758707129,8,5.41086012467763,1,"1-2"
2042,0.722254229319996,0.788427868727519,0.809635758707129,7,5.62920238508828,0,"0"
2043,1,0.907333178843067,0.809635758707129,4,3.02601159568769,3,"3+"
2046,0.712219747919537,0.831693611198724,0.809635758707129,12,10.1601637127179,3,"3+"
2048,1,0.683915911108829,0.809635758707129,3,2.35526638500815,1,"1-2"
2051,1,0.772327875990432,0.809635758707129,3,2.75846543363135,4,"3+"
2056,1,0.726090851442061,0.809635758707129,5,3.91967419166777,4,"3+"
2057,0.882509484834433,0.812614083076008,0.809635758707129,5,4.75511038450555,1,"1-2"
2058,1,0.800308876905284,0.809635758707129,7,6.34841269787405,0,"0"
2059,1,0.747153081999244,0.809635758707129,4,3.78187697878782,3,"3+"
2062,0.821983193360759,0.758909040985517,0.809635758707129,5,4.59424222344991,2,"1-2"
2066,0.740995325817982,0.733314875640073,0.809635758707129,2,1.62296167704388,3,"3+"
2067,0.354975465825992,0.624146486659002,0.809635758707129,4,3.07775905700681,2,"1-2"
2068,0.489079551928793,0.527461545054625,0.809635758707129,4,3.31091143845154,4,"3+"
2072,0.515271125255004,0.862718570548964,0.809635758707129,2,1.99813608058578,2,"1-2"
2073,0.467981786200366,0.599162211501741,0.809635758707129,3,2.46835382438553,2,"1-2"
2076,0.59467236160078,0.725234144795015,0.809635758707129,10,9.16665937589012,1,"1-2"
2077,0.580132268927625,0.712770953340205,0.809635758707129,13,9.47329861593475,3,"3+"
2078,0.585554751361501,0.752661847434292,0.809635758707129,3,2.82002364412148,4,"3+"
2079,0,0.768676742464354,0.809635758707129,2,1.58840741773645,2,"1-2"
2080,0.141811898798111,0.708072785628028,0.809635758707129,4,3.43115244040295,3,"3+"
2081,1,0.853126574419097,0.809635758707129,1,1,1,"1-2"
2084,1,0.915976676083046,0.809635758707129,1,1,2,"1-2"
2085,0.748680726936249,0.661826575661921,0.809635758707129,5,4.64561422163302,0,"0"
2088,1,0.771706228553397,0.809635758707129,10,7.61932431719569,2,"1-2"
2089,0.891766067237954,0.828429866755229,0.809635758707129,4,3.45668878924694,2,"1-2"
2091,1,0.581369818370843,0.809635758707129,1,1,2,"1-2"
2096,0,0.655266650219859,0.809635758707129,1,1,4,"3+"
2100,1,0.842966302966233,0.809635758707129,5,3.89206071995734,2,"1-2"
2112,1,0.702291624269311,0.809635758707129,4,3.73650748664595,1,"1-2"
2113,0.889805428453886,0.783425893393295,0.809635758707129,6,4.92265932480348,0,"0"
2118,1,0.930779256759211,0.809635758707129,2,1.7841166788419,2,"1-2"
2123,1,0.686615650021878,0.809635758707129,3,2.60677961841726,1,"1-2"
2127,0.605194891098026,0.868718111102182,0.809635758707129,2,1.91522475855226,1,"1-2"
2134,1,0.812340991028381,0.809635758707129,2,1.84750595062882,1,"1-2"
2155,0.954365330506889,0.757036091889222,0.809635758707129,9,5.91569623491771,1,"1-2"
2157,1,0.481477713494466,0.809635758707129,1,1,2,"1-2"
2163,1,0.914011514400879,0.809635758707129,2,1.74653095315608,1,"1-2"
2166,1,0.864421750658483,0.809635758707129,5,4.43168485799341,2,"1-2"
2168,1,0.899743782139899,0.809635758707129,1,1,1,"1-2"
2169,0.602636607929162,0.56038387046082,0.809635758707129,3,2.88901370880744,1,"1-2"
2187,0.696853009046138,0.554692122050321,0.809635758707129,3,2.59774482049477,0,"0"
2202,1,0.703021269803415,0.809635758707129,3,2.90772202261304,2,"1-2"
2205,1,0.812622141023095,0.809635758707129,4,3.63770526346376,1,"1-2"
2214,0.359126970590892,0.594964742718267,0.809635758707129,7,5.25235594719183,1,"1-2"
2222,1,0.764929301945741,0.809635758707129,2,1.82194272803265,0,"0"
2227,0.909978933411634,0.797433570245983,0.809635758707129,7,5.56069505713937,2,"1-2"
2229,0.27065811610356,0.68525432985014,0.809635758707129,3,2.92135613689458,2,"1-2"
2233,0.540529297976322,0.745642292763008,0.809635758707129,5,4.79720622447472,0,"0"
2243,0.745416907764267,0.830251337568644,0.809635758707129,4,3.74360516796938,2,"1-2"
2250,0.557950425134559,0.874747575724278,0.809635758707129,2,1.97349009357484,0,"0"
2277,0.423576348752566,0.810865474099347,0.809635758707129,4,3.57323255179673,0,"0"
2280,1,0.846606985360639,0.809635758707129,15,13.6567616460866,3,"3+"
2281,0.778679408400077,0.907403612698266,0.809635758707129,4,3.79409285433146,4,"3+"
2288,0.694146507956351,0.782528814689257,0.809635758707129,3,2.89165423314268,0,"0"
2291,1,0.803212657163285,0.809635758707129,4,3.79327911788355,1,"1-2"
2298,0.345025523413182,0.473250753727132,0.809635758707129,7,4.2682810441391,0,"0"
2299,0.906047574153922,0.910145958387964,0.809635758707129,6,5.41565654871035,2,"1-2"
2303,0.723631077529448,0.784122291636192,0.809635758707129,9,8.21280288886904,0,"0"
2307,0.525226260867683,0.861987145568657,0.809635758707129,5,4.51986535696582,0,"0"
2311,0.44723374002898,0.759513874864111,0.809635758707129,2,1.97797111267164,2,"1-2"
2314,0.982796094970634,0.856772433336591,0.809635758707129,11,7.43938826425329,0,"0"
2318,0.951945972392968,0.826711658783415,0.809635758707129,7,5.04549022624648,3,"3+"
2333,0.942841718378082,0.77135936854939,0.809635758707129,6,4.78609850589031,2,"1-2"
2335,1,0.89183513040149,0.809635758707129,2,1.98990094895061,1,"1-2"
2348,0.958914855934615,0.857592912125505,0.809635758707129,39,13.7601740043971,2,"1-2"
2349,0.871043905010452,0.773465406374732,0.809635758707129,5,4.01546206077541,2,"1-2"
2363,1,0.88224754089644,0.809635758707129,3,2.67217639246006,1,"1-2"
2365,0.730704472989149,0.807439129877013,0.809635758707129,8,7.55214602205094,1,"1-2"
2374,0.838566331138285,0.711297158253152,0.809635758707129,4,3.539284371946,2,"1-2"
2376,0.748453827805858,0.801507896229796,0.809635758707129,6,4.1171856930214,1,"1-2"
2378,1,0.840823288312249,0.809635758707129,4,3.53207651754904,2,"1-2"
2383,1,0.561980189215617,0.809635758707129,1,1,0,"0"
2385,1,0.833593245401834,0.809635758707129,1,1,1,"1-2"
2387,1,0.811610887121528,0.809635758707129,1,1,2,"1-2"
2404,0.834075865185849,0.922784401387262,0.809635758707129,6,5.41328572967686,2,"1-2"
2408,0.843743753949732,0.789993312126168,0.809635758707129,5,4.40453179926568,0,"0"
2409,0.663268169076569,0.755674102718547,0.809635758707129,7,5.86829978051495,1,"1-2"
2410,0.85429813008853,0.826662491066991,0.809635758707129,6,5.15918989579228,1,"1-2"
2414,1,0.923927319773533,0.809635758707129,4,3.69286179723064,1,"1-2"
2422,0.344568423434007,0.927115274424245,0.809635758707129,2,1.82375937177079,0,"0"
2425,1,0.867524521259361,0.809635758707129,5,4.90655062080671,5,"3+"
2426,1,0.833234422915584,0.809635758707129,2,1.56172583538081,3,"3+"
2428,0.493265156302728,0.837796672124826,0.809635758707129,7,4.93300063201374,2,"1-2"
2430,0.779443903683682,0.695620293951647,0.809635758707129,9,7.24539192198571,3,"3+"
2431,0.856835637092224,0.770812527603735,0.809635758707129,14,9.97086981259958,5,"3+"
2433,1,0.679425123156995,0.809635758707129,3,2.69212896994007,3,"3+"
2436,1,0.89150544166878,0.809635758707129,2,1.83657913620949,4,"3+"
2439,1,0.837861454382308,0.809635758707129,9,7.08067659134376,0,"0"
2441,1,0.942429115667647,0.809635758707129,2,1.65408258984627,5,"3+"
2451,0.872852288918161,0.865138969415344,0.809635758707129,20,13.0583912102155,3,"3+"
2455,0.667502495382543,0.832192995143879,0.809635758707129,12,7.62152779601559,3,"3+"
2463,1,0.804145420993186,0.809635758707129,11,8.47881548125696,1,"1-2"
2464,0.908342039141629,0.759396190517295,0.809635758707129,8,3.77735836707819,4,"3+"
2466,1,0.733262756402028,0.809635758707129,6,3.70384031588051,1,"1-2"
2467,1,0.896024765593642,0.809635758707129,8,7.52183488371344,2,"1-2"
2468,1,0.84280402462252,0.809635758707129,6,5.80288072871997,0,"0"
2469,0.766432351567157,0.723835885490579,0.809635758707129,6,5.14079767588908,4,"3+"
2471,1,0.931825330386359,0.809635758707129,6,5.23337042956555,0,"0"
2473,0.564585969920126,0.88669664741857,0.809635758707129,8,6.48922749924537,3,"3+"
