"muni_idx","prev_ESH","prev_AHA","diferencia_pp","cve_ent","cve_mun","nomgeo"
1,0.773512517005849,0.415982792579356,-35.7529724426494,"01","005","Jesús María"
3,0.790435246766086,0.586924520401458,-20.3510726364628,"01","001","Aguascalientes"
4,0.590811836376789,0.320510758160135,-27.0301078216654,"01","004","Cosío"
6,0.708412752691747,0.459999872770635,-24.8412879921112,"01","006","Pabellón de Arteaga"
9,0.651798950651429,0.457128260979975,-19.4670689671454,"01","002","Asientos"
10,0.689152866681039,0.495690377694603,-19.3462488986437,"01","009","Tepezalá"
12,0.709552798049155,0.489037861741124,-22.0514936308032,"02","003","Tecate"
13,0.620073357044824,0.403926775378146,-21.6146581666678,"02","004","Tijuana"
14,0.642486366126519,0.378875684759381,-26.3610681367138,"02","001","Ensenada"
15,0.603117732456929,0.360932523193719,-24.218520926321,"02","006","San Quintín"
17,0.610389803033222,0.389189228013913,-22.1200575019309,"02","002","Mexicali"
18,0.719581974580062,0.536349757422786,-18.3232217157276,"02","005","Playas de Rosarito"
19,0.608303527035122,0.36294995377695,-24.5353573258172,"03","002","Mulegé"
21,0.62516183643453,0.387638819492394,-23.7523016942136,"03","008","Los Cabos"
22,0.696122068033241,0.478067011758776,-21.8055056274464,"03","003","La Paz"
23,0.756287984691212,0.545056811996263,-21.1231172694949,"03","001","Comondú"
24,0.722130653568441,0.496460724967636,-22.5669928600805,"04","003","Carmen"
25,0.716412142596318,0.540789793652847,-17.5622348943471,"04","007","Palizada"
28,0.55122716250194,0.307207935373365,-24.4019227128575,"04","004","Champotón"
29,0.629193926264157,0.501398848512506,-12.7795077751651,"04","011","Candelaria"
31,0.638279615940459,0.461365793891568,-17.6913822048891,"04","002","Campeche"
32,0.455185878229238,0.249897432826216,-20.5288445403022,"04","006","Hopelchén"
33,0.590109919315572,0.328765509994362,-26.134440932121,"04","001","Calkiní"
35,0.619127698571832,0.335527794138038,-28.3599904433794,"04","009","Escárcega"
36,0.520825720228781,0.326537419875331,-19.4288300353451,"04","008","Tenabo"
38,0.700327338467676,0.443924548175248,-25.6402790292427,"05","017","Matamoros"
39,0.777909696409969,0.555577867007719,-22.233182940225,"05","018","Monclova"
41,0.693493593312495,0.436514804195505,-25.697878911699,"05","035","Torreón"
45,0.655222930491334,0.431646745163263,-22.357618532807,"05","024","Parras"
46,0.660249430001995,0.424025238990666,-23.6224191011329,"05","026","Progreso"
47,0.574667611292872,0.310705204231093,-26.3962407061779,"05","027","Ramos Arizpe"
48,0.728641031508773,0.548264902434847,-18.0376129073926,"05","025","Piedras Negras"
50,0.658822832590465,0.426371531762304,-23.2451300828161,"05","030","Saltillo"
54,0.599509085393484,0.371837282431613,-22.7671802961871,"05","002","Acuña"
56,0.684974610162727,0.480779649391666,-20.419496077106,"05","033","San Pedro"
70,0.53782290793472,0.297027252454434,-24.0795655480286,"05","038","Zaragoza"
76,0.731354140093541,0.39107100210126,-34.0283137992281,"06","002","Colima"
77,0.72582115801299,0.572560306186878,-15.3260851826112,"06","005","Cuauhtémoc"
78,0.714325564489669,0.526254773444454,-18.8070791045215,"06","008","Minatitlán"
79,0.714578127321876,0.48022948589648,-23.4348641425396,"06","001","Armería"
80,0.625539462644864,0.419979308792653,-20.5560153852211,"06","004","Coquimatlán"
81,0.671076374908886,0.436140159914656,-23.4936214994231,"06","010","Villa de Álvarez"
82,0.661023448779181,0.469970306111048,-19.1053142668132,"06","003","Comala"
83,0.722941012493672,0.446833039014711,-27.6107973478961,"06","007","Manzanillo"
84,0.716695521162755,0.464431007727309,-25.2264513435445,"06","009","Tecomán"
85,0.636118672881819,0.428638355296824,-20.7480317584996,"07","019","Comitán de Domínguez"
87,0.563732875232186,0.382366085520061,-18.1366789712125,"07","020","La Concordia"
91,0.502299049759375,0.272180195086486,-23.0118854672889,"07","108","Villaflores"
92,0.55015739126113,0.343462869091795,-20.6694522169335,"07","107","Villa Corzo"
95,0.675973758462871,0.412643649892529,-26.3330108570342,"07","103","Tuzantán"
97,0.646726866111979,0.49255547696364,-15.4171389148338,"07","101","Tuxtla Gutiérrez"
101,0.545487452603784,0.411794225990222,-13.3693226613562,"07","057","Motozintla"
105,0.604452629599013,0.440663093430092,-16.3789536168921,"07","076","Sabanilla"
109,0.574677787845743,0.35867557800799,-21.6002209837753,"07","051","Mapastepec"
113,0.449496846667132,0.272852412766977,-17.6644433900156,"07","022","Chalchihuitán"
127,0.508571985045331,0.303734480893655,-20.4837504151676,"07","052","Las Margaritas"
129,0.672065720907797,0.488350358647675,-18.3715362260122,"07","083","Socoltenango"
131,0.518218020407665,0.355073271880025,-16.314474852764,"07","089","Tapachula"
133,0.751823134942348,0.524134142359044,-22.7688992583304,"07","027","Chiapa de Corzo"
135,0.543841237864283,0.377903342955612,-16.5937894908671,"07","046","Jiquipilas"
146,0.412239927363743,0.219197520934631,-19.3042406429112,"07","008","Ángel Albino Corzo"
148,0.652067613659337,0.454503647822286,-19.7563965837051,"07","031","Chilón"
154,0.619436828404702,0.344316430944548,-27.5120397460154,"07","058","Nicolás Ruíz"
156,0.550939249838447,0.360166054993499,-19.0773194844948,"07","040","Huixtla"
158,0.566647512510776,0.309043371426202,-25.7604141084573,"07","039","Huitiupán"
159,0.4949532588326,0.316937407536447,-17.8015851296153,"07","099","La Trinitaria"
179,0.647676984607819,0.437429837562758,-21.0247147045061,"07","013","Bochil"
182,0.706093794408298,0.504928048570195,-20.1165745838103,"07","094","Teopisca"
188,0.700040405502342,0.47106481217644,-22.8975593325902,"07","078","San Cristóbal de las Casas"
191,0.631986535984216,0.451555678425822,-18.0430857558393,"07","115","Maravilla Tenejapa"
199,0.698721824686509,0.530537054307931,-16.8184770378578,"07","061","Ocozocoautla de Espinosa"
201,0.604252479768057,0.416527559972763,-18.7724919795294,"07","087","Suchiate"
221,0.609936230941888,0.482911918509025,-12.7024312432863,"08","050","Nuevo Casas Grandes"
222,0.676740543955714,0.483193702815447,-19.3546841140267,"08","031","Guerrero"
223,0.533192078184414,0.508734602625371,-2.4457475559043,"08","055","Rosales"
224,0.782412801242733,0.585024866025987,-19.7387935216745,"08","025","Gómez Farías"
225,0.561725510280258,0.305674796526308,-25.605071375395,"08","023","Galeana"
229,0.745630202598129,0.590880656481304,-15.4749546116825,"08","021","Delicias"
231,0.635370005120865,0.405539378450968,-22.9830626669897,"08","017","Cuauhtémoc"
234,0.660029632682698,0.469447908852429,-19.0581723830269,"08","052","Ojinaga"
235,0.727468807810747,0.399382008983442,-32.8086798827305,"08","013","Casas Grandes"
237,0.682462426402635,0.469546939541008,-21.2915486861627,"08","011","Camargo"
241,0.860377487608406,0.647328493638692,-21.3048993969714,"08","006","Bachíniva"
242,0.635931013724383,0.370834285210673,-26.509672851371,"08","004","Aquiles Serdán"
244,0.767909751930103,0.678492699531178,-8.94170523989255,"08","032","Hidalgo del Parral"
259,0.705407096009278,0.490226234329602,-21.5180861679676,"08","019","Chihuahua"
260,0.565233952313777,0.434434571537936,-13.0799380775841,"08","064","El Tule"
262,0.712393826990478,0.476701650983609,-23.5692176006869,"08","037","Juárez"
273,0.793213923763288,0.55750948728694,-23.5704436476348,"08","036","Jiménez"
275,0.686364476492514,0.558601489054736,-12.7762987437778,"08","002","Aldama"
276,0.646844124662626,0.449734935313025,-19.7109189349601,"09","012","Tlalpan"
277,0.719772553230474,0.498415122533015,-22.1357430697459,"09","009","Milpa Alta"
278,0.752100005067163,0.52235447357917,-22.9745531487993,"09","015","Cuauhtémoc"
279,0.742537299361548,0.51106246917883,-23.1474830182719,"09","007","Iztapalapa"
280,0.736736704302765,0.479646435193043,-25.7090269109722,"09","008","La Magdalena Contreras"
281,0.758116288735716,0.507763134063904,-25.0353154671812,"09","010","Álvaro Obregón"
282,0.727163630958977,0.459612427949522,-26.7551203009455,"09","003","Coyoacán"
283,0.729934646900012,0.473182525139471,-25.675212176054,"09","016","Miguel Hidalgo"
284,0.778014097837999,0.502208769086645,-27.5805328751354,"09","004","Cuajimalpa de Morelos"
285,0.742306118999414,0.563310128772367,-17.8995990227047,"09","006","Iztacalco"
286,0.70707375907565,0.507992590027949,-19.9081169047701,"09","011","Tláhuac"
287,0.602706352751725,0.391414018106365,-21.129233464536,"09","013","Xochimilco"
288,0.73696864419499,0.529802403060207,-20.7166241134782,"09","005","Gustavo A. Madero"
289,0.755106100148101,0.550142417842183,-20.4963682305918,"09","002","Azcapotzalco"
290,0.668310037061685,0.463325005059099,-20.4985032002586,"09","017","Venustiano Carranza"
291,0.718243195410243,0.490968112552229,-22.7275082858014,"09","014","Benito Juárez"
292,0.714991486899572,0.537965898834845,-17.7025588064727,"10","006","General Simón Bolívar"
293,0.704772177435782,0.483273350052497,-22.1498827383284,"10","008","Guadalupe Victoria"
299,0.708378153494832,0.459743930188503,-24.8634223306329,"10","038","Vicente Guerrero"
303,0.713113959810109,0.509991879812886,-20.3122079997224,"10","032","Santiago Papasquiaro"
305,0.627019385289968,0.435662070619194,-19.1357314670773,"10","007","Gómez Palacio"
308,0.736718033129005,0.488508030922248,-24.8210002206757,"10","022","Poanas"
309,0.683071816540168,0.425770341176104,-25.7301475364064,"10","028","San Juan del Río"
312,0.718917903269921,0.509158967374076,-20.9758935895845,"10","005","Durango"
314,0.647663603333551,0.462196957765541,-18.546664556801,"10","033","Súchil"
316,0.767416875522928,0.540904137396276,-22.6512738126651,"10","012","Lerdo"
321,0.672275828234147,0.462371562785429,-20.9904265448718,"10","013","Mapimí"
322,0.783997035531905,0.573425577325567,-21.0571458206337,"10","016","Nombre de Dios"
326,0.715200075685564,0.494179674106066,-22.1020401579499,"10","039","Nuevo Ideal"
327,0.716805003230614,0.385553795977099,-33.1251207253514,"10","021","Peñón Blanco"
331,0.615511276548991,0.427704083151593,-18.7807193397399,"11","019","Jerécuaro"
332,0.724115911334949,0.504691125816727,-21.9424785518222,"11","020","León"
334,0.637234579053306,0.433430495517697,-20.3804083535609,"11","023","Pénjamo"
336,0.714021288571839,0.554253011059618,-15.9768277512221,"11","039","Tarimoro"
338,0.59452643044939,0.377125316435838,-21.7401114013552,"11","041","Uriangato"
339,0.702760237333919,0.456706693251794,-24.6053544082125,"11","002","Acámbaro"
340,0.605385845315734,0.371296917481461,-23.4088927834273,"11","012","Cuerámaro"
341,0.658233532740739,0.444452859872438,-21.3780672868302,"11","013","Doctor Mora"
342,0.731863990648515,0.506716365409529,-22.5147625238986,"11","014","Dolores Hidalgo Cuna de la Independencia Nacional"
343,0.698938039389951,0.442182789422418,-25.6755249967534,"11","022","Ocampo"
345,0.658169942362443,0.446313944154349,-21.1855998208094,"11","030","San Felipe"
347,0.672162632269215,0.420171011991075,-25.199162027814,"11","007","Celaya"
348,0.612744022695951,0.38962001433989,-22.3124008356061,"11","027","Salamanca"
349,0.673805794017126,0.383015727294609,-29.0790066722517,"11","035","Santa Cruz de Juventino Rosas"
350,0.794637911474592,0.641576418291229,-15.3061493183362,"11","011","Cortazar"
351,0.662574248499426,0.449603807648909,-21.2970440850517,"11","031","San Francisco del Rincón"
352,0.676866373301491,0.456354907758463,-22.0511465543028,"11","025","Purísima del Rincón"
353,0.67813390535196,0.348979087314853,-32.9154818037107,"11","026","Romita"
354,0.680469726758327,0.443579989530782,-23.6889737227545,"11","028","Salvatierra"
355,0.465399977649755,0.259538510293265,-20.586146735649,"11","029","San Diego de la Unión"
356,0.647538055100351,0.422923940327266,-22.4614114773085,"11","032","San José Iturbide"
357,0.598788191804076,0.410469109254994,-18.8319082549082,"11","033","San Luis de la Paz"
359,0.707757582214319,0.459317504495432,-24.8440077718887,"11","037","Silao de la Victoria"
360,0.636522340523706,0.491850316205466,-14.4672024318239,"11","042","Valle de Santiago"
361,0.732366990998693,0.29848080035437,-43.3886190644323,"11","043","Victoria"
363,0.627257309613486,0.410870274403331,-21.6387035210155,"11","044","Villagrán"
364,0.652146870466102,0.406671053211814,-24.5475817254288,"11","046","Yuriria"
365,0.632072047180288,0.384911784332839,-24.7160262847449,"11","001","Abasolo"
366,0.616704456779728,0.391270454293943,-22.5434002485785,"11","003","San Miguel de Allende"
367,0.71159293617557,0.531683889087463,-17.9909047088106,"11","004","Apaseo el Alto"
368,0.698422664756813,0.469072154588704,-22.9350510168109,"11","005","Apaseo el Grande"
370,0.844718195603465,0.752963555781583,-9.17546398218814,"11","008","Manuel Doblado"
371,0.674130822073041,0.486271633665935,-18.7859188407106,"11","009","Comonfort"
373,0.717466344779308,0.48909286105601,-22.8373483723298,"11","015","Guanajuato"
374,0.60819768549543,0.459730575236446,-14.8467110258985,"11","016","Huanímaro"
375,0.68583640706701,0.479337558751035,-20.6498848315975,"11","017","Irapuato"
376,0.664888114301751,0.39181244442982,-27.3075669871931,"11","018","Jaral del Progreso"
378,0.63429205048235,0.479513677921405,-15.4778372560945,"12","031","General Canuto A. Neri"
385,0.68955097289447,0.582353808062041,-10.7197164832429,"12","053","San Marcos"
388,0.580083312326704,0.382125564661415,-19.7957747665289,"12","007","Arcelia"
389,0.689406738767373,0.385796522409272,-30.3610216358101,"12","012","Ayutla de los Libres"
392,0.651904649679855,0.377219009905696,-27.4685639774159,"12","011","Atoyac de Álvarez"
393,0.610721312714577,0.404509188355723,-20.6212124358854,"12","032","General Heliodoro Castillo"
395,0.607260972729192,0.426208827600235,-18.1052145128957,"12","029","Chilpancingo de los Bravo"
398,0.683225945172759,0.512461188368184,-17.0764756804575,"12","039","Juan R. Escudero"
399,0.712771726775738,0.456919422170087,-25.585230460565,"12","038","Zihuatanejo de Azueta"
402,0.565635894542474,0.327788981863187,-23.7846912679287,"12","064","Tlalchapa"
404,0.631023089649021,0.404721499114123,-22.6301590534898,"12","001","Acapulco de Juárez"
412,0.709259944615389,0.479275416595501,-22.9984528019887,"12","042","Mártir de Cuilapan"
415,0.712809707483957,0.46371952086987,-24.9090186614087,"12","075","Eduardo Neri"
423,0.595761227976693,0.409562741555719,-18.6198486420974,"12","062","Tlacoachistlahuaca"
427,0.742195246552684,0.571577712338264,-17.0617534214421,"12","027","Cutzamala de Pinzón"
435,0.705472112972089,0.50385627830747,-20.1615834664619,"12","061","Tixtla de Guerrero"
437,0.694677935066299,0.546940022154122,-14.7737912912178,"12","056","Tecoanapa"
440,0.684625160728918,0.448390286455409,-23.6234874273509,"12","035","Iguala de la Independencia"
450,0.532286064908504,0.285313310982913,-24.6972753925592,"12","051","Quechultenango"
455,0.85241642149665,0.585093114083008,-26.7323307413642,"12","014","Benito Juárez"
463,0.760191451325125,0.595077013179185,-16.511443814594,"13","010","Atitalaquia"
466,0.671881751404357,0.431260868425068,-24.0620882979289,"13","080","Yahualica"
468,0.620495359300558,0.407161860600021,-21.3333498700537,"13","041","Mixquiahuala de Juárez"
474,0.740415276489101,0.621220383905637,-11.9194892583464,"13","018","Chapulhuacán"
475,0.701745872414051,0.46280475680508,-23.8941115608972,"13","035","Metepec"
477,0.75281777999324,0.50699273054359,-24.582504944965,"13","037","Metztitlán"
482,0.75177777961195,0.478341011572225,-27.3436768039725,"13","024","Huasca de Ocampo"
488,0.767362483979788,0.567567446661732,-19.9795037318056,"13","008","Apan"
491,0.796812746458297,0.646911995435009,-14.9900751023287,"13","069","Tizayuca"
492,0.63089297827529,0.400417684115404,-23.0475294159886,"13","076","Tula de Allende"
495,0.718634518853139,0.392716508767274,-32.5918010085865,"13","051","Mineral de la Reforma"
498,0.728323705373082,0.443097597111799,-28.5226108261282,"13","029","Huichapan"
501,0.789862632701271,0.720176166641708,-6.9686466059563,"13","054","San Salvador"
503,0.643929784194654,0.454306708190399,-18.9623076004255,"13","006","Alfajayucan"
504,0.72820605273027,0.511596437067633,-21.6609615662637,"13","048","Pachuca de Soto"
506,0.587872873574992,0.448650819969783,-13.9222053605209,"13","027","Huehuetla"
507,0.631501064107342,0.429858012632849,-20.1643051474493,"13","028","Huejutla de Reyes"
510,0.772759543087091,0.543821139763811,-22.893840332328,"13","063","Tepeji del Río de Ocampo"
523,0.664636663632957,0.474101181255321,-19.0535482377637,"13","046","San Felipe Orizatlán"
527,0.633769652099989,0.430585871344377,-20.3183780755611,"13","077","Tulancingo de Bravo"
530,0.559893576585346,0.33486813711766,-22.5025439467687,"13","002","Acaxochitlán"
532,0.732485217852816,0.437200482971683,-29.5284734881133,"13","061","Tepeapulco"
543,0.58937303861508,0.308500299622909,-28.087273899217,"13","057","Singuilucan"
549,0.650745759139071,0.449721081667086,-20.1024677471986,"14","101","Tonalá"
559,0.66313778484725,0.410700926700009,-25.2436858147241,"14","097","Tlajomulco de Zúñiga"
570,0.662765551916917,0.454814273998595,-20.7951277918323,"14","120","Zapopan"
580,0.698712080443417,0.452697884373376,-24.6014196070042,"14","098","San Pedro Tlaquepaque"
588,0.517596238338715,0.318205611173426,-19.9390627165289,"14","093","Tepatitlán de Morelos"
591,0.670259545662006,0.534372735746861,-13.5886809915145,"14","021","Casimiro Castillo"
596,0.569720052496403,0.357292214470003,-21.24278380264,"14","044","Ixtlahuacán de los Membrillos"
597,0.686673235231176,0.497863001507044,-18.8810233724132,"14","039","Guadalajara"
603,0.707586477336516,0.468519503546366,-23.906697379015,"14","066","Poncitlán"
607,0.741753855817278,0.567493446476023,-17.4260409341255,"14","002","Acatlán de Juárez"
616,0.672827164711892,0.498100737065763,-17.4726427646129,"14","067","Puerto Vallarta"
625,0.607936316992849,0.426353153898833,-18.1583163094017,"14","032","Chiquilistlán"
634,0.671092081115908,0.524147865610116,-14.6944215505792,"14","058","Mascota"
640,0.725795628740505,0.467589641495506,-25.8205987244999,"14","053","Lagos de Moreno"
647,0.67299893629853,0.491349906624985,-18.1649029673545,"14","046","Jalostotitlán"
662,0.597059750470806,0.424870434458479,-17.2189316012327,"14","083","Tala"
666,0.663428593947741,0.456771590071644,-20.6657003876097,"14","008","Arandas"
671,0.647374995571187,0.386971016418098,-26.0403979153089,"15","021","Coatepec Harinas"
677,0.723165589075739,0.482013442313363,-24.1152146762375,"15","068","Ozumba"
678,0.593314973108537,0.336262280378031,-25.7052692730507,"15","082","Tejupilco"
681,0.622167661813862,0.368915876245595,-25.3251785568267,"15","118","Zinacantepec"
682,0.815786258737322,0.681506916943869,-13.4279341793453,"15","094","Tepetlixpa"
683,0.653181630784708,0.479605273643903,-17.3576357140805,"15","074","San Felipe del Progreso"
688,0.675923561012554,0.444046860244058,-23.1876700768496,"15","104","Tlalnepantla de Baz"
692,0.675995565972848,0.409572677650723,-26.6422888322124,"15","025","Chalco"
694,0.68987868330685,0.348515114261066,-34.1363569045784,"15","100","Tezoyuca"
695,0.656111135559219,0.412882734851766,-24.3228400707453,"15","040","Ixtapan de la Sal"
698,0.706117786126861,0.503232404960671,-20.2885381166189,"15","109","Tultitlán"
699,0.613214725368101,0.393047237908283,-22.0167487459817,"15","012","Atizapán"
705,0.767512914910242,0.597046645791815,-17.0466269118427,"15","024","Cuautitlán"
707,0.640502519672202,0.377067691964686,-26.3434827707516,"15","007","Amanalco"
708,0.699814911939368,0.516454414871963,-18.3360497067405,"15","120","Zumpango"
709,0.589106412001602,0.374243393157588,-21.4863018844014,"15","042","Ixtlahuaca"
710,0.564344266880114,0.355192695868117,-20.9151571011997,"15","084","Temascalapa"
713,0.589481699375766,0.341941329602679,-24.7540369773087,"15","020","Coacalco de Berriozábal"
718,0.68710786218254,0.450025964460383,-23.7081897722157,"15","057","Naucalpan de Juárez"
719,0.68279296337617,0.438847316673023,-24.3945646703147,"15","105","Tlatlaya"
720,0.661957086873304,0.4403405412714,-22.1616545601904,"15","106","Toluca"
724,0.510746360560277,0.278534367751835,-23.2211992808442,"15","119","Zumpahuacán"
725,0.739093582180133,0.469968362261441,-26.9125219918692,"15","081","Tecámac"
726,0.602397431194916,0.363372683725094,-23.9024747469822,"15","035","Huehuetoca"
734,0.698754973141638,0.488500669584738,-21.02543035569,"15","051","Lerma"
736,0.671231698612972,0.449385071245367,-22.1846627367605,"15","037","Huixquilucan"
738,0.693017488895421,0.492792145348128,-20.0225343547293,"15","039","Ixtapaluca"
743,0.723428325786157,0.467591250718375,-25.5837075067782,"15","121","Cuautitlán Izcalli"
749,0.601071108451878,0.418957807507643,-18.2113300944235,"15","067","Otzolotepec"
750,0.761192791568259,0.496312671235814,-26.4880120332445,"15","088","Tenancingo"
751,0.703910933762723,0.401601725130654,-30.2309208632069,"15","070","La Paz"
759,0.699397525351774,0.421323971423387,-27.8073553928388,"15","099","Texcoco"
760,0.644793077181121,0.433294954358415,-21.1498122822705,"15","060","Nicolás Romero"
761,0.682754539155588,0.44232690774583,-24.0427631409758,"15","122","Valle de Chalco Solidaridad"
766,0.698551649471742,0.490130669711603,-20.8420979760139,"15","115","Xonacatlán"
770,0.761363609453399,0.549566090173781,-21.1797519279618,"15","058","Nezahualcóyotl"
771,0.654577421701811,0.457708890033801,-19.686853166801,"15","092","Teotihuacán"
774,0.682921672930878,0.46710970105,-21.5811971880878,"15","054","Metepec"
776,0.530581449558575,0.305579585750541,-22.5001863808035,"15","026","Chapa de Mota"
777,0.649259193789601,0.408347523308136,-24.0911670481465,"15","001","Acambay de Ruíz Castañeda"
778,0.656942828494881,0.370963992504193,-28.5978835990688,"15","059","Nextlalpan"
788,0.686589034677668,0.502508965908278,-18.408006876939,"15","033","Ecatepec de Morelos"
789,0.689569913183865,0.484560500042885,-20.500941314098,"15","013","Atizapán de Zaragoza"
792,0.667059735752909,0.422054773388102,-24.5004962364807,"15","009","Amecameca"
793,0.640662317699964,0.415432945965995,-22.5229371733969,"15","031","Chimalhuacán"
795,0.73352423297833,0.480562404692523,-25.2961828285806,"15","095","Tepotzotlán"
802,0.622917955142289,0.412703191248333,-21.0214763893956,"16","006","Apatzingán"
809,0.657851560191733,0.440570217307142,-21.7281342884592,"16","107","Zacapu"
819,0.681851458021558,0.491479078929625,-19.0372379091934,"16","099","Tuzantla"
821,0.602544957717892,0.461179880611809,-14.1365077106083,"16","043","Jacona"
824,0.735210063044326,0.553518493444246,-18.169156960008,"16","012","Buenavista"
828,0.625437565448969,0.421314929911575,-20.4122635537394,"16","019","Cotija"
837,0.683368214109708,0.537349561719827,-14.6018652389881,"16","075","Los Reyes"
839,0.717791568494671,0.440035343359198,-27.7756225135473,"16","033","Gabriel Zamora"
850,0.677126935255952,0.521800910736626,-15.5326024519326,"16","051","Marcos Castellanos"
851,0.681849504751286,0.47837711136315,-20.3472393388136,"16","052","Lázaro Cárdenas"
852,0.61473236567132,0.394249835714417,-22.0482529956903,"16","053","Morelia"
854,0.706146749787508,0.617141969450249,-8.90047803372596,"16","015","Coalcomán de Vázquez Pallares"
858,0.649708484473626,0.447647371114021,-20.2061113359604,"16","082","Tacámbaro"
867,0.617470415969702,0.37835809396069,-23.9112322009012,"16","062","Pajacuarán"
873,0.493551287640736,0.272281959723792,-22.1269327916943,"16","061","Ocampo"
877,0.712085851927465,0.5461800774309,-16.5905774496565,"16","029","Churumuco"
883,0.658409719036236,0.399790140073433,-25.8619578962803,"16","023","Chavinda"
885,0.630974204666937,0.369445496894882,-26.1528707772055,"16","068","Peribán"
886,0.709982732523822,0.465791618818627,-24.4191113705195,"16","069","La Piedad"
889,0.806871329753789,0.556388560182769,-25.048276957102,"16","073","Quiroga"
892,0.648568161857278,0.356235842971117,-29.2332318886161,"16","112","Zitácuaro"
894,0.687486553952903,0.432212071535591,-25.5274482417312,"16","088","Tarímbaro"
902,0.704382334369061,0.463074275492822,-24.1308058876239,"16","102","Uruapan"
906,0.708610256720281,0.434067060508157,-27.4543196212124,"16","047","Jungapeo"
910,0.674059857660697,0.415083439256512,-25.8976418404185,"17","006","Cuautla"
911,0.642613042907434,0.406661810111889,-23.5951232795545,"17","028","Xochitepec"
915,0.632157864066986,0.406665704552671,-22.5492159514316,"17","008","Emiliano Zapata"
916,0.585232837357769,0.411426162888357,-17.3806674469412,"17","003","Axochiapan"
917,0.629861069290838,0.383774310899134,-24.6086758391704,"17","036","Hueyapan"
919,0.794330400183678,0.657266100118955,-13.7064300064723,"17","025","Tlaquiltenango"
921,0.606481344106211,0.347327295527196,-25.9154048579014,"17","020","Tepoztlán"
926,0.75855713822254,0.555252721163046,-20.3304417059493,"17","031","Zacatepec"
928,0.687067037014269,0.46290252833976,-22.4164508674509,"17","019","Tepalcingo"
931,0.588714111867462,0.336998626571338,-25.1715485296124,"17","015","Miacatlán"
933,0.705866511102627,0.499499889757281,-20.6366621345345,"17","011","Jiutepec"
934,0.78161720688813,0.34609077922123,-43.55264276669,"17","010","Jantetelco"
935,0.663584954992855,0.35574078427248,-30.7844170720375,"17","018","Temixco"
936,0.664714409575832,0.406393280659969,-25.8321128915863,"17","029","Yautepec"
937,0.743954960750198,0.56836386123016,-17.5591099520038,"17","012","Jojutla"
938,0.704866580666207,0.428189788396193,-27.6676792270015,"17","024","Tlaltizapán de Zapata"
939,0.648573395806182,0.427173560402654,-22.1399835403528,"17","007","Cuernavaca"
940,0.575534979171978,0.344672540024926,-23.0862439147052,"17","005","Coatlán del Río"
941,0.666181274748109,0.415477936879812,-25.0703337868296,"17","004","Ayala"
943,0.564808044334281,0.368118373091977,-19.6689671242305,"17","032","Zacualpan de Amilpas"
948,0.727047110748655,0.443252799028206,-28.3794311720449,"18","011","Ruíz"
949,0.637418742129835,0.427524599258769,-20.9894142871065,"18","017","Tepic"
952,0.684426463990995,0.485584958101382,-19.8841505889613,"18","004","Compostela"
953,0.690487182824545,0.429102598362396,-26.1384584462149,"18","013","San Pedro Lagunillas"
954,0.756317072099096,0.447397995401479,-30.8919076697617,"18","008","Xalisco"
956,0.717986751110786,0.472889771946581,-24.5096979164205,"18","006","Ixtlán del Río"
957,0.744787744943005,0.428590962479807,-31.6196782463198,"18","007","Jala"
958,0.732685156312488,0.504440652794493,-22.8244503517995,"18","014","Santa María del Oro"
959,0.662872559985923,0.430232982741901,-23.2639577244022,"18","015","Santiago Ixcuintla"
960,0.74342123938214,0.543039908979631,-20.0381330402509,"18","016","Tecuala"
963,0.693346747180645,0.449760625125253,-24.3586122055391,"18","020","Bahía de Banderas"
964,0.64730013837441,0.40867640049364,-23.862373788077,"18","002","Ahuacatlán"
966,0.627970516296049,0.407634318825619,-22.0336197470431,"19","048","Santa Catarina"
967,0.633432947289368,0.487191591847394,-14.6241355441974,"19","044","Sabinas Hidalgo"
971,0.644624309900192,0.390793061130041,-25.3831248770151,"19","047","Hidalgo"
972,0.7771711676438,0.641822840940461,-13.5348326703338,"19","049","Santiago"
973,0.713528394828994,0.523720613071774,-18.980778175722,"19","009","Cadereyta Jiménez"
974,0.600219368043417,0.397068617598436,-20.3150750444982,"19","032","Lampazos de Naranjo"
975,0.592426807782254,0.366155003918501,-22.6271803863754,"19","031","Juárez"
978,0.475890710014854,0.282482239973063,-19.3408470041791,"19","041","Pesquería"
980,0.729901124607628,0.504027085087379,-22.5874039520249,"19","039","Monterrey"
981,0.707646171359171,0.578743050923058,-12.8903120436113,"19","046","San Nicolás de los Garza"
982,0.880254274107578,0.793800470391165,-8.64538037164128,"19","019","San Pedro Garza García"
985,0.635828630111114,0.447816037867321,-18.8012592243794,"19","021","General Escobedo"
986,0.691862511291617,0.463501120810857,-22.836139048076,"19","012","Ciénega de Flores"
990,0.756400274314888,0.596034265236451,-16.0366009078437,"19","026","Guadalupe"
995,0.692935156027552,0.532207393933294,-16.0727762094258,"19","007","Aramberri"
996,0.590393085035824,0.362174053599181,-22.8219031436643,"19","018","García"
998,0.656830777558981,0.441943141286511,-21.488763627247,"19","006","Apodaca"
1007,0.766896643762986,0.441098640604528,-32.5798003158458,"19","033","Linares"
1031,0.565789181257565,0.429782175764696,-13.6007005492869,"20","134","San Felipe Jalapa de Díaz"
1056,0.721131448242337,0.567606211639004,-15.3525236603333,"20","545","Teotitlán de Flores Magón"
1062,0.69969222095274,0.47355660883729,-22.613561211545,"20","184","San Juan Bautista Tuxtepec"
1077,0.488864497813395,0.240761017836175,-24.8103479977221,"20","272","San Miguel Panixtlahuaca"
1086,0.622975908593073,0.393423089250733,-22.9552819342339,"20","318","San Pedro Mixtepec"
1113,0.63172140125045,0.39711907201579,-23.460232923466,"20","500","Santiago Yosondúa"
1117,0.647467926620309,0.454089463111978,-19.3378463508331,"20","499","Santiago Yolomécatl"
1126,0.796763387620699,0.564674779568013,-23.2088608052686,"20","057","Matías Romero Avendaño"
1139,0.72910611921083,0.527092104230782,-20.2014014980048,"20","075","Reforma de Pineda"
1175,0.718199090685575,0.474153569663368,-24.4045521022207,"20","030","El Espinal"
1188,0.504485664228923,0.322173964729483,-18.231169949944,"20","025","Chahuites"
1192,0.696769289760085,0.508976513073478,-18.7792776686607,"20","515","Santo Domingo Tehuantepec"
1193,0.655070521380012,0.391633044568646,-26.3437476811367,"20","516","Santo Domingo Teojomulco"
1224,0.601244491616332,0.321635744463577,-27.9608747152755,"20","076","La Reforma"
1232,0.765113214964859,0.524872638176792,-24.0240576788066,"20","082","San Agustín Chayuco"
1248,0.725160578117627,0.49121672871766,-23.3943849399967,"20","107","San Antonio de la Cal"
1276,0.532994470733078,0.371726959236194,-16.1267511496884,"20","130","San Dionisio del Mar"
1346,0.601784220765306,0.468056126182768,-13.3728094582538,"20","498","Santiago Yaveo"
1349,0.363396503673714,0.229771456149872,-13.3625047523843,"20","016","Coicoyán de las Flores"
1356,0.652478960201828,0.418132533758518,-23.434642644331,"20","235","San Luis Amatlán"
1374,0.605083469116885,0.446959967598858,-15.8123501518028,"20","258","San Miguel Achiutla"
1433,0.666390806584313,0.420463741046859,-24.5927065537454,"20","339","San Pedro y San Pablo Teposcolula"
1474,0.598120668458443,0.396037395770488,-20.2083272687955,"20","390","Santa Lucía del Camino"
1475,0.712596301621373,0.424555693760821,-28.8040607860552,"20","408","Santa María del Rosario"
1483,0.667831440784721,0.405320652462345,-26.2510788322376,"20","397","Heroica Ciudad de Tlaxiaco"
1500,0.58662778747505,0.377294572761714,-20.9333214713336,"20","002","Acatlán de Pérez Figueroa"
1512,0.668942343312745,0.431680215528473,-23.7262127784272,"20","385","Santa Cruz Xoxocotlán"
1515,0.700209076673252,0.492213268528837,-20.7995808144414,"20","023","Cuilápam de Guerrero"
1517,0.737370643477891,0.476914257731051,-26.045638574684,"20","310","San Pedro Ixtlahuaca"
1520,0.698320960711262,0.469222810994275,-22.9098149716987,"20","324","San Pedro Pochutla"
1531,0.875378379666895,0.545524871850736,-32.9853507816159,"20","021","Cosolapa"
1565,0.697167043855784,0.404037350321649,-29.3129693534135,"20","028","Heroica Ciudad de Ejutla de Crespo"
1566,0.722706004296066,0.38457574731005,-33.8130256986016,"20","039","Heroica Ciudad de Huajuapan de León"
1569,0.761397042611847,0.526969954796523,-23.4427087815324,"20","067","Oaxaca de Juárez"
1592,0.702817285077758,0.483612769335639,-21.9204515742119,"21","197","Xicotepec"
1598,0.567294367119313,0.374797983412879,-19.2496383706434,"21","199","Xiutetelco"
1602,0.616438595224458,0.324252740125134,-29.2185855099324,"21","132","San Martín Texmelucan"
1608,0.603472202086662,0.447799253270898,-15.5672948815765,"21","102","Nealtican"
1620,0.669437097629488,0.359501213658394,-30.9935883971093,"21","147","Santa Inés Ahuatempan"
1623,0.623772716445711,0.446539863020532,-17.7232853425179,"21","066","Guadalupe"
1626,0.689901889309782,0.420421866596137,-26.9480022713645,"21","065","General Felipe Ángeles"
1629,0.547923335365804,0.384311841098886,-16.3611494266918,"21","148","Santa Isabel Cholula"
1632,0.539327974815742,0.325653754950095,-21.3674219865648,"21","207","Zacapoaxtla"
1640,0.64651023360785,0.47030763989227,-17.6202593715579,"21","055","Chila"
1654,0.601306553518676,0.376632021417026,-22.467453210165,"21","034","Coronango"
1666,0.566797554412154,0.365793624721315,-20.1003929690838,"21","177","Tlacotepec de Benito Juárez"
1678,0.64066001326088,0.39749662377917,-24.316338948171,"21","085","Izúcar de Matamoros"
1695,0.744932541143784,0.483824139961108,-26.1108401182676,"21","156","Tehuacán"
1722,0.678430091457812,0.465124896665318,-21.3305194792494,"21","019","Atlixco"
1732,0.694238756199515,0.453591700074315,-24.06470561252,"21","119","San Andrés Cholula"
1735,0.657782436733646,0.410645726721804,-24.7136710011842,"21","126","San Jerónimo Tecuanipan"
1751,0.644321193071281,0.46899123348691,-17.5329959584371,"21","140","San Pedro Cholula"
1756,0.635366102121788,0.366752874739919,-26.8613227381869,"21","115","Quecholac"
1757,0.672118895182281,0.456283077545385,-21.5835817636895,"21","114","Puebla"
1758,0.640051912263133,0.460269942316117,-17.9781969947015,"21","144","San Salvador Huixcolotla"
1763,0.637285314646453,0.36253122905922,-27.4754085587233,"21","010","Ajalpan"
1774,0.64368373797503,0.387245941283459,-25.6437796691571,"21","212","Zautla"
1780,0.713413442125972,0.44713230515334,-26.6281136972632,"21","164","Tepeaca"
1785,0.572997479749442,0.388477702886835,-18.4519776862607,"21","043","Cuetzalan del Progreso"
1792,0.793155063164272,0.570700156797702,-22.245490636657,"21","041","Cuautlancingo"
1798,0.510400143198183,0.343206085567032,-16.7194057631151,"21","076","Hueytamalco"
1800,0.665746816176171,0.414379189850132,-25.1367626326039,"21","071","Huauchinango"
1803,0.586801769674617,0.324554708770328,-26.2247060904288,"22","002","Pinal de Amoles"
1805,0.816745312625965,0.483868552264834,-33.2876760361131,"22","006","Corregidora"
1807,0.616506042026373,0.411882094965015,-20.4623947061357,"22","011","El Marqués"
1808,0.565506446854955,0.379924244319236,-18.5582202535719,"22","012","Pedro Escobedo"
1810,0.63117700643969,0.426999957231253,-20.4177049208437,"22","016","San Juan del Río"
1812,0.713102648026603,0.528272999965806,-18.4829648060798,"22","018","Tolimán"
1814,0.697477621229308,0.390044186667556,-30.7433434561751,"22","001","Amealco de Bonfil"
1815,0.740812654692139,0.490268989894002,-25.0543664798137,"22","014","Querétaro"
1817,0.706947335064306,0.368561601496361,-33.8385733567945,"22","004","Cadereyta de Montes"
1819,0.744850506829757,0.479990576067363,-26.4859930762393,"22","008","Huimilpan"
1821,0.662149417768093,0.50172308087872,-16.0426336889373,"23","001","Cozumel"
1823,0.604175777105977,0.422752415886749,-18.1423361219228,"23","002","Felipe Carrillo Puerto"
1824,0.593816536122543,0.35991302786468,-23.3903508257863,"23","005","Benito Juárez"
1825,0.685291090394758,0.472983241898744,-21.2307848496014,"23","004","Othón P. Blanco"
1827,0.679967942979228,0.384174647010653,-29.5793295968575,"23","008","Solidaridad"
1829,0.698396406543791,0.362610345477971,-33.578606106582,"23","007","Lázaro Cárdenas"
1830,0.498464234798484,0.319797457629298,-17.8666777169186,"23","006","José María Morelos"
1831,0.563046330620973,0.31874013530981,-24.4306195311162,"23","009","Tulum"
1832,0.697035104281955,0.435516831062686,-26.1518273219269,"24","050","Villa de Reyes"
1833,0.645245333562062,0.524692086787834,-12.0553246774228,"24","052","Villa Juárez"
1834,0.767122095590841,0.580927137235748,-18.6194958355092,"24","053","Axtla de Terrazas"
1839,0.743831896079958,0.57952494470251,-16.4306951377448,"24","013","Ciudad Valles"
1846,0.827854163280141,0.508939205855719,-31.8914957424422,"24","008","Cerritos"
1848,0.723011671889496,0.553180577319838,-16.9831094569658,"24","035","Soledad de Graciano Sánchez"
1853,0.513984730797873,0.339666418963377,-17.4318311834496,"24","037","Tamazunchale"
1856,0.756821458402654,0.534169618710882,-22.2651839691772,"24","028","San Luis Potosí"
1865,0.60294267771084,0.35304606955706,-24.989660815378,"24","021","Mexquitic de Carmona"
1869,0.617627698918693,0.430023821050494,-18.7603877868198,"24","033","Santo Domingo"
1876,0.653483847165918,0.463229287916819,-19.0254559249099,"24","025","Salinas"
1882,0.588340414652793,0.383892581344675,-20.4447833308118,"24","003","Aquismón"
1887,0.685154519350927,0.484898423465413,-20.0256095885514,"24","020","Matehuala"
1890,0.5561375129364,0.311265639521641,-24.4871873414758,"24","049","Villa de Ramos"
1891,0.722690856688026,0.483856803849028,-23.8834052838998,"25","010","El Fuerte"
1892,0.724786600249221,0.444809644538435,-27.9976955710786,"25","008","Elota"
1894,0.722495905229481,0.58109261198659,-14.1403293242891,"25","018","Navolato"
1897,0.747882599010641,0.566440616878508,-18.1441982132133,"25","001","Ahome"
1898,0.740536643204623,0.60919804615984,-13.1338597044783,"25","002","Angostura"
1901,0.686756214210617,0.54458950779758,-14.2166706413037,"25","009","Escuinapa"
1902,0.651600290005464,0.437196060495767,-21.4404229509697,"25","004","Concordia"
1903,0.637000142715793,0.425443189821238,-21.1556952894555,"25","005","Cosalá"
1904,0.688615525861618,0.468521429645132,-22.0094096216486,"25","012","Mazatlán"
1905,0.760340527014559,0.591903117009153,-16.8437410005405,"25","007","Choix"
1907,0.680780962556919,0.441629162103679,-23.915180045324,"25","015","Salvador Alvarado"
1908,0.680072306847992,0.463989848804817,-21.6082458043175,"25","006","Culiacán"
1909,0.670468101291184,0.439223304174215,-23.1244797116969,"25","017","Sinaloa"
1910,0.70809890036728,0.483722300578656,-22.4376599788624,"25","011","Guasave"
1913,0.573769133528397,0.376439430297971,-19.7329703230426,"26","033","Huatabampo"
1924,0.766792972835412,0.610613755089619,-15.6179217745794,"26","041","Nacozari de García"
1925,0.733100756683693,0.48138585000039,-25.1714906683303,"26","043","Nogales"
1928,0.720104261692534,0.534907654722583,-18.5196606969951,"26","014","Baviácora"
1932,0.683770375600676,0.482822402637071,-20.0947972963605,"26","029","Guaymas"
1933,0.588081738672771,0.37460945663563,-21.3472282037141,"26","002","Agua Prieta"
1935,0.638278071009914,0.472123598713128,-16.6154472296786,"26","055","San Luis Río Colorado"
1940,0.601854557198441,0.425227408355676,-17.6627148842765,"26","030","Hermosillo"
1942,0.822765323462816,0.718243895897388,-10.4521427565428,"26","025","Empalme"
1946,0.656118069255245,0.422072472412591,-23.4045596842654,"26","035","Imuris"
1955,0.587270048339381,0.376786137444,-21.048391089538,"26","048","Puerto Peñasco"
1966,0.714520586620114,0.502224551042299,-21.2296035577815,"26","018","Cajeme"
1967,0.578664374085953,0.438737901461441,-13.9926472624511,"26","047","Pitiquito"
1968,0.608680128364537,0.294270541337589,-31.4409587026948,"26","019","Cananea"
1971,0.555690554159104,0.346524221299185,-20.9166332859919,"26","042","Navojoa"
1983,0.64140884133226,0.433257265612133,-20.8151575720127,"27","006","Cunduacán"
1984,0.649042459305202,0.471373140184567,-17.7669319120635,"27","001","Balancán"
1985,0.647800102801789,0.351275055674441,-29.6525047127348,"27","016","Teapa"
1988,0.643252111420422,0.444646539950031,-19.8605571470391,"27","012","Macuspana"
1989,0.665735964078243,0.487993186424632,-17.7742777653611,"27","002","Cárdenas"
1991,0.695175549835326,0.538987728794552,-15.6187821040774,"27","004","Centro"
1992,0.6906544388739,0.471607755101535,-21.9046683772364,"27","005","Comalcalco"
1993,0.739728714709636,0.466351891453014,-27.3376823256622,"27","007","Emiliano Zapata"
1994,0.719444857265202,0.543707795030148,-17.5737062235053,"27","008","Huimanguillo"
1995,0.67916838072011,0.424590276690547,-25.4578104029563,"27","009","Jalapa"
1996,0.535565611819975,0.357480969362207,-17.8084642457767,"27","010","Jalpa de Méndez"
1997,0.675892190662902,0.418621053572909,-25.7271137089993,"27","011","Jonuta"
1998,0.611719296271743,0.375711939830237,-23.6007356441506,"27","013","Nacajuca"
1999,0.365171176336801,0.148561598524984,-21.6609577811817,"27","017","Tenosique"
2000,0.580515879816671,0.331869956632318,-24.8645923184353,"28","003","Altamira"
2001,0.560201060285063,0.379143346011779,-18.1057714273284,"28","041","Victoria"
2010,0.684317260455797,0.47262601316676,-21.1691247289037,"28","038","Tampico"
2012,0.76837069642752,0.59316807339248,-17.520262303504,"28","007","Camargo"
2014,0.667685078386383,0.417504052788339,-25.0181025598044,"28","032","Reynosa"
2015,0.492992164262797,0.29101148720188,-20.1980677060917,"28","033","Río Bravo"
2016,0.624926430589245,0.493612994282803,-13.1313436306442,"28","029","Ocampo"
2020,0.663370456440566,0.46935192093565,-19.4018535504917,"28","022","Matamoros"
2023,0.752564191048139,0.536492599886901,-21.6071591161238,"28","021","El Mante"
2026,0.604590404950357,0.451114409694585,-15.3475995255772,"28","027","Nuevo Laredo"
2030,0.61840857213012,0.455697000529487,-16.2711571600633,"28","016","Hidalgo"
2032,0.564666906846594,0.369894168717373,-19.4772738129221,"28","017","Jaumave"
2038,0.771011114982217,0.50792353153735,-26.3087583444867,"28","009","Ciudad Madero"
2042,0.637646461956101,0.410674203404627,-22.6972258551474,"28","018","Jiménez"
2043,0.775244489062937,0.52460954955865,-25.0634939504287,"29","019","Tepetitla de Lardizábal"
2046,0.785994003570454,0.548794936340734,-23.7199067229721,"29","033","Tlaxcala"
2048,0.674225617828262,0.365007211097227,-30.9218406731035,"29","004","Atltzayanca"
2051,0.714037999230627,0.515698144359839,-19.8339854870788,"29","044","Zacatelco"
2056,0.608171198448389,0.440429825465733,-16.7741372982656,"29","025","San Pablo del Monte"
2057,0.567296283814435,0.366438976029644,-20.0857307784791,"29","058","Santa Catarina Ayometla"
2058,0.607932645574743,0.433632505895905,-17.4300139678838,"29","014","Hueyotlipan"
2059,0.661112014346037,0.436022873552704,-22.5089140793333,"29","028","Teolocholco"
2062,0.627199721135976,0.419870984780845,-20.7328736355131,"29","015","Ixtacuixtla de Mariano Matamoros"
2066,0.601651358812048,0.340694906168264,-26.0956452643784,"29","041","Papalotla de Xicohténcatl"
2067,0.680354814900646,0.506174204968496,-17.418060993215,"29","038","Tzompantepec"
2068,0.6840686675412,0.463241860399539,-22.0826807141661,"29","023","Natívitas"
2072,0.620582448547296,0.409805002145767,-21.0777446401529,"29","001","Amaxac de Guerrero"
2073,0.695028088589432,0.414076978191411,-28.0951110398021,"29","006","Calpulalpan"
2076,0.621720362640617,0.425905315517171,-19.5815047123446,"29","043","Yauhquemehcan"
2077,0.671773957173542,0.407080617274924,-26.4693339898619,"29","013","Huamantla"
2078,0.765869515690148,0.560438231905885,-20.5431283784263,"29","002","Apetatitlán de Antonio Carvajal"
2079,0.732559958658691,0.44458645294557,-28.7973505713121,"29","005","Apizaco"
2080,0.593338688984898,0.334242187834721,-25.9096501150176,"29","018","Contla de Juan Cuamatzi"
2081,0.780432514630109,0.390390184419964,-39.0042330210145,"29","003","Atlangatepec"
2084,0.81313492406906,0.361804733504156,-45.1330190564904,"29","010","Chiautempan"
2085,0.562625995416736,0.33001992610581,-23.2606069310926,"29","007","El Carmen Tequexquitla"
2088,0.724138630823975,0.516591308436903,-20.7547322387071,"29","031","Tetla de la Solidaridad"
2089,0.723236143601173,0.548692924499494,-17.4543219101679,"29","032","Tetlatlahuca"
2091,0.676500280850128,0.41035296890103,-26.6147311949098,"29","035","Tocatlán"
2096,0.569687417044514,0.385545519624188,-18.4141897420326,"29","027","Tenancingo"
2101,0.627168281026073,0.415929565663813,-21.123871536226,"29","039","Xaloztoc"
2112,0.632665596511937,0.441614622803879,-19.1050973708057,"30","079","Ixhuacán de los Reyes"
2113,0.630540212546146,0.415934817029176,-21.460539551697,"30","192","Vega de Alatorre"
2118,0.775497895872474,0.436307774651333,-33.9190121221141,"30","206","Nanchital de Lázaro Cárdenas del Río"
2123,0.463256494789235,0.256439448412275,-20.681704637696,"30","141","San Andrés Tuxtla"
2127,0.720747155303759,0.477009462118854,-24.3737693184905,"30","131","Poza Rica de Hidalgo"
2134,0.552511784743711,0.369793327596466,-18.2718457147245,"30","069","Gutiérrez Zamora"
2155,0.576047686013354,0.380180046931726,-19.5867639081628,"30","032","Catemaco"
2157,0.515387958823519,0.311636879879837,-20.3751078943682,"30","039","Coatzacoalcos"
2163,0.511907954880814,0.311018914169145,-20.0889040711669,"30","033","Cazones de Herrera"
2166,0.817127198125186,0.698026805662253,-11.9100392462933,"30","028","Boca del Río"
2168,0.71415641779018,0.515731068369649,-19.8425349420531,"30","026","Banderilla"
2169,0.529394210900333,0.309832637055403,-21.956157384493,"30","025","Ayahualulco"
2187,0.641640256943192,0.377881681507515,-26.3758575435677,"30","008","Alpatláhuac"
2202,0.709160422240608,0.488642031569264,-22.0518390671344,"30","048","Cosoleacaque"
2205,0.754693555568189,0.424595061640491,-33.0098493927698,"30","087","Xalapa"
2214,0.628110411318558,0.389615596927658,-23.84948143909,"30","117","Omealca"
2222,0.593015949365795,0.365186401614298,-22.7829547751497,"30","044","Córdoba"
2227,0.76764053245014,0.474179556312417,-29.3460976137723,"30","105","Medellín de Bravo"
2229,0.662411073951976,0.414321890466569,-24.8089183485407,"30","175","Tihuatlán"
2233,0.762075137165003,0.498825232903651,-26.3249904261351,"30","196","Yanga"
2243,0.560019004144937,0.394651596047606,-16.5367408097331,"30","201","Zongolica"
2250,0.752436390964266,0.48056917684665,-27.1867214117616,"30","081","Ixhuatlancillo"
2277,0.71425371292793,0.576324053019674,-13.7929659908256,"30","118","Orizaba"
2280,0.715208899029559,0.553530732957837,-16.1678166071722,"30","123","Pánuco"
2281,0.641080616417573,0.44724710144878,-19.3833514968793,"30","124","Papantla"
2288,0.680433670165826,0.489083531243998,-19.1350138921828,"30","134","Puente Nacional"
2291,0.743529402834182,0.472575029985744,-27.0954372848438,"30","102","Martínez de la Torre"
2298,0.639369396475486,0.408607177310421,-23.0762219165065,"30","177","Tlacolulan"
2299,0.756552684473458,0.477698341627261,-27.8854342846197,"30","193","Veracruz"
2303,0.730338557000873,0.566633295813755,-16.3705261187118,"30","151","Tamiahua"
2307,0.532783960830745,0.341121942942613,-19.1662017888132,"30","155","Tantoyuca"
2311,0.480657827114319,0.292056019504644,-18.8601807609675,"30","159","Tehuipango"
2314,0.590195633367725,0.428307016653772,-16.1888616713954,"30","167","Tepetzintla"
2318,0.613084092770294,0.395959039823833,-21.7125052946461,"31","101","Umán"
2333,0.598795957586072,0.360943412919876,-23.7852544666195,"31","102","Valladolid"
2335,0.703824412393801,0.463675909840711,-24.0148502553089,"31","069","Sotuta"
2348,0.675369326397085,0.467390788085984,-20.7978538311101,"31","050","Mérida"
2349,0.655813358863814,0.466130217844,-18.9683141019814,"31","023","Chocholá"
2363,0.656133128783362,0.40436590317138,-25.1767225611983,"31","089","Ticul"
2365,0.624419974472105,0.435147079497454,-18.9272894974651,"31","068","Sinanché"
2374,0.505079580661298,0.303379860136854,-20.1699720524443,"31","098","Tzucacab"
2376,0.490359378574288,0.386538189367723,-10.3821189206565,"31","052","Motul"
2378,0.556972181782963,0.380339192041771,-17.6632989741193,"31","056","Oxkutzcab"
2383,0.509488837871677,0.265625454624415,-24.3863383247262,"31","040","Izamal"
2385,0.493588269834498,0.290985868903439,-20.2602400931059,"31","104","Yaxcabá"
2387,0.606237703190968,0.335521753180342,-27.0715950010626,"31","048","Maxcanú"
2388,0.548739138115243,0.331344077696662,-21.7395060418581,"31","096","Tizimín"
2404,0.558132885317185,0.335608619392984,-22.2524265924201,"31","079","Tekax"
2408,0.538354307574466,0.374121086957147,-16.4233220617319,"31","029","Dzilam González"
2409,0.52084294890142,0.332517803531363,-18.8325145370057,"31","041","Kanasín"
2410,0.511851683962062,0.382655942905374,-12.9195741056688,"31","038","Hunucmá"
2414,0.550529460081449,0.316795043354689,-23.373441672676,"31","092","Tixcacalcupul"
2422,0.819740018190124,0.661411498911623,-15.8328519278501,"32","019","Jalpa"
2425,0.530581215666479,0.370860863183239,-15.972035248324,"32","036","Ojocaliente"
2426,0.60635990225646,0.43189618168393,-17.446372057253,"32","035","Noria de Ángeles"
2428,0.597253159506018,0.360624993223768,-23.662816628225,"32","040","Sain Alto"
2430,0.711790305869469,0.475390113547072,-23.6400192322397,"32","020","Jerez"
2431,0.654841304599409,0.411415475419301,-24.3425829180108,"32","010","Fresnillo"
2433,0.710123015998436,0.490262479161849,-21.9860536836587,"32","005","Calera"
2436,0.657562657405651,0.45283955240616,-20.4723104999491,"32","051","Villa de Cos"
2439,0.658432478346687,0.492164970731747,-16.626750761494,"32","048","Tlaltenango de Sánchez Román"
2441,0.720250623346009,0.476031804074423,-24.4218819271587,"32","025","Luis Moya"
2451,0.669407754435824,0.415557265406754,-25.385048902907,"32","017","Guadalupe"
2455,0.742439313215388,0.565908529066478,-17.653078414891,"32","056","Zacatecas"
2463,0.675376383175048,0.489130661735832,-18.6245721439216,"32","052","Villa García"
2464,0.597133538243185,0.402228034985884,-19.4905503257301,"32","024","Loreto"
2466,0.628624622710704,0.367984365241518,-26.0640257469186,"32","029","Miguel Auza"
2467,0.602728644132664,0.409245088261569,-19.3483555871095,"32","053","Villa González Ortega"
2468,0.655455702843459,0.466943910677821,-18.8511792165638,"32","023","Juchipila"
2469,0.619550066366701,0.369626017848151,-24.992404851855,"32","039","Río Grande"
2471,0.812993040619491,0.575067095316911,-23.792594530258,"32","031","Monte Escobedo"
2473,0.692246397618285,0.519359512252222,-17.2886885366063,"32","008","Cuauhtémoc"
