"muni_idx","prev_principal_ponderado","prev_sensibilidad_sin_ponderar","n","dif_sin_menos_principal_pp","quintil_principal","quintil_sin_ponderar","cambia_quintil","estrato_n"
1,0.763742487453196,0.712645554410499,3,-5.10969330426967,5,5,FALSE,"n<=9"
3,0.785289657937098,0.751858370624436,121,-3.34312873126613,5,5,FALSE,"n>=30"
4,0.464341174226757,0.53288234443203,3,6.85411702052738,1,1,FALSE,"n<=9"
6,0.503969158465364,0.566305031129432,9,6.23358726640688,1,1,FALSE,"n<=9"
9,0.641081598062581,0.622644035203128,10,-1.84375628594535,3,2,TRUE,"n=10-29"
10,0.725871116424897,0.653803252378337,24,-7.20678640465601,4,3,TRUE,"n=10-29"
12,0.671634278673226,0.63894290139076,8,-3.26913772824665,3,3,FALSE,"n<=9"
13,0.768356112336904,0.620504968209946,65,-14.7851144126958,5,2,TRUE,"n>=30"
14,0.617098134243013,0.62876734117899,18,1.16692069359773,2,3,TRUE,"n=10-29"
15,0.442007349196257,0.503031770950807,4,6.10244217545498,1,1,FALSE,"n<=9"
17,0.527631143738618,0.572735603237629,46,4.51044594990109,1,2,TRUE,"n>=30"
18,0.729517701264858,0.721485139267586,7,-0.80325619972722,4,5,TRUE,"n<=9"
19,0.565085339828105,0.566694736074825,13,0.160939624672007,2,1,TRUE,"n=10-29"
21,0.561096072213159,0.605477773911844,56,4.43817016986849,2,2,FALSE,"n>=30"
22,0.64293595979223,0.677909882450709,89,3.49739226584789,3,4,TRUE,"n>=30"
23,0.769160021583541,0.713523774918518,46,-5.56362466650232,5,5,FALSE,"n>=30"
24,0.669436382329299,0.638164518661302,45,-3.12718636679972,3,3,FALSE,"n>=30"
25,0.734446045976721,0.692090646088932,4,-4.23553998877888,4,4,FALSE,"n<=9"
28,0.469746442276293,0.516980420906545,17,4.72339786302519,1,1,FALSE,"n=10-29"
29,0.55787631248749,0.585687594881451,8,2.78112823939611,2,2,FALSE,"n<=9"
30,0.727525982157117,0.709381259942994,3,-1.81447222141234,4,4,FALSE,"n<=9"
31,0.628246834987093,0.595517331487108,89,-3.2729503499985,3,2,TRUE,"n>=30"
32,0.471182915417606,0.550267042554759,3,7.90841271371532,1,1,FALSE,"n<=9"
33,0.505638091894396,0.566957287461073,14,6.13191955666774,1,1,FALSE,"n=10-29"
35,0.727631073252534,0.636402677021227,12,-9.12283962313073,4,3,TRUE,"n=10-29"
36,0.415043334917295,0.503497722268736,7,8.84543873514408,1,1,FALSE,"n<=9"
38,0.57548905733046,0.625357100741111,23,4.98680434106509,2,2,FALSE,"n=10-29"
39,0.633410096128651,0.698912692144167,7,6.55025960155166,3,4,TRUE,"n<=9"
41,0.638151795655782,0.641799540062029,37,0.364774440624649,3,3,FALSE,"n>=30"
45,0.672469728317079,0.627930706841663,10,-4.45390214754159,3,3,FALSE,"n=10-29"
46,0.631971760502885,0.640274280476056,1,0.830251997317066,3,3,FALSE,"n<=9"
47,0.573611496391267,0.524371240854747,8,-4.92402555365193,2,1,TRUE,"n<=9"
48,0.755935007050848,0.725791857468205,5,-3.0143149582643,5,5,FALSE,"n<=9"
50,0.556035499851981,0.594270651745771,35,3.82351518937908,2,2,FALSE,"n>=30"
54,0.578841023566974,0.611449956989726,13,3.26089334227521,2,2,FALSE,"n=10-29"
56,0.630451163760011,0.668722732619402,9,3.82715688593908,3,4,TRUE,"n<=9"
70,0.461068308348877,0.532795842244475,6,7.17275338955976,1,1,FALSE,"n<=9"
76,0.711246426107024,0.700850888640508,13,-1.03955374665154,4,4,FALSE,"n=10-29"
77,0.704123562624065,0.718499044663753,3,1.43754820396875,4,5,TRUE,"n<=9"
78,0.6726640825185,0.678632837197865,2,0.59687546793652,3,4,TRUE,"n<=9"
79,0.697150310799761,0.71081123398967,4,1.36609231899084,4,5,TRUE,"n<=9"
80,0.659516242280061,0.627658478916312,1,-3.18577633637485,3,3,FALSE,"n<=9"
81,0.511087074393421,0.678367358205672,24,16.7280283812252,1,4,TRUE,"n=10-29"
82,0.681947807075394,0.646200834532937,16,-3.57469725424575,3,3,FALSE,"n=10-29"
83,0.719011955468251,0.683316525323916,32,-3.56954301443347,4,4,FALSE,"n>=30"
84,0.648825511310656,0.699452567660883,28,5.06270563502274,3,4,TRUE,"n=10-29"
85,0.586987449336363,0.646606585637822,7,5.96191363014591,2,3,TRUE,"n<=9"
87,0.595397737323482,0.564347867626173,4,-3.10498696973085,2,1,TRUE,"n<=9"
91,0.401674251883526,0.46747676981846,5,6.58025179349338,1,1,FALSE,"n<=9"
92,0.493462264398925,0.562087013507421,8,6.86247491084954,1,1,FALSE,"n<=9"
95,0.722779050207869,0.643061133932949,8,-7.97179162749202,4,3,TRUE,"n<=9"
97,0.641930868977538,0.622081191701917,14,-1.98496772756218,3,2,TRUE,"n=10-29"
101,0.414095893807871,0.530649972473586,7,11.6554078665715,1,1,FALSE,"n<=9"
105,0.688351248752758,0.658675791779576,1,-2.96754569731825,4,3,TRUE,"n<=9"
109,0.53116266652699,0.562685850074227,7,3.15231835472373,1,1,FALSE,"n<=9"
113,0.439923609097074,0.518070230230566,2,7.8146621133492,1,1,FALSE,"n<=9"
127,0.469501602669042,0.494375295995449,8,2.48736933264066,1,1,FALSE,"n<=9"
129,0.719278345646388,0.684737469894423,2,-3.45408757519646,4,4,FALSE,"n<=9"
131,0.545649309209165,0.527577630181815,5,-1.80716790273497,1,1,FALSE,"n<=9"
133,0.754207826081025,0.684742991716957,4,-6.94648343640676,5,4,TRUE,"n<=9"
135,0.459773636815406,0.484948727553054,3,2.51750907376487,1,1,FALSE,"n<=9"
146,0.315481198928833,0.409401760583482,6,9.3920561654649,1,1,FALSE,"n<=9"
148,0.75551370146834,0.713632988017396,9,-4.18807134509439,5,5,FALSE,"n<=9"
154,0.692621305973821,0.674531093831636,1,-1.80902121421846,4,4,FALSE,"n<=9"
156,0.483275678030112,0.511831663849628,8,2.85559858195157,1,1,FALSE,"n<=9"
158,0.599198409572676,0.587914295609899,11,-1.12841139627766,2,2,FALSE,"n=10-29"
159,0.48626020629745,0.502718392993174,14,1.64581866957244,1,1,FALSE,"n=10-29"
179,0.664095135327715,0.66468296262931,6,0.0587827301595012,3,3,FALSE,"n<=9"
182,0.783793600511109,0.713611591954288,7,-7.01820085568213,5,5,FALSE,"n<=9"
188,0.72559326900227,0.693777978836917,7,-3.18152901653529,4,4,FALSE,"n<=9"
191,0.685316111346565,0.709664569711124,4,2.43484583645589,4,5,TRUE,"n<=9"
199,0.647069576524083,0.659794723812771,3,1.27251472886881,3,3,FALSE,"n<=9"
201,0.552965078282644,0.56475190699528,4,1.17868287126356,2,1,TRUE,"n<=9"
221,0.612827547407577,0.559392829002648,21,-5.34347184049291,2,1,TRUE,"n=10-29"
222,0.697747983512345,0.7224991743663,3,2.47511908539547,4,5,TRUE,"n<=9"
223,0.436459878269083,0.504157415433725,1,6.76975371646425,1,1,FALSE,"n<=9"
224,0.55465747087551,0.646940289761745,3,9.22828188862344,2,3,TRUE,"n<=9"
225,0.513411073378264,0.500881334247374,4,-1.25297391308893,1,1,FALSE,"n<=9"
229,0.679783006448309,0.719892497346558,20,4.01094908982484,3,5,TRUE,"n=10-29"
231,0.734746667147589,0.675316365487053,7,-5.94303016605356,4,4,FALSE,"n<=9"
234,0.574016457906998,0.647070778499019,6,7.30543205920215,2,3,TRUE,"n<=9"
235,0.699672803100265,0.712461120054038,1,1.27883169537721,4,5,TRUE,"n<=9"
237,0.660156780398543,0.697484648185507,15,3.73278677869642,3,4,TRUE,"n=10-29"
241,0.839940674396649,0.834670310601491,1,-0.527036379515877,5,5,FALSE,"n<=9"
242,0.619532577168422,0.611049389010898,2,-0.848318815752369,2,2,FALSE,"n<=9"
244,0.794983804327857,0.739181632905376,9,-5.58021714224813,5,5,FALSE,"n<=9"
259,0.639764657264788,0.692145304104449,57,5.23806468396606,3,4,TRUE,"n>=30"
260,0.496706359256158,0.543639930409196,7,4.69335711530384,1,1,FALSE,"n<=9"
262,0.704263233644442,0.716047045552751,69,1.17838119083092,4,5,TRUE,"n>=30"
273,0.829208008846486,0.787333680919974,10,-4.18743279265118,5,5,FALSE,"n=10-29"
275,0.668474345757843,0.658519676132206,13,-0.995466962563618,3,3,FALSE,"n=10-29"
276,0.738900627636934,0.608036267483878,41,-13.0864360153056,5,2,TRUE,"n>=30"
277,0.769867547071479,0.649527790932773,15,-12.0339756138706,5,3,TRUE,"n=10-29"
278,0.775055507095001,0.710524156768671,16,-6.45313503263295,5,5,FALSE,"n=10-29"
279,0.813352132158214,0.697326342207972,138,-11.6025789950243,5,4,TRUE,"n>=30"
280,0.798285993582538,0.748538217277758,22,-4.97477763047798,5,5,FALSE,"n=10-29"
281,0.718026457022895,0.738737617470217,40,2.07111604473218,4,5,TRUE,"n>=30"
282,0.814603812389746,0.768589158778786,17,-4.60146536109605,5,5,FALSE,"n=10-29"
283,0.708569700191225,0.685925637568405,13,-2.26440626228205,4,4,FALSE,"n=10-29"
284,0.785904014147541,0.766648846288519,3,-1.92551678590218,5,5,FALSE,"n<=9"
285,0.750627347533072,0.684956972894459,34,-6.5670374638613,5,4,TRUE,"n>=30"
286,0.832010790639385,0.707198389457705,21,-12.481240118168,5,4,TRUE,"n=10-29"
287,0.524763018381704,0.559689715990871,28,3.49266976091677,1,1,FALSE,"n=10-29"
288,0.632389608380906,0.723106646014223,72,9.0717037633317,3,5,TRUE,"n>=30"
289,0.845849193361807,0.792738832856259,22,-5.3110360505548,5,5,FALSE,"n=10-29"
290,0.543641947244634,0.624287688313552,36,8.0645741068918,1,2,TRUE,"n>=30"
291,0.615888394156696,0.698802661587906,9,8.29142674312104,2,4,TRUE,"n<=9"
292,0.75589179777238,0.679370551205565,13,-7.65212465668147,5,4,TRUE,"n=10-29"
293,0.621477284243523,0.635792230966132,17,1.4314946722609,2,3,TRUE,"n=10-29"
299,0.665085770153515,0.685815927993275,7,2.07301578397597,3,4,TRUE,"n<=9"
303,0.653431233174494,0.733062037087095,4,7.96308039126009,3,5,TRUE,"n<=9"
305,0.637521816453599,0.633665329226411,46,-0.385648722718768,3,3,FALSE,"n>=30"
308,0.741702666699275,0.741623471356085,3,-0.00791953431905634,5,5,FALSE,"n<=9"
309,0.738686544779933,0.669962759481357,9,-6.87237852985763,5,4,TRUE,"n<=9"
312,0.722353433167297,0.689215445202046,75,-3.31379879652509,4,4,FALSE,"n>=30"
314,0.651682953515703,0.656437774070814,12,0.475482055511078,3,3,FALSE,"n=10-29"
316,0.697786190400465,0.702800815563449,29,0.501462516298345,4,4,FALSE,"n=10-29"
321,0.604238204549163,0.561944388207391,7,-4.22938163417725,2,1,TRUE,"n<=9"
322,0.805998219953305,0.764656764351852,10,-4.13414556014522,5,5,FALSE,"n=10-29"
326,0.581562913651677,0.622399224655602,4,4.0836311003925,2,2,FALSE,"n<=9"
327,0.675448542453232,0.713538594883651,3,3.80900524304191,3,5,TRUE,"n<=9"
331,0.487529751949242,0.565218399789863,11,7.76886478406216,1,1,FALSE,"n=10-29"
332,0.75394546327734,0.69448666936178,179,-5.94587939155604,5,4,TRUE,"n>=30"
334,0.700492111539414,0.65785214508205,26,-4.26399664573641,4,3,TRUE,"n=10-29"
336,0.709890493998007,0.687145312030127,11,-2.27451819678801,4,4,FALSE,"n=10-29"
338,0.593835438392493,0.58208921942745,17,-1.17462189650424,2,2,FALSE,"n=10-29"
339,0.699504905300349,0.670179945333484,12,-2.93249599668647,4,4,FALSE,"n=10-29"
340,0.456242420120797,0.57090426918105,7,11.4661849060253,1,1,FALSE,"n<=9"
341,0.569305945991778,0.62517899508857,11,5.58730490967925,2,2,FALSE,"n=10-29"
342,0.80209198912307,0.727567081511367,21,-7.45249076117026,5,5,FALSE,"n=10-29"
343,0.593668591054041,0.628856749223466,11,3.51881581694253,2,3,TRUE,"n=10-29"
345,0.601066188067506,0.584648385550534,20,-1.6417802516972,2,2,FALSE,"n=10-29"
347,0.599608436447995,0.635517947201593,55,3.59095107535977,2,3,TRUE,"n>=30"
348,0.473874386070725,0.576324142889526,25,10.24497568188,1,2,TRUE,"n=10-29"
349,0.673290119218603,0.664507928630058,2,-0.878219058854435,3,3,FALSE,"n<=9"
350,0.781274619380023,0.786897491085431,2,0.562287170540832,5,5,FALSE,"n<=9"
351,0.703758837551779,0.645445447126139,9,-5.83133904256397,4,3,TRUE,"n<=9"
352,0.621352123355853,0.631221542359385,12,0.986941900353178,2,3,TRUE,"n=10-29"
353,0.716649292293064,0.698335483775012,3,-1.83138085180514,4,4,FALSE,"n<=9"
354,0.635127224952991,0.637736524271834,9,0.260929931884302,3,3,FALSE,"n<=9"
355,0.423408150048001,0.406358181353287,2,-1.70499686947138,1,1,FALSE,"n<=9"
356,0.672476502162141,0.627346721045426,14,-4.51297811167152,3,3,FALSE,"n=10-29"
357,0.500171731694328,0.546578427548923,13,4.64066958545958,1,1,FALSE,"n=10-29"
359,0.787201061399178,0.715843965971555,25,-7.13570954276233,5,5,FALSE,"n=10-29"
360,0.57720430328184,0.589793656014673,21,1.25893527328332,2,2,FALSE,"n=10-29"
361,0.695366617370178,0.693878255005648,2,-0.148836236453065,4,4,FALSE,"n<=9"
363,0.579730879829377,0.566835671426795,15,-1.28952084025817,2,1,TRUE,"n=10-29"
364,0.648832092476057,0.634979223730281,6,-1.38528687457762,3,3,FALSE,"n<=9"
365,0.682509642390201,0.65445371839183,7,-2.8055923998371,3,3,FALSE,"n<=9"
366,0.406940262068191,0.56038244948165,14,15.3442187413459,1,1,FALSE,"n=10-29"
367,0.754225386768518,0.66658920039266,13,-8.76361863758588,5,3,TRUE,"n=10-29"
368,0.643636543805391,0.638981872321324,18,-0.465467148406706,3,3,FALSE,"n=10-29"
370,0.871780126219908,0.848699502267751,1,-2.30806239521568,5,5,FALSE,"n<=9"
371,0.715285590784589,0.633554528343009,9,-8.17310624415798,4,3,TRUE,"n<=9"
373,0.698663436720604,0.678796035274462,29,-1.98674014461415,4,4,FALSE,"n=10-29"
374,0.552359861794739,0.594862245541966,11,4.25023837472273,2,2,FALSE,"n=10-29"
375,0.711401706220524,0.668102326355317,60,-4.32993798652066,4,4,FALSE,"n>=30"
376,0.698157695278046,0.655263435527023,11,-4.28942597510235,4,3,TRUE,"n=10-29"
378,0.601725462974823,0.650162214426407,2,4.84367514515848,2,3,TRUE,"n<=9"
385,0.711487231071291,0.699036111251538,1,-1.24511198197533,4,4,FALSE,"n<=9"
388,0.648363973711325,0.563900935695759,9,-8.44630380155665,3,1,TRUE,"n<=9"
389,0.656521825761118,0.655001668732673,7,-0.152015702844555,3,3,FALSE,"n<=9"
392,0.668461082817173,0.669855606131402,3,0.139452331422885,3,4,TRUE,"n<=9"
393,0.724270637361847,0.642482826093947,9,-8.17878112678995,4,3,TRUE,"n<=9"
395,0.545265543580741,0.570361976171821,13,2.50964325910797,1,1,FALSE,"n=10-29"
398,0.6924092962572,0.668149359553707,9,-2.42599367034927,4,4,FALSE,"n<=9"
399,0.746483590949674,0.665017802762464,9,-8.14657881872104,5,3,TRUE,"n<=9"
402,0.538821392147825,0.560566572914547,2,2.17451807667227,1,1,FALSE,"n<=9"
404,0.631760898938938,0.60465242295116,39,-2.71084759877777,3,2,TRUE,"n>=30"
412,0.749503381069478,0.714229584927073,7,-3.52737961424049,5,5,FALSE,"n<=9"
415,0.541412323739406,0.597005933244305,9,5.55936095048988,1,2,TRUE,"n<=9"
423,0.613998918260213,0.653374311324443,3,3.93753930642303,2,3,TRUE,"n<=9"
427,0.772759011024139,0.75455143634142,13,-1.82075746827191,5,5,FALSE,"n=10-29"
435,0.728139190946422,0.700707638659025,8,-2.74315522873974,4,4,FALSE,"n<=9"
437,0.752899665857169,0.729306117675211,4,-2.3593548181958,5,5,FALSE,"n<=9"
440,0.611600681412614,0.64568078280672,11,3.40801013941061,2,3,TRUE,"n=10-29"
450,0.517906296462122,0.561948452323734,10,4.40421558616116,1,1,FALSE,"n=10-29"
455,0.850862144127345,0.831452578644403,7,-1.94095654829419,5,5,FALSE,"n<=9"
463,0.801230702698963,0.72771847726246,6,-7.35122254365028,5,5,FALSE,"n<=9"
466,0.649390635178318,0.690974596524632,4,4.1583961346314,3,4,TRUE,"n<=9"
468,0.507388145396584,0.578666981353589,10,7.12788359570052,1,2,TRUE,"n=10-29"
474,0.67825750471503,0.712164841191737,6,3.39073364767067,3,5,TRUE,"n<=9"
475,0.678175030501479,0.622426861201483,3,-5.57481692999955,3,2,TRUE,"n<=9"
477,0.790673827349504,0.723405725378761,11,-6.7268101970743,5,5,FALSE,"n=10-29"
482,0.789011227111682,0.759553521055629,4,-2.94577060560528,5,5,FALSE,"n<=9"
488,0.813911001222172,0.77404603601659,6,-3.98649652055818,5,5,FALSE,"n<=9"
491,0.768217425457932,0.784909549611177,6,1.66921241532452,5,5,FALSE,"n<=9"
492,0.635194582917893,0.608646947566956,20,-2.65476353509367,3,2,TRUE,"n=10-29"
495,0.551443355476623,0.597776897028915,8,4.63335415522929,2,2,FALSE,"n<=9"
498,0.683125009466234,0.704912137591476,2,2.1787128125242,4,4,FALSE,"n<=9"
501,0.793956691326043,0.783681627610554,3,-1.02750637154886,5,5,FALSE,"n<=9"
503,0.596894447715536,0.575138110806512,10,-2.17563369090231,2,2,FALSE,"n=10-29"
504,0.775208583947568,0.741355324605863,13,-3.3853259341705,5,5,FALSE,"n=10-29"
506,0.591347361439899,0.598652999414856,7,0.730563797495665,2,2,FALSE,"n<=9"
507,0.637024353404052,0.669216698147106,11,3.21923447430533,3,4,TRUE,"n=10-29"
510,0.708135344009846,0.730792158108051,3,2.26568140982054,4,5,TRUE,"n<=9"
523,0.705035019821857,0.691387065361306,16,-1.36479544605516,4,4,FALSE,"n=10-29"
527,0.579303017345564,0.618407311068424,4,3.91042937228601,2,2,FALSE,"n<=9"
530,0.487631839410162,0.586982501150441,4,9.93506617402787,1,2,TRUE,"n<=9"
532,0.667403295254812,0.712946311155095,3,4.5543015900283,3,5,TRUE,"n<=9"
543,0.486119845111814,0.557721200689248,16,7.1601355577434,1,1,FALSE,"n=10-29"
549,0.608773125802064,0.664332793639232,19,5.55596678371677,2,3,TRUE,"n=10-29"
559,0.60759197003193,0.595375691799479,8,-1.22162782324509,2,2,FALSE,"n<=9"
570,0.582280627695397,0.608276795646913,18,2.59961679515166,2,2,FALSE,"n=10-29"
580,0.628279214764096,0.650200376026553,20,2.19211612624569,3,3,FALSE,"n=10-29"
588,0.507026572581812,0.468589559626069,5,-3.84370129557434,1,1,FALSE,"n<=9"
591,0.614616103288356,0.638029814868985,4,2.34137115806298,2,3,TRUE,"n<=9"
596,0.420541712623445,0.512723896829228,6,9.21821842057834,1,1,FALSE,"n<=9"
597,0.689320027649788,0.669705744067401,34,-1.9614283582387,4,4,FALSE,"n>=30"
603,0.625068688276477,0.688179462843715,4,6.31107745672387,3,4,TRUE,"n<=9"
607,0.68583410466619,0.692763122948952,6,0.692901828276238,4,4,FALSE,"n<=9"
616,0.654150159281387,0.672203133419215,9,1.80529741378272,3,4,TRUE,"n<=9"
625,0.629952323819482,0.66829280650741,2,3.83404826879276,3,4,TRUE,"n<=9"
634,0.61754395035204,0.611809079093311,3,-0.573487125872929,2,2,FALSE,"n<=9"
640,0.623696596640398,0.705975179755408,7,8.227858311501,2,4,TRUE,"n<=9"
647,0.619354626419199,0.641584036205799,7,2.22294097866005,2,3,TRUE,"n<=9"
662,0.608774116721757,0.571835752057178,1,-3.69383646645787,2,2,FALSE,"n<=9"
666,0.474037224908901,0.613930273970524,15,13.9893049061623,1,2,TRUE,"n=10-29"
671,0.544925662137881,0.588295531599549,10,4.33698694616674,1,2,TRUE,"n=10-29"
677,0.73013985362346,0.732847449201314,4,0.270759557785438,4,5,TRUE,"n<=9"
678,0.525363886085626,0.552673954404905,5,2.73100683192784,1,1,FALSE,"n<=9"
681,0.644191236581542,0.555252634208337,16,-8.89386023732056,3,1,TRUE,"n=10-29"
682,0.860049301053073,0.824558345505336,4,-3.54909555477375,5,5,FALSE,"n<=9"
683,0.685403168511611,0.655024277730943,7,-3.03788907806687,4,3,TRUE,"n<=9"
688,0.644648830482166,0.621634053921545,12,-2.30147765606217,3,2,TRUE,"n=10-29"
692,0.74223308641149,0.637890272537383,13,-10.4342813874108,5,3,TRUE,"n=10-29"
694,0.754774256799703,0.671368952705991,6,-8.34053040937116,5,4,TRUE,"n<=9"
695,0.602974466793125,0.587450912391836,6,-1.55235544012891,2,2,FALSE,"n<=9"
698,0.714943909003338,0.699885841494604,34,-1.50580675087336,4,4,FALSE,"n>=30"
699,0.554417937867725,0.603957405038284,8,4.95394671705589,2,2,FALSE,"n<=9"
705,0.80730642480956,0.761183147591386,7,-4.61232772181744,5,5,FALSE,"n<=9"
707,0.516420160725804,0.575138434429922,6,5.87182737041181,1,2,TRUE,"n<=9"
708,0.720587394724856,0.670722358202848,5,-4.98650365220086,4,4,FALSE,"n<=9"
709,0.630690814281715,0.616110359641499,3,-1.45804546402167,3,2,TRUE,"n<=9"
710,0.416901449660638,0.515867354127365,6,9.89659044667273,1,1,FALSE,"n<=9"
713,0.562442809967511,0.589019159779401,3,2.65763498118902,2,2,FALSE,"n<=9"
718,0.774424507388677,0.686954783696449,7,-8.74697236922282,5,4,TRUE,"n<=9"
719,0.625959301183879,0.645461752891533,11,1.95024517076541,3,3,FALSE,"n=10-29"
720,0.627602638268068,0.627032898947272,22,-0.0569739320796181,3,3,FALSE,"n=10-29"
724,0.36640255430585,0.461159072208021,6,9.47565179021709,1,1,FALSE,"n<=9"
725,0.715305770544714,0.700593843731959,5,-1.47119268127549,4,4,FALSE,"n<=9"
726,0.58064008089918,0.613384613497156,2,3.27445325979758,2,2,FALSE,"n<=9"
734,0.667359723981388,0.649003683546619,5,-1.83560404347692,3,3,FALSE,"n<=9"
736,0.624111736301026,0.647782694044308,23,2.3670957743282,2,3,TRUE,"n=10-29"
738,0.735732879498061,0.714823811803891,19,-2.09090676941691,4,5,TRUE,"n=10-29"
743,0.753229724464372,0.739128164527193,15,-1.41015599371792,5,5,FALSE,"n=10-29"
749,0.555665826253361,0.579773184737054,6,2.41073584836935,2,2,FALSE,"n<=9"
750,0.805944713083611,0.775491987751825,5,-3.04527253317852,5,5,FALSE,"n<=9"
751,0.753675064456363,0.677297687639873,7,-7.63773768164895,5,4,TRUE,"n<=9"
759,0.729982984842407,0.675995597035926,3,-5.39873878064803,4,4,FALSE,"n<=9"
760,0.701190475104619,0.646221340988035,14,-5.49691341165835,4,3,TRUE,"n=10-29"
761,0.665689528354867,0.686542689493498,12,2.08531611386306,3,4,TRUE,"n=10-29"
766,0.663136283547162,0.695531481111527,5,3.23951975643645,3,4,TRUE,"n<=9"
770,0.81775926826531,0.69741421183227,27,-12.034505643304,5,4,TRUE,"n=10-29"
771,0.606442063709754,0.533997472326793,8,-7.24445913829603,2,1,TRUE,"n<=9"
774,0.675171516761703,0.616572073489537,10,-5.85994432721657,3,2,TRUE,"n=10-29"
776,0.416686006171702,0.502883229052523,9,8.61972228808208,1,1,FALSE,"n<=9"
777,0.645803476234394,0.624266286649334,9,-2.15371895850598,3,2,TRUE,"n<=9"
778,0.695982763010713,0.62777756960218,4,-6.82051934085324,4,3,TRUE,"n<=9"
788,0.64457242033987,0.616533033290797,55,-2.80393870490735,3,2,TRUE,"n>=30"
789,0.66644746541118,0.645802520887769,12,-2.06449445234111,3,3,FALSE,"n=10-29"
792,0.690538080533289,0.615714462864316,9,-7.48236176689737,4,2,TRUE,"n<=9"
793,0.64867486827027,0.637377062743726,15,-1.12978055265441,3,3,FALSE,"n=10-29"
795,0.723702216284865,0.720606013159217,5,-0.309620312564851,4,5,TRUE,"n<=9"
802,0.697215685247663,0.679011633560341,5,-1.8204051687322,4,4,FALSE,"n<=9"
809,0.603173774621134,0.551063611070891,9,-5.21101635502427,2,1,TRUE,"n<=9"
819,0.734757789258174,0.686680898341261,4,-4.80768909169134,4,4,FALSE,"n<=9"
821,0.367299908665678,0.487764162612537,7,12.0464253946859,1,1,FALSE,"n<=9"
824,0.787127484243785,0.756843192202103,9,-3.02842920416818,5,5,FALSE,"n<=9"
828,0.487347841852978,0.541980303173975,12,5.46324613209975,1,1,FALSE,"n=10-29"
837,0.735195035834097,0.685297050486766,2,-4.98979853473308,4,4,FALSE,"n<=9"
839,0.737428251177234,0.724865860815643,4,-1.2562390361591,5,5,FALSE,"n<=9"
850,0.596130393586849,0.612513524602675,6,1.63831310158254,2,2,FALSE,"n<=9"
851,0.706988437599813,0.621183267772232,15,-8.58051698275806,4,2,TRUE,"n=10-29"
852,0.504917828053602,0.559455094793325,28,5.45372667397225,1,1,FALSE,"n=10-29"
854,0.644037417186322,0.654440118592397,7,1.04027014060746,3,3,FALSE,"n<=9"
858,0.548396754090483,0.584611484683077,24,3.62147305925945,2,2,FALSE,"n=10-29"
867,0.548971030690451,0.579875299240499,8,3.09042685500478,2,2,FALSE,"n<=9"
873,0.454620245999753,0.521535621601993,5,6.69153756022402,1,1,FALSE,"n<=9"
877,0.771620243569351,0.730576554580899,5,-4.10436889884513,5,5,FALSE,"n<=9"
883,0.621723449561857,0.671461757035496,5,4.97383074736392,2,4,TRUE,"n<=9"
885,0.659011573120558,0.59801444410397,6,-6.09971290165885,3,2,TRUE,"n<=9"
886,0.731342442273789,0.702546378707317,3,-2.87960635664722,4,4,FALSE,"n<=9"
889,0.832082107856193,0.820393660652249,2,-1.1688447203944,5,5,FALSE,"n<=9"
892,0.588510992618773,0.640294351120251,7,5.1783358501478,2,3,TRUE,"n<=9"
894,0.665810466294755,0.665210726476399,7,-0.0599739818355594,3,3,FALSE,"n<=9"
902,0.693174798333224,0.697159145831276,8,0.398434749805221,4,4,FALSE,"n<=9"
906,0.601384812269482,0.674769825001671,4,7.33850127321897,2,4,TRUE,"n<=9"
910,0.713003167670701,0.655781477357117,21,-5.72216903135843,4,3,TRUE,"n=10-29"
911,0.730666253012592,0.661384025845992,10,-6.92822271666001,4,3,TRUE,"n=10-29"
915,0.684872083963076,0.581995608418169,13,-10.2876475544907,4,2,TRUE,"n=10-29"
916,0.613404157417124,0.589948651913236,6,-2.34555055038882,2,2,FALSE,"n<=9"
917,0.578280392120379,0.669675744778851,5,9.13953526584726,2,4,TRUE,"n<=9"
919,0.790727784135137,0.789685489948915,2,-0.104229418622237,5,5,FALSE,"n<=9"
921,0.581766903583133,0.571981245313156,9,-0.978565826997702,2,2,FALSE,"n<=9"
926,0.746745796700141,0.728163631066856,8,-1.85821656332859,5,5,FALSE,"n<=9"
928,0.751217151084308,0.663591785423248,12,-8.76253656610601,5,3,TRUE,"n=10-29"
931,0.527470979796063,0.563528724751217,6,3.60577449551536,1,1,FALSE,"n<=9"
933,0.755890410269487,0.696143886205419,26,-5.97465240640683,5,4,TRUE,"n=10-29"
934,0.801031495836518,0.793627356585959,1,-0.740413925055838,5,5,FALSE,"n<=9"
935,0.710811816873848,0.71740295924165,7,0.659114236780178,4,5,TRUE,"n<=9"
936,0.576264228654325,0.625318105078279,13,4.90538764239539,2,2,FALSE,"n=10-29"
937,0.730635573683403,0.703431111000762,2,-2.72044626826413,4,4,FALSE,"n<=9"
938,0.688961787569278,0.702626459209239,9,1.36646716399618,4,4,FALSE,"n<=9"
939,0.641566125955574,0.613384962526948,39,-2.81811634286264,3,2,TRUE,"n>=30"
940,0.5115811463901,0.518211699011768,4,0.663055262166734,1,1,FALSE,"n<=9"
941,0.712342698383767,0.615495420795642,15,-9.68472775881251,4,2,TRUE,"n=10-29"
943,0.502594630858838,0.555615920988771,5,5.30212901299337,1,1,FALSE,"n<=9"
948,0.739545353324997,0.726548073067063,8,-1.29972802579346,5,5,FALSE,"n<=9"
949,0.565440535623623,0.590059720196239,64,2.46191845726151,2,2,FALSE,"n>=30"
952,0.604700585064823,0.667610180486087,9,6.29095954212638,2,4,TRUE,"n<=9"
953,0.550778220947086,0.610466130068091,5,5.96879091210054,2,2,FALSE,"n<=9"
954,0.791999150674698,0.743632015890712,9,-4.83671347839864,5,5,FALSE,"n<=9"
956,0.667586735098955,0.674514801948842,21,0.692806684988723,3,4,TRUE,"n=10-29"
957,0.736076972834197,0.756098916762501,1,2.00219439283048,4,5,TRUE,"n<=9"
958,0.605583849111412,0.665448632777184,13,5.98647836657722,2,3,TRUE,"n=10-29"
959,0.619257468848945,0.597761385714168,15,-2.14960831347768,2,2,FALSE,"n=10-29"
960,0.637085951506298,0.701935019974444,4,6.48490684681461,3,4,TRUE,"n<=9"
963,0.607140683892952,0.647943418794401,11,4.0802734901449,2,3,TRUE,"n=10-29"
964,0.520274449927653,0.576753034676644,8,5.64785847489901,1,2,TRUE,"n<=9"
966,0.500653855189138,0.590050287205408,24,8.93964320162697,1,2,TRUE,"n=10-29"
967,0.593164913433899,0.594194777967072,5,0.1029864533173,2,2,FALSE,"n<=9"
971,0.608598056509233,0.610627259958903,7,0.202920344967028,2,2,FALSE,"n<=9"
972,0.811393143825379,0.766822418963214,7,-4.45707248621651,5,5,FALSE,"n<=9"
973,0.737946978492791,0.665986469521144,11,-7.19605089716475,5,3,TRUE,"n=10-29"
974,0.538703501549889,0.552693091594788,14,1.39895900448994,1,1,FALSE,"n=10-29"
975,0.465151527117757,0.540223632519497,33,7.50721054017397,1,1,FALSE,"n>=30"
978,0.342819187521725,0.424281892392168,5,8.1462704870443,1,1,FALSE,"n<=9"
980,0.545867813271237,0.671430433680588,86,12.5562620409351,1,4,TRUE,"n>=30"
981,0.76587471982988,0.656829236788773,37,-10.9045483041107,5,3,TRUE,"n>=30"
982,0.871962468977358,0.864369373640068,1,-0.759309533729013,5,5,FALSE,"n<=9"
985,0.56125766284753,0.597547440524114,49,3.62897776765841,2,2,FALSE,"n>=30"
986,0.598405701662428,0.617611167402649,24,1.9205465740221,2,2,FALSE,"n=10-29"
990,0.736042637443329,0.746659120222321,67,1.06164827789925,4,5,TRUE,"n>=30"
995,0.694485006309135,0.674294571454884,7,-2.01904348542518,4,4,FALSE,"n<=9"
996,0.48555175566517,0.538423695023521,20,5.28719393583517,1,1,FALSE,"n=10-29"
998,0.474204296800288,0.625369931573487,49,15.1165634773198,1,2,TRUE,"n>=30"
1007,0.70113106927344,0.742180760723341,2,4.1049691449901,4,5,TRUE,"n<=9"
1031,0.653847252455798,0.631462420296347,2,-2.23848321594508,3,3,FALSE,"n<=9"
1056,0.763955426319366,0.683811750312366,9,-8.0143676007,5,4,TRUE,"n<=9"
1062,0.723323206778894,0.694634149883617,11,-2.86890568952772,4,4,FALSE,"n=10-29"
1077,0.457486463482899,0.484209935925768,4,2.67234724428694,1,1,FALSE,"n<=9"
1086,0.565783198190393,0.619121186558232,11,5.3337988367839,2,2,FALSE,"n=10-29"
1113,0.642046443213817,0.643745925792688,6,0.169948257887054,3,3,FALSE,"n<=9"
1117,0.568418937918179,0.634728357421216,2,6.63094195030367,2,3,TRUE,"n<=9"
1126,0.831801555554589,0.793408111551098,4,-3.83934440034915,5,5,FALSE,"n<=9"
1139,0.809574865773599,0.750545703680638,10,-5.90291620929609,5,5,FALSE,"n=10-29"
1175,0.722451505514161,0.668193263127339,6,-5.42582423868213,4,4,FALSE,"n<=9"
1188,0.532767700085738,0.447894799968635,7,-8.48729001171037,1,1,FALSE,"n<=9"
1192,0.541910330314642,0.633686038343034,17,9.17757080283914,1,3,TRUE,"n=10-29"
1193,0.662138445056683,0.674232092791762,7,1.2093647735079,3,4,TRUE,"n<=9"
1224,0.660516850686575,0.575277607255164,10,-8.52392434314105,3,2,TRUE,"n=10-29"
1232,0.767584834077548,0.784140640707304,1,1.65558066297552,5,5,FALSE,"n<=9"
1248,0.723033449082432,0.704182803843215,8,-1.88506452392166,4,4,FALSE,"n<=9"
1276,0.497592069358604,0.541826968414379,7,4.42348990557748,1,1,FALSE,"n<=9"
1346,0.671506341831842,0.624559211457179,4,-4.6947130374663,3,2,TRUE,"n<=9"
1349,0.276429151689141,0.327308964199156,3,5.08798125100158,1,1,FALSE,"n<=9"
1356,0.672436093497118,0.673159452579472,2,0.0723359082354103,3,4,TRUE,"n<=9"
1374,0.552993228466108,0.626552754374019,5,7.3559525907911,2,2,FALSE,"n<=9"
1433,0.538143309783081,0.626935854377897,9,8.87925445948163,1,3,TRUE,"n<=9"
1474,0.445326370104935,0.497050066710162,3,5.17236966052265,1,1,FALSE,"n<=9"
1475,0.759565198449378,0.730445158933492,4,-2.91200395158859,5,5,FALSE,"n<=9"
1483,0.704418726770068,0.678979019340856,8,-2.54397074292119,4,4,FALSE,"n<=9"
1500,0.43586313959456,0.493841142741525,10,5.79780031469656,1,1,FALSE,"n=10-29"
1512,0.726128944110749,0.665828621517794,3,-6.03003225929546,4,3,TRUE,"n<=9"
1515,0.731446309630002,0.678329820413796,4,-5.31164892162066,4,4,FALSE,"n<=9"
1517,0.723887588921866,0.725588679436487,7,0.170109051462064,4,5,TRUE,"n<=9"
1520,0.677224316734849,0.680712912186467,4,0.348859545161828,3,4,TRUE,"n<=9"
1531,0.88824439325112,0.872378727075797,1,-1.58656661753225,5,5,FALSE,"n<=9"
1565,0.74709624405198,0.713057498012587,3,-3.40387460393928,5,5,FALSE,"n<=9"
1566,0.723540145457218,0.654857590507626,5,-6.86825549495915,4,3,TRUE,"n<=9"
1569,0.787767406155316,0.724359960347913,4,-6.34074458074037,5,5,FALSE,"n<=9"
1592,0.736196757914297,0.669853079015956,13,-6.63436788983408,5,4,TRUE,"n=10-29"
1598,0.581092879867643,0.568035131258906,13,-1.30577486087373,2,1,TRUE,"n=10-29"
1602,0.610630532684494,0.62202383144974,6,1.13932987652464,2,2,FALSE,"n<=9"
1608,0.598694369802636,0.630698012397213,5,3.20036425945769,2,3,TRUE,"n<=9"
1620,0.684657608033241,0.697026972608468,3,1.23693645752269,4,4,FALSE,"n<=9"
1623,0.652113556547756,0.633822250121387,3,-1.8291306426369,3,3,FALSE,"n<=9"
1626,0.734242979289484,0.721470930308037,12,-1.2772048981447,4,5,TRUE,"n=10-29"
1629,0.56507093021782,0.522865288931701,6,-4.22056412861186,2,1,TRUE,"n<=9"
1632,0.432628558419985,0.530567741654531,17,9.79391832345463,1,1,FALSE,"n=10-29"
1640,0.659498260834057,0.65074472384547,4,-0.87535369885865,3,3,FALSE,"n<=9"
1654,0.528809072049894,0.556994805217564,4,2.81857331676699,1,1,FALSE,"n<=9"
1666,0.482957576250868,0.562202788735867,9,7.92452124849991,1,1,FALSE,"n<=9"
1678,0.528310115188338,0.592540138441094,7,6.42300232527564,1,2,TRUE,"n<=9"
1695,0.746906536698644,0.779716869720666,8,3.28103330220216,5,5,FALSE,"n<=9"
1722,0.700456547541571,0.683717871222458,1,-1.67386763191134,4,4,FALSE,"n<=9"
1732,0.628448385285744,0.679077245045482,2,5.06288597597377,3,4,TRUE,"n<=9"
1735,0.691354053316533,0.681156980439267,2,-1.01970728772665,4,4,FALSE,"n<=9"
1751,0.636395469198605,0.620982126726405,10,-1.54133424722006,3,2,TRUE,"n=10-29"
1756,0.593772666488853,0.639673451468706,6,4.59007849798531,2,3,TRUE,"n<=9"
1757,0.609514838378533,0.643205817691642,28,3.36909793131082,2,3,TRUE,"n=10-29"
1758,0.689356446875946,0.64406462670903,8,-4.52918201669152,4,3,TRUE,"n<=9"
1763,0.621380842895732,0.643488770417778,5,2.21079275220456,2,3,TRUE,"n<=9"
1774,0.690121133449057,0.649648270372934,17,-4.0472863076123,4,3,TRUE,"n=10-29"
1780,0.684449243440334,0.722128159840795,11,3.76789164004619,4,5,TRUE,"n=10-29"
1785,0.552746037444417,0.586049255200356,6,3.3303217755939,2,2,FALSE,"n<=9"
1792,0.790612079853652,0.778042467860356,3,-1.25696119932959,5,5,FALSE,"n<=9"
1798,0.422865465033588,0.498573016964151,5,7.57075519305633,1,1,FALSE,"n<=9"
1800,0.674708272597658,0.639346961022279,6,-3.53613115753796,3,3,FALSE,"n<=9"
1803,0.631989964786871,0.565650549614507,8,-6.63394151723636,3,1,TRUE,"n<=9"
1805,0.82687722565958,0.775588647724877,9,-5.12885779347027,5,5,FALSE,"n<=9"
1807,0.548030790942066,0.595702528950263,19,4.76717380081965,2,2,FALSE,"n=10-29"
1808,0.558454406243883,0.554800186399936,5,-0.365421984394765,2,1,TRUE,"n<=9"
1810,0.527003871611599,0.594470260577039,38,6.74663889654404,1,2,TRUE,"n>=30"
1812,0.698977764227258,0.67588933513531,4,-2.30884290919485,4,4,FALSE,"n<=9"
1814,0.667336483817939,0.677092724954369,13,0.975624113642926,3,4,TRUE,"n=10-29"
1815,0.776943675120426,0.685985103104831,83,-9.09585720155954,5,4,TRUE,"n>=30"
1817,0.677496007452187,0.658751475715329,4,-1.87445317368587,3,3,FALSE,"n<=9"
1819,0.758504246783251,0.745445287475581,14,-1.30589593076699,5,5,FALSE,"n=10-29"
1821,0.42522798017744,0.498324075107612,5,7.30960949301714,1,1,FALSE,"n<=9"
1823,0.778357769877496,0.590432628449872,25,-18.7925141427624,5,2,TRUE,"n=10-29"
1824,0.544461061514072,0.57164102628959,54,2.71799647755181,1,2,TRUE,"n>=30"
1825,0.631554959352063,0.632922435555183,26,0.136747620311972,3,3,FALSE,"n=10-29"
1827,0.724352495180522,0.654792465272247,13,-6.95600299082754,4,3,TRUE,"n=10-29"
1829,0.688303385780737,0.702376779956633,3,1.40733941758968,4,4,FALSE,"n<=9"
1830,0.440333421643025,0.492953674795795,4,5.26202531527694,1,1,FALSE,"n<=9"
1831,0.592229645341037,0.524545724272711,6,-6.76839210683257,2,1,TRUE,"n<=9"
1832,0.641110091604544,0.66353031638245,10,2.24202247779063,3,3,FALSE,"n=10-29"
1833,0.692203685298701,0.6801699456026,4,-1.20337396961007,4,4,FALSE,"n<=9"
1834,0.837632091300002,0.797628456100489,7,-4.00036351995126,5,5,FALSE,"n<=9"
1839,0.801390326324847,0.720105984011443,25,-8.1284342313404,5,5,FALSE,"n=10-29"
1846,0.854873346525643,0.83296295271824,2,-2.19103938074029,5,5,FALSE,"n<=9"
1848,0.690546132323011,0.682312313347715,17,-0.82338189752964,4,4,FALSE,"n=10-29"
1853,0.55503764475064,0.543807211572407,28,-1.12304331782327,2,1,TRUE,"n=10-29"
1856,0.751207069423214,0.732349188796243,45,-1.88578806269711,5,5,FALSE,"n>=30"
1865,0.550648031257167,0.56800382421801,16,1.73557929608432,2,1,TRUE,"n=10-29"
1869,0.456118140017922,0.588813537119073,10,13.2695397101151,1,2,TRUE,"n=10-29"
1876,0.627852095846564,0.655709296067362,13,2.78572002207974,3,3,FALSE,"n=10-29"
1882,0.56632742431341,0.61028003806358,14,4.39526137501696,2,2,FALSE,"n=10-29"
1887,0.707752791472048,0.676091140917005,1,-3.16616505550427,4,4,FALSE,"n<=9"
1890,0.548971796124655,0.583292581861115,6,3.43207857364599,2,2,FALSE,"n<=9"
1891,0.781595818699133,0.722549939106025,12,-5.90458795931083,5,5,FALSE,"n=10-29"
1892,0.617635803964484,0.695447333891277,7,7.78115299267935,2,4,TRUE,"n<=9"
1894,0.675434287515019,0.652490340912182,17,-2.29439466028366,3,3,FALSE,"n=10-29"
1897,0.773208451981302,0.734513115022527,40,-3.86953369587747,5,5,FALSE,"n>=30"
1898,0.71197074962127,0.705306835123558,12,-0.666391449771164,4,4,FALSE,"n=10-29"
1901,0.625847338797096,0.637413341066457,13,1.15660022693608,3,3,FALSE,"n=10-29"
1902,0.600770974380095,0.565549030070721,8,-3.52219443093742,2,1,TRUE,"n<=9"
1903,0.520343517225692,0.551562964288786,9,3.1219447063094,1,1,FALSE,"n<=9"
1904,0.591121856874546,0.60544121439453,46,1.43193575199843,2,2,FALSE,"n>=30"
1905,0.800246310498173,0.767339809052106,3,-3.29065014460672,5,5,FALSE,"n<=9"
1907,0.657335433136828,0.629315534613952,27,-2.80198985228763,3,3,FALSE,"n=10-29"
1908,0.64146941312782,0.65398367118854,62,1.25142580607208,3,3,FALSE,"n>=30"
1909,0.633669591274345,0.668382779281319,8,3.47131880069748,3,4,TRUE,"n<=9"
1910,0.668991640737728,0.685091025308816,49,1.60993845710875,3,4,TRUE,"n>=30"
1913,0.542496278421951,0.562121289221249,6,1.96250107992985,1,1,FALSE,"n<=9"
1924,0.699846513569872,0.714873308473165,6,1.50267949032923,4,5,TRUE,"n<=9"
1925,0.694663398233394,0.709391968999469,25,1.47285707660745,4,4,FALSE,"n=10-29"
1928,0.7113943549199,0.64424626838925,8,-6.71480865306503,4,3,TRUE,"n<=9"
1932,0.550016892200105,0.651790275197267,16,10.1773382997162,2,3,TRUE,"n=10-29"
1933,0.543324027062244,0.56352486311654,19,2.02008360542953,1,1,FALSE,"n=10-29"
1935,0.657379820731409,0.639282629548423,21,-1.8097191182986,3,3,FALSE,"n=10-29"
1940,0.57078919482777,0.583311785495842,85,1.25225906680719,2,2,FALSE,"n>=30"
1942,0.842281932753241,0.817929379623937,1,-2.43525531293042,5,5,FALSE,"n<=9"
1946,0.662515788562943,0.633332027055672,7,-2.9183761507271,3,3,FALSE,"n<=9"
1955,0.511983598085073,0.553021959938565,9,4.10383618534916,1,1,FALSE,"n<=9"
1966,0.714547467038375,0.664085048784616,21,-5.0462418253759,4,3,TRUE,"n=10-29"
1967,0.522935536795913,0.532400173400288,27,0.946463660437535,1,1,FALSE,"n=10-29"
1968,0.443531052305403,0.49944149330177,4,5.59104409963678,1,1,FALSE,"n<=9"
1971,0.38540980130067,0.514818721246846,10,12.9408919946176,1,1,FALSE,"n=10-29"
1983,0.532831395754158,0.593042766395161,25,6.02113706410027,1,2,TRUE,"n=10-29"
1984,0.525681781096634,0.568820039044712,4,4.31382579480778,1,1,FALSE,"n<=9"
1985,0.653645457671488,0.615143551804981,5,-3.85019058665067,3,2,TRUE,"n<=9"
1988,0.553318034647336,0.616213320504406,13,6.28952858570709,2,2,FALSE,"n=10-29"
1989,0.631623546377941,0.648394368420409,36,1.67708220424684,3,3,FALSE,"n>=30"
1991,0.701306438126808,0.643459603676835,47,-5.78468344499724,4,3,TRUE,"n>=30"
1992,0.702503227446958,0.687953017869782,27,-1.45502095771758,4,4,FALSE,"n=10-29"
1993,0.772974643391643,0.742933297693737,15,-3.00413456979057,5,5,FALSE,"n=10-29"
1994,0.748447954626951,0.692924782007298,26,-5.55231726196526,5,4,TRUE,"n=10-29"
1995,0.598295052453627,0.561475808566556,4,-3.6819243887071,2,1,TRUE,"n<=9"
1996,0.457829688462322,0.519466313172071,9,6.16366247097498,1,1,FALSE,"n<=9"
1997,0.746528695316942,0.677013475327666,7,-6.95152199892761,5,4,TRUE,"n<=9"
1998,0.604266335450671,0.573406060789305,26,-3.08602746613658,2,2,FALSE,"n=10-29"
1999,0.375690147897561,0.358869885889022,1,-1.68202620085388,1,1,FALSE,"n<=9"
2000,0.531648168916968,0.606513544856764,45,7.48653759397956,1,2,TRUE,"n>=30"
2001,0.435188880154281,0.54210726181863,24,10.6918381664349,1,1,FALSE,"n=10-29"
2010,0.687362015294597,0.625667891019944,21,-6.16941242746529,4,2,TRUE,"n=10-29"
2012,0.789341201813325,0.744941790673904,6,-4.43994111394214,5,5,FALSE,"n<=9"
2014,0.653993819195076,0.631430100571304,16,-2.25637186237723,3,3,FALSE,"n=10-29"
2015,0.337259542546238,0.421963869636987,6,8.4704327090749,1,1,FALSE,"n<=9"
2016,0.675603164614957,0.667271134696418,7,-0.833202991853843,3,4,TRUE,"n<=9"
2020,0.62189551116999,0.61178273405959,29,-1.01127771103996,2,2,FALSE,"n=10-29"
2023,0.729498993777917,0.739412823835011,2,0.991383005709412,4,5,TRUE,"n<=9"
2026,0.553288558842008,0.5983809895172,16,4.50924306751921,2,2,FALSE,"n=10-29"
2030,0.633914741852301,0.639692614215515,3,0.57778723632137,3,3,FALSE,"n<=9"
2032,0.460565585692156,0.540789821135705,13,8.02242354435495,1,1,FALSE,"n=10-29"
2038,0.808886119340892,0.730449642157212,9,-7.84364771836801,5,5,FALSE,"n<=9"
2042,0.624368100373536,0.613117739884388,10,-1.12503604891474,3,2,TRUE,"n=10-29"
2043,0.822509704047493,0.77053778432533,4,-5.19719197221633,5,5,FALSE,"n<=9"
2046,0.828658757567423,0.762915269428931,15,-6.57434881384923,5,5,FALSE,"n=10-29"
2048,0.694330735146971,0.637002779467127,3,-5.73279556798442,4,3,TRUE,"n<=9"
2051,0.594495544279861,0.619946925645168,5,2.54513813653068,2,2,FALSE,"n<=9"
2056,0.661014475275888,0.621071403946265,6,-3.99430713296227,3,2,TRUE,"n<=9"
2057,0.648011733695905,0.591496586443849,8,-5.65151472520561,3,2,TRUE,"n<=9"
2058,0.49723246265027,0.59821095862296,13,10.0978495972689,1,2,TRUE,"n=10-29"
2059,0.68584944288374,0.679463095664779,5,-0.638634721896081,4,4,FALSE,"n<=9"
2062,0.646505645737477,0.634616118066665,9,-1.18895276708125,3,3,FALSE,"n<=9"
2066,0.630620944554598,0.631799160333778,3,0.117821577918042,3,3,FALSE,"n<=9"
2067,0.6544510679222,0.641357658381952,6,-1.30934095402481,3,3,FALSE,"n<=9"
2068,0.595032040029554,0.685430528381261,8,9.03984883517066,2,4,TRUE,"n<=9"
2072,0.572789633215674,0.604499425620938,4,3.17097924052638,2,2,FALSE,"n<=9"
2073,0.702703950058303,0.672669458458301,3,-3.00344916000018,4,4,FALSE,"n<=9"
2076,0.589515309025748,0.601072727114082,15,1.15574180883342,2,2,FALSE,"n=10-29"
2077,0.687671856326953,0.656718216094343,19,-3.09536402326102,4,3,TRUE,"n=10-29"
2078,0.661849204691028,0.739377849411544,8,7.75286447205159,3,5,TRUE,"n<=9"
2079,0.756223917472223,0.738038804226419,2,-1.81851132458049,5,5,FALSE,"n<=9"
2080,0.597386077568648,0.55050553652131,7,-4.68805410473382,2,1,TRUE,"n<=9"
2081,0.773843574786626,0.779979122642018,1,0.613554785539183,5,5,FALSE,"n<=9"
2084,0.855110103361957,0.819395991103958,1,-3.57141122579986,5,5,FALSE,"n<=9"
2085,0.568647650190633,0.587608233722329,8,1.89605835316962,2,2,FALSE,"n<=9"
2088,0.747096452746985,0.682029297121952,11,-6.5067155625033,5,4,TRUE,"n=10-29"
2089,0.69849041623342,0.719318678457476,6,2.08282622240569,4,5,TRUE,"n<=9"
2091,0.703989476594979,0.70167934195943,1,-0.231013463554852,4,4,FALSE,"n<=9"
2096,0.535091253731122,0.593157074893878,3,5.8065821162756,1,2,TRUE,"n<=9"
2100,0.816468244359946,0.78224235177529,5,-3.42258925846554,5,5,FALSE,"n<=9"
2101,0.58477658357673,0.65076253949579,2,6.598595591906,2,3,TRUE,"n<=9"
2112,0.508146199357013,0.570207468174045,7,6.2061268817032,1,1,FALSE,"n<=9"
2113,0.672358273056977,0.640852607425055,7,-3.15056656319226,3,3,FALSE,"n<=9"
2118,0.800938971790947,0.780790370972345,2,-2.01486008186019,5,5,FALSE,"n<=9"
2123,0.485943801448111,0.484974220862555,8,-0.0969580585556351,1,1,FALSE,"n<=9"
2127,0.716364847468031,0.720627178713317,3,0.426233124528552,4,5,TRUE,"n<=9"
2134,0.53049213154419,0.544877914179466,4,1.4385782635276,1,1,FALSE,"n<=9"
2155,0.475289695570513,0.540636043120232,19,6.53463475497194,1,1,FALSE,"n=10-29"
2157,0.472823295667702,0.453684732638298,2,-1.91385630294038,1,1,FALSE,"n<=9"
2163,0.434935859291407,0.50166118757539,6,6.67253282839829,1,1,FALSE,"n<=9"
2166,0.844004581118056,0.806988137949741,5,-3.70164431683152,5,5,FALSE,"n<=9"
2168,0.62637485167376,0.638877005979136,2,1.2502154305376,3,3,FALSE,"n<=9"
2169,0.570608383257997,0.561096849264785,6,-0.951153399321258,2,1,TRUE,"n<=9"
2187,0.637110796513561,0.648883538866347,5,1.17727423527858,3,3,FALSE,"n<=9"
2202,0.756656729791763,0.689223002300484,3,-6.7433727491279,5,4,TRUE,"n<=9"
2205,0.768519315375609,0.750606016713547,5,-1.79132986620615,5,5,FALSE,"n<=9"
2214,0.600371304324876,0.563849323096379,9,-3.6521981228497,2,1,TRUE,"n<=9"
2222,0.55068061796522,0.57107049064667,3,2.03898726814502,2,1,TRUE,"n<=9"
2227,0.765437688684018,0.731056708402744,8,-3.43809802812742,5,5,FALSE,"n<=9"
2229,0.710474348244382,0.675256801754408,4,-3.52175464899741,4,4,FALSE,"n<=9"
2233,0.783353966795076,0.754532460909058,6,-2.88215058860174,5,5,FALSE,"n<=9"
2243,0.556146585838549,0.600532658366459,8,4.43860725279096,2,2,FALSE,"n<=9"
2250,0.813412592175452,0.769605241783659,2,-4.38073503917933,5,5,FALSE,"n<=9"
2277,0.713229454268266,0.671768841687698,6,-4.14606125805678,4,4,FALSE,"n<=9"
2280,0.768070803779062,0.695546010035217,18,-7.25247937438447,5,4,TRUE,"n=10-29"
2281,0.647577523363852,0.642175227839164,6,-0.540229552468863,3,3,FALSE,"n<=9"
2288,0.651394656124495,0.64049976259475,4,-1.08948935297447,3,3,FALSE,"n<=9"
2291,0.764132831729082,0.74578632412893,5,-1.83465076001526,5,5,FALSE,"n<=9"
2298,0.690105868798381,0.586361932046248,8,-10.3743936752134,4,2,TRUE,"n<=9"
2299,0.71907499394441,0.728968727077755,8,0.989373313334496,4,5,TRUE,"n<=9"
2303,0.782097315107114,0.719651655123881,11,-6.24456599832327,5,5,FALSE,"n=10-29"
2307,0.517865849151745,0.563957939137442,11,4.60920899856961,1,1,FALSE,"n=10-29"
2311,0.529464110738409,0.541793232569522,5,1.23291218311127,1,1,FALSE,"n<=9"
2314,0.687817164908319,0.624563782813343,20,-6.3253382094976,4,2,TRUE,"n=10-29"
2318,0.606074465122468,0.587093636102773,11,-1.8980829019695,2,2,FALSE,"n=10-29"
2333,0.636955418762405,0.592122076752408,9,-4.48333420099967,3,2,TRUE,"n<=9"
2335,0.745644196118948,0.733657108532147,3,-1.19870875868011,5,5,FALSE,"n<=9"
2348,0.724921866613542,0.653027068375726,57,-7.18947982378164,4,3,TRUE,"n>=30"
2349,0.663947758533567,0.631193009132608,8,-3.27547494009589,3,3,FALSE,"n<=9"
2363,0.685141439494321,0.663587526967869,5,-2.15539125264524,4,3,TRUE,"n<=9"
2365,0.684051241367855,0.619305891658144,10,-6.47453497097116,4,2,TRUE,"n=10-29"
2374,0.5166141009715,0.534226139791892,7,1.76120388203921,1,1,FALSE,"n<=9"
2376,0.345251822334223,0.430225984070892,16,8.49741617366689,1,1,FALSE,"n=10-29"
2378,0.575651262757375,0.582587140487936,11,0.693587773056081,2,2,FALSE,"n=10-29"
2383,0.409714861951464,0.497234750797216,7,8.7519888845752,1,1,FALSE,"n<=9"
2385,0.468169506528919,0.501987804917073,4,3.3818298388154,1,1,FALSE,"n<=9"
2387,0.495918630871392,0.540734319380559,3,4.48156885091663,1,1,FALSE,"n<=9"
2388,0.443327509290996,0.506542076213777,3,6.32145669227807,1,1,FALSE,"n<=9"
2404,0.612930467791647,0.568552621156647,11,-4.43778466350004,2,1,TRUE,"n=10-29"
2408,0.466850316326904,0.498065102572875,10,3.1214786245971,1,1,FALSE,"n=10-29"
2409,0.471612989505423,0.491168451488717,17,1.95554619832946,1,1,FALSE,"n=10-29"
2410,0.446491893755015,0.493263344416494,11,4.67714506614788,1,1,FALSE,"n=10-29"
2414,0.54075683185307,0.576076497752101,9,3.53196658990316,1,2,TRUE,"n<=9"
2422,0.845075862298283,0.825933108408678,2,-1.91427538896044,5,5,FALSE,"n<=9"
2425,0.44768055754868,0.531211461381492,13,8.35309038328121,1,1,FALSE,"n=10-29"
2426,0.586344952161299,0.56748624744298,2,-1.88587047183186,2,1,TRUE,"n<=9"
2428,0.646135354833492,0.60332180218408,10,-4.28135526494114,3,2,TRUE,"n=10-29"
2430,0.723680257294822,0.670375243326605,11,-5.33050139682164,4,4,FALSE,"n=10-29"
2431,0.617852179629906,0.625790848201237,21,0.793866857133096,2,2,FALSE,"n=10-29"
2433,0.698956451547218,0.687827046068987,4,-1.1129405478231,4,4,FALSE,"n<=9"
2436,0.681565838400645,0.683156815718657,4,0.159097731801205,3,4,TRUE,"n<=9"
2439,0.671582650479224,0.625785284214326,13,-4.57973662648986,3,2,TRUE,"n=10-29"
2441,0.745270170786065,0.740502772604195,3,-0.476739818187066,5,5,FALSE,"n<=9"
2451,0.628818538338203,0.647692733671288,31,1.88741953330852,3,3,FALSE,"n>=30"
2455,0.770427712938104,0.694363341014858,14,-7.60643719232462,5,4,TRUE,"n=10-29"
2463,0.656130465728455,0.648652032041064,18,-0.747843368739154,3,3,FALSE,"n=10-29"
2464,0.500871091429591,0.591741296313874,16,9.08702048842829,1,2,TRUE,"n=10-29"
2466,0.675300715970206,0.634087648741445,7,-4.12130672287613,3,3,FALSE,"n<=9"
2467,0.618246986968615,0.600298547293596,12,-1.7948439675019,2,2,FALSE,"n=10-29"
2468,0.684785852586192,0.633892025296441,8,-5.08938272897507,4,3,TRUE,"n<=9"
2469,0.567536500334445,0.593166243774458,9,2.56297434400129,2,2,FALSE,"n<=9"
2471,0.810510315096492,0.800816121568537,7,-0.969419352795542,5,5,FALSE,"n<=9"
2473,0.679094654889131,0.686869841671051,9,0.77751867819198,3,4,TRUE,"n<=9"
