"muni_idx","n","prev_sin","prev_con","dif_pp","quintil_sin","quintil_con","cambia_quintil"
1,2,0.813611451559245,0.825756339499689,1.21448879404438,2,3,TRUE
3,100,0.87175051730573,0.859973619688508,-1.17768976172213,4,3,TRUE
4,1,0.792566177282546,0.757966357202368,-3.4599820080177,2,2,FALSE
6,6,0.8764648225821,0.90701381002806,3.05489874459596,4,5,TRUE
9,7,0.800766651947854,0.844350104801626,4.35834528537722,2,3,TRUE
10,18,0.852831401658352,0.906231397273423,5.3399995615071,3,5,TRUE
12,7,0.918684142536704,0.953084268511388,3.44001259746833,5,5,FALSE
13,39,0.860781796785213,0.932416337154494,7.1634540369281,4,5,TRUE
14,10,0.904474434192584,0.942044459086863,3.75700248942782,5,5,FALSE
15,2,0.956602102693193,0.968433028106047,1.18309254128532,5,5,FALSE
17,28,0.912645978094099,0.949849848196944,3.72038701028443,5,5,FALSE
18,6,0.883757455095754,0.868897985451909,-1.48594696438447,4,4,FALSE
19,7,0.853637285837884,0.871274271211432,1.76369853735474,3,4,TRUE
21,34,0.800888851427324,0.790936347339097,-0.99525040882269,2,2,FALSE
22,62,0.90373172000364,0.889437825862244,-1.42938941413955,5,4,TRUE
23,39,0.90819393309863,0.942201336734203,3.40074036355723,5,5,FALSE
24,35,0.828133901942327,0.865766967461578,3.76330655192514,3,4,TRUE
25,3,0.824130943917753,0.853443391675194,2.93124477574409,3,3,FALSE
28,8,0.888579682418763,0.912032466771311,2.34527843525481,4,5,TRUE
29,6,0.908492064750745,0.90971055667164,0.121849192089474,5,5,FALSE
30,2,0.853226619567215,0.78151461445873,-7.17120051084847,3,2,TRUE
31,56,0.874786375692068,0.882054653032688,0.726827734062063,4,4,FALSE
33,6,0.926052111826619,0.926265999251966,0.021388742534767,5,5,FALSE
35,10,0.754933897312589,0.771303578358837,1.63696810462484,1,2,TRUE
36,2,0.86442048432808,0.890342420066045,2.59219357379651,4,4,FALSE
38,18,0.878882043578033,0.886927866934335,0.804582335630155,4,4,FALSE
39,6,0.948373114453214,0.953447146533579,0.507403208036528,5,5,FALSE
41,25,0.894450174418175,0.932668178168264,3.82180037500893,5,5,FALSE
45,7,0.84441051241743,0.878731796119261,3.43212837018311,3,4,TRUE
46,1,0.952763468866147,0.954211613436874,0.144814457072706,5,5,FALSE
47,7,0.672188874790036,0.667498535277788,-0.469033951224784,1,1,FALSE
48,5,0.81599038612988,0.745903583521189,-7.00868026086914,2,2,FALSE
50,21,0.83771218931077,0.84428680854374,0.65746192329702,3,3,FALSE
54,7,0.740954570727673,0.710331898650064,-3.06226720776088,1,1,FALSE
56,4,0.854735294735487,0.843732622011437,-1.10026727240495,3,3,FALSE
70,2,0.792647662851245,0.808942776702062,1.62951138508175,2,2,FALSE
76,11,0.830653824370934,0.812454823379905,-1.81990009910286,3,2,TRUE
77,2,0.946772961455779,0.945665256992613,-0.110770446316644,5,5,FALSE
78,1,0.954923274996404,0.953403938435909,-0.151933656049452,5,5,FALSE
79,3,0.832497507384688,0.818774087311963,-1.37234200727248,3,3,FALSE
80,1,0.766620066663527,0.777016051508064,1.03959848445372,2,2,FALSE
81,14,0.847989189769528,0.845830834952009,-0.215835481751869,3,3,FALSE
82,12,0.895079700965801,0.907272252661774,1.21925516959727,5,5,FALSE
83,24,0.875961255310289,0.916777591221083,4.08163359107933,4,5,TRUE
84,20,0.844871094923389,0.837450151131349,-0.742094379204006,3,3,FALSE
85,4,0.841657324783919,0.846222574143149,0.456524935922931,3,3,FALSE
87,2,0.815066967154434,0.762409518428957,-5.26574487254772,2,2,FALSE
91,1,0.948399207733106,0.944616835333588,-0.37823723995184,5,5,FALSE
92,3,0.697171798524233,0.620125152759815,-7.7046645764418,1,1,FALSE
95,7,0.573577274044202,0.435838002152027,-13.7739271892175,1,1,FALSE
97,9,0.829809948631015,0.878370780031748,4.85608314007333,3,4,TRUE
101,1,0.942908519352155,0.920125084888938,-2.27834344632172,5,5,FALSE
105,1,0.913242702487815,0.922206346256818,0.896364376900227,5,5,FALSE
109,3,0.405358618408094,0.277872428771919,-12.7486189636175,1,1,FALSE
127,4,0.797318572037118,0.761242292998999,-3.60762790381194,2,2,FALSE
129,2,0.693340444282341,0.559940676883532,-13.339976739881,1,1,FALSE
131,3,0.683253576130878,0.644803768528381,-3.84498076024972,1,1,FALSE
133,4,0.784261331513072,0.780889275418664,-0.337205609440761,2,2,FALSE
135,1,0.950859010104006,0.94521545889096,-0.564355121304505,5,5,FALSE
148,8,0.717740796539795,0.683955583485494,-3.37852130543003,1,1,FALSE
154,1,0.764352343399446,0.670731067717551,-9.36212756818949,2,1,TRUE
156,4,0.680840955342831,0.63594931640077,-4.48916389420608,1,1,FALSE
158,7,0.788809828698217,0.710687616027978,-7.8122212670239,2,1,TRUE
159,5,0.56754864910851,0.507439955541142,-6.01086935673673,1,1,FALSE
179,4,0.715596650352249,0.542845151676513,-17.2751498675736,1,1,FALSE
182,7,0.709641433723763,0.68080819854335,-2.88332351804129,1,1,FALSE
188,5,0.763694138306213,0.654557483185212,-10.9136655121001,1,1,FALSE
191,2,0.534199018049359,0.409408987152575,-12.4790030896784,1,1,FALSE
199,1,0.932355776894285,0.923458376568148,-0.889740032613717,5,5,FALSE
201,2,0.751250520057916,0.756115229589485,0.486470953156848,1,2,TRUE
221,12,0.876741532750212,0.904449963383724,2.77084306335121,4,5,TRUE
222,1,0.951465369250727,0.961134197152634,0.966882790190726,5,5,FALSE
224,2,0.976183583534394,0.973574671662872,-0.260891187152257,5,5,FALSE
225,2,0.657621711873369,0.567157374281474,-9.04643375918948,1,1,FALSE
229,17,0.909185368033446,0.917640039212875,0.845467117942866,5,5,FALSE
231,5,0.789549296981562,0.755195684311879,-3.43536126696826,2,2,FALSE
234,3,0.827113431996309,0.812621571776651,-1.44918602196579,3,2,TRUE
235,1,0.893891275735089,0.878453278323603,-1.54379974114857,4,4,FALSE
237,10,0.906812170177423,0.910894622138677,0.408245196125401,5,5,FALSE
241,1,0.953706647852536,0.942252601027283,-1.14540468252533,5,5,FALSE
242,1,0.674388382109031,0.618022413226684,-5.63659688823472,1,1,FALSE
244,9,0.951640096489485,0.962450045867449,1.08099493779638,5,5,FALSE
259,40,0.887007261277283,0.896197643504601,0.919038222731805,4,4,FALSE
260,3,0.96645217417654,0.96763817355743,0.118599938088992,5,5,FALSE
262,51,0.885381492337095,0.908382020448278,2.30005281111837,4,5,TRUE
273,9,0.917051610037061,0.926297412216434,0.924580217937343,5,5,FALSE
275,9,0.914647186478645,0.917468428639476,0.282124216083168,5,5,FALSE
276,27,0.763902009222881,0.902415634968741,13.851362574586,1,4,TRUE
277,12,0.769131051310012,0.75978229897256,-0.934875233745236,2,2,FALSE
278,13,0.854325435645155,0.889758061448947,3.54326258037924,3,4,TRUE
279,106,0.833659190892094,0.830352408040019,-0.330678285207553,3,3,FALSE
280,19,0.810046458821893,0.881763983993386,7.17175251714925,2,4,TRUE
281,32,0.874763187315482,0.88373341721381,0.897022989832807,4,4,FALSE
282,12,0.864949586251913,0.882072689078051,1.71231028261378,4,4,FALSE
283,9,0.826998012867435,0.874941627316963,4.79436144495282,3,4,TRUE
284,3,0.84023604003821,0.875951176670299,3.57151366320888,3,4,TRUE
285,25,0.845347339477334,0.789301251031779,-5.60460884455549,3,2,TRUE
286,16,0.753315710315616,0.781943613182566,2.86279028669501,1,2,TRUE
287,14,0.797095425730217,0.773592913842655,-2.35025118875616,2,2,FALSE
288,55,0.847049676305214,0.792179976358817,-5.48696999463966,3,2,TRUE
289,17,0.825778900104511,0.841425892045694,1.56469919411836,3,3,FALSE
290,22,0.881924169877574,0.878034598305865,-0.388957157170877,4,4,FALSE
291,5,0.814956470985105,0.828471423895121,1.35149529100154,2,3,TRUE
292,12,0.832205007943635,0.865478742992931,3.3273735049296,3,4,TRUE
293,13,0.911656843282981,0.8629801028641,-4.86767404188803,5,4,TRUE
299,5,0.906757888754902,0.883182524244574,-2.35753645103276,5,4,TRUE
303,1,0.963102222391443,0.964353435913549,0.125121352210633,5,5,FALSE
305,26,0.894537859865919,0.89828852680887,0.375066694295068,5,4,TRUE
308,3,0.865509025409253,0.850517579000142,-1.49914464091112,4,3,TRUE
309,9,0.870334967090993,0.831979184043318,-3.83557830476745,4,3,TRUE
312,56,0.885393916459038,0.903349659664261,1.79557432052225,4,5,TRUE
314,8,0.893058958434651,0.831080951865303,-6.19780065693486,4,3,TRUE
316,26,0.907502555121984,0.945165733761974,3.76631786399898,5,5,FALSE
321,4,0.742209523155916,0.6617339973358,-8.04755258201159,1,1,FALSE
322,9,0.894548370727402,0.878556334877202,-1.59920358501999,5,4,TRUE
326,3,0.901377357088887,0.881031732822318,-2.03456242665689,5,4,TRUE
327,2,0.797657757323968,0.744550019060334,-5.31077382636338,2,2,FALSE
331,7,0.812775432706886,0.847406866031113,3.46314333242272,2,3,TRUE
332,134,0.828915172396156,0.797696345043661,-3.12188273524947,3,2,TRUE
334,17,0.80466928380281,0.685173343814847,-11.9495939987962,2,1,TRUE
336,10,0.892058155313219,0.897754988979552,0.5696833666333,4,4,FALSE
338,11,0.714970116143156,0.673139421860696,-4.18306942824607,1,1,FALSE
339,10,0.854095228258976,0.864760562146607,1.06653338876311,3,4,TRUE
340,2,0.944000924362843,0.937136379907613,-0.686454445523021,5,5,FALSE
341,7,0.801549496396096,0.801446403082379,-0.0103093313716496,2,2,FALSE
342,19,0.830362081135866,0.789579418587612,-4.07826625482541,3,2,TRUE
343,9,0.858609789646261,0.877371165373292,1.87613757270304,3,4,TRUE
345,14,0.842758399867037,0.854373126523074,1.16147266560365,3,3,FALSE
347,37,0.868050681074021,0.896203897264822,2.81532161908005,4,4,FALSE
348,13,0.848706645961122,0.81841505532811,-3.0291590633012,3,3,FALSE
349,2,0.853810539930707,0.847057706704238,-0.675283322646925,3,3,FALSE
350,2,0.889165800774782,0.876909565134462,-1.22562356403197,4,4,FALSE
351,6,0.831910521960761,0.831939356610567,0.00288346498059644,3,3,FALSE
352,8,0.817248888148922,0.820037015228641,0.278812707971832,2,3,TRUE
353,2,0.844388397627703,0.839595552500345,-0.479284512735811,3,3,FALSE
354,6,0.819194310760952,0.803543127897893,-1.56511828630582,2,2,FALSE
355,2,0.499870270092861,0.547576796094458,4.77065260015974,1,1,FALSE
356,7,0.773289501761296,0.690654169978654,-8.26353317826418,2,1,TRUE
357,6,0.856581899107721,0.825039964943675,-3.15419341640452,3,3,FALSE
359,18,0.851517871700196,0.736792071763406,-11.4725799936789,3,1,TRUE
360,14,0.844739501786099,0.852834681692225,0.809517990612574,3,3,FALSE
361,2,0.772609697720116,0.722522874304651,-5.00868234154649,2,1,TRUE
363,8,0.805907668342504,0.816150703594933,1.02430352524292,2,3,TRUE
364,4,0.766354889110677,0.752505040594176,-1.38498485165013,2,2,FALSE
365,5,0.872171347540601,0.827376152512858,-4.4795195027743,4,3,TRUE
366,8,0.875697204613587,0.861078966047386,-1.46182385662016,4,3,TRUE
367,11,0.87906902592621,0.906495518242158,2.74264923159483,4,5,TRUE
368,13,0.860098012038672,0.901902018482604,4.18040064439315,4,4,FALSE
370,1,0.946356354050094,0.935495691238826,-1.0860662811268,5,5,FALSE
371,7,0.855788623471779,0.807702768775366,-4.80858546964125,3,2,TRUE
373,23,0.793913434905567,0.743112389934578,-5.08010449709896,2,2,FALSE
374,6,0.928747248531297,0.914957496284309,-1.3789752246988,5,5,FALSE
375,41,0.822288910946311,0.677655256381739,-14.4633654564571,2,1,TRUE
376,9,0.83923395219105,0.853843746957821,1.46097947667709,3,3,FALSE
378,1,0.917338352035517,0.902849346784961,-1.44890052505563,5,4,TRUE
385,1,0.885502285054169,0.904847426084907,1.93451410307378,4,5,TRUE
388,6,0.803916755929339,0.814374043678042,1.04572877487025,2,2,FALSE
389,6,0.712950154708929,0.676641316811201,-3.63088378977279,1,1,FALSE
392,2,0.906704437910118,0.897559380787233,-0.914505712288505,5,4,TRUE
393,8,0.774264065611023,0.729083784595981,-4.51802810150418,2,1,TRUE
395,8,0.665532390545535,0.619248472229374,-4.62839183161614,1,1,FALSE
398,7,0.763610854710404,0.743758651656916,-1.98522030534883,1,2,TRUE
399,7,0.865013035495012,0.909168835001076,4.4155799506064,4,5,TRUE
402,1,0.752066530704177,0.660607652189906,-9.14588785142713,1,1,FALSE
404,24,0.70461649467843,0.572559076308605,-13.2057418369825,1,1,FALSE
412,6,0.762031786747957,0.773506693819673,1.14749070717163,1,2,TRUE
415,6,0.835502972488533,0.78221202133549,-5.32909511530432,3,2,TRUE
423,1,0.952855404400345,0.942625616183641,-1.02297882167041,5,5,FALSE
427,9,0.873010349137363,0.882814987145997,0.980463800863474,4,4,FALSE
435,6,0.864438561734038,0.870962007753178,0.65234460191399,4,4,FALSE
437,1,0.894057456894745,0.873577117916568,-2.04803389781776,4,4,FALSE
440,8,0.87761797013474,0.86112625635802,-1.64917137767203,4,3,TRUE
450,4,0.722990508875321,0.638801725699309,-8.41887831760122,1,1,FALSE
455,6,0.921083294042184,0.910274487107982,-1.08088069342017,5,5,FALSE
463,6,0.867901930968867,0.880981378196951,1.30794472280841,4,4,FALSE
466,2,0.898347222261445,0.874533203566723,-2.38140186947218,5,4,TRUE
468,3,0.843731828508473,0.746988174898768,-9.6743653609705,3,2,TRUE
474,4,0.912165208537999,0.897864734742501,-1.43004737954984,5,4,TRUE
475,3,0.770617253269963,0.723796509453933,-4.68207438160302,2,1,TRUE
477,11,0.868301309334065,0.891636018265473,2.33347089314078,4,4,FALSE
482,4,0.792310623649167,0.76929635740163,-2.3014266247537,2,2,FALSE
488,6,0.830192263150478,0.815646889215551,-1.45453739349268,3,3,FALSE
491,4,0.830203316916713,0.855479392941862,2.52760760251489,3,3,FALSE
492,11,0.845801442803823,0.871084329133343,2.52828863295206,3,4,TRUE
495,6,0.840306130166956,0.875982962668054,3.56768325010981,3,4,TRUE
498,1,0.769589340575186,0.75479640467104,-1.47929359041463,2,2,FALSE
501,3,0.939069802210646,0.932899412945355,-0.617038926529179,5,5,FALSE
503,5,0.829718227006734,0.851579217735278,2.18609907285445,3,3,FALSE
504,9,0.865538427370802,0.869730171344006,0.419174397320421,4,4,FALSE
506,4,0.907643713529145,0.907784377217513,0.0140663688367404,5,5,FALSE
507,6,0.833738186158373,0.815370457645159,-1.83677285132138,3,3,FALSE
510,1,0.881924464693893,0.893487480500576,1.15630158066835,4,4,FALSE
523,10,0.900163677908133,0.889121641118617,-1.10420367895167,5,4,TRUE
527,2,0.746998172504462,0.727144722216949,-1.98534502875124,1,1,FALSE
532,1,0.888266036040938,0.882863705632627,-0.540233040831173,4,4,FALSE
543,9,0.68939032409788,0.682339488692878,-0.705083540500129,1,1,FALSE
549,11,0.815156883923826,0.758786678129416,-5.63702057944097,2,2,FALSE
559,7,0.785971911813359,0.778789682015733,-0.718222979762617,2,2,FALSE
570,10,0.884773663455748,0.866367139562145,-1.84065238936026,4,4,FALSE
580,14,0.861004257930496,0.861549811497498,0.0545553567002699,4,3,TRUE
588,2,0.468051102154123,0.460237076521437,-0.781402563268535,1,1,FALSE
591,3,0.929081013926658,0.920575599795967,-0.850541413069095,5,5,FALSE
596,1,0.713490884195306,0.697553190647591,-1.59376935477142,1,1,FALSE
597,23,0.869572443582403,0.851591626804713,-1.79808167776903,4,3,TRUE
603,1,0.814719029832768,0.791920617095563,-2.27984127372052,2,2,FALSE
607,3,0.806556366205517,0.775576282619804,-3.09800835857121,2,2,FALSE
616,7,0.864182904110042,0.80363659682735,-6.05463072826914,4,2,TRUE
634,2,0.815214795679344,0.791518032448008,-2.36967632313357,2,2,FALSE
640,3,0.934890238378474,0.942791930114285,0.790169173581157,5,5,FALSE
647,4,0.822986134251024,0.850705678997877,2.77195447468535,3,3,FALSE
662,1,0.655007578109256,0.650858804069724,-0.41487740395324,1,1,FALSE
666,10,0.71622592904487,0.574638124397948,-14.1587804646922,1,1,FALSE
671,5,0.862032873397822,0.888842023677327,2.68091502795054,4,4,FALSE
677,3,0.858305849944487,0.85642866655979,-0.187718338469745,3,3,FALSE
678,3,0.647535530701566,0.555629733826447,-9.19057968751191,1,1,FALSE
681,12,0.667676702561134,0.688419401443438,2.07426988823041,1,1,FALSE
682,4,0.879717814170864,0.807513412808597,-7.22044013622672,4,2,TRUE
683,6,0.793146612252932,0.775911783376323,-1.72348288766087,2,2,FALSE
688,9,0.87557768352793,0.904964651882886,2.93869683549557,4,5,TRUE
692,10,0.809095622334588,0.824012679130357,1.49170567957696,2,3,TRUE
694,5,0.727054815209142,0.576135098076774,-15.0919717132368,1,1,FALSE
695,3,0.740999881076542,0.669349195790621,-7.16506852859209,1,1,FALSE
698,23,0.85520342985345,0.91940585116219,6.42024213087398,3,5,TRUE
699,5,0.735362366029885,0.667217701649906,-6.81446643799792,1,1,FALSE
705,6,0.846031190615958,0.877422264001091,3.13910733851335,3,4,TRUE
707,4,0.841001840689972,0.781052444389897,-5.99493963000746,3,2,TRUE
708,4,0.889044172141542,0.905431459997473,1.63872878559305,4,5,TRUE
709,2,0.755608605387513,0.755956845780705,0.0348240393192034,1,2,TRUE
710,2,0.622654883383339,0.572667509706712,-4.99873736766272,1,1,FALSE
713,1,0.766956112221881,0.694846198828918,-7.21099133929626,2,1,TRUE
718,6,0.75994269776132,0.80770424139013,4.77615436288108,1,2,TRUE
719,9,0.862805085642102,0.87999788631639,1.71928006742877,4,4,FALSE
720,15,0.751421748224046,0.833615080326894,8.21933321028482,1,3,TRUE
724,1,0.61617673193364,0.566432267793034,-4.97444641406052,1,1,FALSE
725,4,0.877424957357613,0.888655145780376,1.12301884227627,4,4,FALSE
726,1,0.586104077129005,0.5398706606226,-4.6233416506405,1,1,FALSE
734,4,0.836115025675482,0.854961154561232,1.88461288857502,3,3,FALSE
736,16,0.752775132524516,0.766635049675058,1.38599171505426,1,2,TRUE
738,13,0.843210294520198,0.858195981327312,1.49856868071131,3,3,FALSE
743,12,0.874248752576252,0.909684806090771,3.54360535145187,4,5,TRUE
749,3,0.782553976314435,0.699702422097208,-8.28515542172271,2,1,TRUE
750,5,0.832224154878968,0.876583455645985,4.43593007670171,3,4,TRUE
751,7,0.840100524929301,0.784260533840716,-5.58399910885847,3,2,TRUE
759,3,0.834644558310526,0.845840265566302,1.11957072557768,3,3,FALSE
760,9,0.831426295716148,0.838968092697868,0.754179698171997,3,3,FALSE
761,9,0.859848321477196,0.869886673370649,1.00383518934521,4,4,FALSE
766,3,0.871914883159325,0.877516771015934,0.560188785660942,4,4,FALSE
770,25,0.8190402384997,0.808726974098142,-1.0313264401558,2,2,FALSE
771,5,0.840870174603891,0.745510484553409,-9.53596900504821,3,2,TRUE
774,7,0.770800153462086,0.833610906013603,6.28107525515167,2,3,TRUE
776,2,0.640702646406338,0.611244600832554,-2.9458045573784,1,1,FALSE
777,7,0.701344715462138,0.578586704790201,-12.2758010671937,1,1,FALSE
778,4,0.60121032889406,0.62725186952757,2.60415406335102,1,1,FALSE
788,39,0.826902026021605,0.768751089307164,-5.81509367144409,3,2,TRUE
789,10,0.815609058210638,0.861360550332281,4.57514921216428,2,3,TRUE
792,6,0.767942751268343,0.730073857760186,-3.78688935081576,2,1,TRUE
793,9,0.907857502304913,0.840012187572485,-6.78453147324285,5,3,TRUE
795,3,0.872108617253321,0.829687125820769,-4.24214914325522,4,3,TRUE
802,3,0.855926880530074,0.869886469496184,1.39595889661104,3,4,TRUE
809,8,0.857149158826725,0.77195735773183,-8.51918010948949,3,2,TRUE
819,4,0.791045252972829,0.795537309189687,0.449205621685766,2,2,FALSE
821,4,0.921712489984026,0.877785451765478,-4.39270382185479,5,4,TRUE
824,7,0.854722465026517,0.827842779160305,-2.68796858662123,3,3,FALSE
828,8,0.860470274038711,0.880744739789852,2.02744657511404,4,4,FALSE
837,2,0.872815176163136,0.877801697825707,0.498652166257108,4,4,FALSE
839,3,0.891800459047387,0.892783976355212,0.0983517307825199,4,4,FALSE
850,3,0.886599582519066,0.885330053251662,-0.126952926740431,4,4,FALSE
851,12,0.832578244057161,0.809886487102445,-2.26917569547157,3,2,TRUE
852,15,0.878773794146575,0.918147525945549,3.93737317989736,4,5,TRUE
854,4,0.903085647902996,0.917685370464368,1.45997225613718,5,5,FALSE
858,15,0.866638780508601,0.869432036330707,0.279325582210588,4,4,FALSE
867,3,0.748633511111506,0.752969729234266,0.433621812276019,1,2,TRUE
873,1,0.856367966085338,0.857940281347627,0.15723152622884,3,3,FALSE
877,5,0.868865180875,0.886806009391008,1.79408285160078,4,4,FALSE
883,3,0.903555035016137,0.892423761370673,-1.11312736454648,5,4,TRUE
885,5,0.822297538413122,0.860485146306699,3.81876078935763,2,3,TRUE
886,3,0.919761010311085,0.914679903109458,-0.508110720162702,5,5,FALSE
889,2,0.943874035320748,0.925428814062438,-1.84452212583104,5,5,FALSE
892,2,0.898681170132978,0.836142516198074,-6.25386539349041,5,3,TRUE
894,5,0.711421669674724,0.720368949315761,0.89472796410367,1,1,FALSE
902,6,0.840476861463403,0.878215226354296,3.77383648908937,3,4,TRUE
906,2,0.848029277074268,0.823358848385886,-2.46704286883825,3,3,FALSE
910,15,0.797786011042416,0.831278397768164,3.34923867257482,2,3,TRUE
911,9,0.563776900485091,0.574687026837703,1.09101263526113,1,1,FALSE
915,9,0.772323963510928,0.80243736556308,3.01134020521517,2,2,FALSE
916,3,0.660517390110323,0.558552178873637,-10.1965211236686,1,1,FALSE
917,1,0.839792701979041,0.830543165740301,-0.924953623873948,3,3,FALSE
919,2,0.881648746741337,0.870935087093479,-1.07136596478578,4,4,FALSE
921,5,0.642792584813013,0.711160613233616,6.83680284206031,1,1,FALSE
926,7,0.831432846566438,0.814766852670501,-1.6665993895937,3,3,FALSE
928,10,0.861064024531016,0.89106824105321,3.00042165221938,4,4,FALSE
931,2,0.811885848729524,0.860940582356542,4.90547336270182,2,3,TRUE
933,21,0.795258521122494,0.840073876774826,4.4815355652332,2,3,TRUE
934,1,0.859807933825158,0.850869879581517,-0.89380542436408,4,3,TRUE
935,5,0.803509243154347,0.776091627473381,-2.74176156809659,2,2,FALSE
936,9,0.778191296244186,0.776994874386078,-0.119642185810809,2,2,FALSE
937,2,0.670276311799042,0.673050010567882,0.277369876884037,1,1,FALSE
938,5,0.826974586534986,0.826963039780205,-0.00115467547808779,3,3,FALSE
939,25,0.785519830553978,0.826105064642481,4.0585234088503,2,3,TRUE
940,1,0.464845544352903,0.483588976143581,1.87434317906774,1,1,FALSE
941,10,0.786155985862131,0.761942259719656,-2.4213726142475,2,2,FALSE
943,2,0.83331462754236,0.862261543404582,2.8946915862223,3,3,FALSE
948,6,0.863879048443753,0.875568158787074,1.16891103433213,4,4,FALSE
949,38,0.901146948018952,0.899077076578976,-0.20698714399765,5,4,TRUE
952,3,0.881652845248867,0.882857065834671,0.120422058580427,4,4,FALSE
953,3,0.890447020810159,0.863313806793985,-2.71332140161745,4,4,FALSE
954,8,0.770604264242005,0.678595985285442,-9.20082789565623,2,1,TRUE
956,16,0.897474543664032,0.916232242467799,1.87576988037675,5,5,FALSE
957,1,0.873486496227479,0.841187209239504,-3.22992869879749,4,3,TRUE
958,10,0.910454362525652,0.862821942970828,-4.76324195548239,5,4,TRUE
959,8,0.84433458427597,0.816531731930899,-2.78028523450704,3,3,FALSE
960,2,0.827395359615628,0.767341165180975,-6.00541944346538,3,2,TRUE
963,7,0.86784521174695,0.88990319022616,2.20579784792109,4,4,FALSE
964,3,0.852186806675555,0.79927281902751,-5.29139876480452,3,2,TRUE
966,12,0.891259498638925,0.864360865267939,-2.68986333709856,4,4,FALSE
967,4,0.875413998776811,0.908143542812685,3.27295440358735,4,5,TRUE
971,4,0.738185898775276,0.740876565718737,0.269066694346098,1,1,FALSE
972,7,0.93135064276999,0.940093543701112,0.874290093112207,5,5,FALSE
973,9,0.84995570983145,0.868810476257508,1.8854766426058,3,4,TRUE
974,7,0.871028391139772,0.882146918896857,1.11185277570851,4,4,FALSE
975,17,0.808902244753512,0.806569144799077,-0.233309995443487,2,2,FALSE
978,1,0.842767830926107,0.812866863073558,-2.99009678525481,3,2,TRUE
980,63,0.884604670282263,0.756241043377954,-12.8363626904309,4,2,TRUE
981,26,0.893470064282223,0.900323391909295,0.685332762707158,4,4,FALSE
982,1,0.953743797011294,0.930451563054479,-2.32922339568149,5,5,FALSE
985,31,0.846801571205682,0.885984587299988,3.91830160943059,3,4,TRUE
986,19,0.825395777584601,0.879613024314762,5.42172467301618,3,4,TRUE
990,53,0.89740320487289,0.916302002198832,1.88987973259424,5,5,FALSE
995,5,0.904964884913041,0.847290380804825,-5.76745041082157,5,3,TRUE
996,11,0.76565019363929,0.735948466235929,-2.97017274033603,2,1,TRUE
998,31,0.881387890933516,0.914982118419627,3.35942274861109,4,5,TRUE
1031,1,0.865573739031432,0.873397251410997,0.782351237956502,4,4,FALSE
1056,9,0.789093828759531,0.750105828405095,-3.89880003544354,2,2,FALSE
1062,6,0.764370087694419,0.79658052186884,3.22104341744207,2,2,FALSE
1077,2,0.608215035950075,0.565457614490916,-4.27574214591595,1,1,FALSE
1086,5,0.773962640371667,0.804463398081355,3.05007577096881,2,2,FALSE
1113,4,0.654853056619869,0.585507001625301,-6.93460549945683,1,1,FALSE
1126,4,0.900938547188315,0.904218334906499,0.327978771818416,5,5,FALSE
1139,10,0.767977435080168,0.792602088947066,2.46246538668979,2,2,FALSE
1175,5,0.802028732442997,0.852256730709676,5.02279982666788,2,3,TRUE
1188,5,0.523829513694618,0.518485934204422,-0.534357949019593,1,1,FALSE
1192,10,0.883934210098006,0.914012876668381,3.00786665703748,4,5,TRUE
1193,5,0.805563923207456,0.78257891263373,-2.29850105737254,2,2,FALSE
1224,8,0.741004643447739,0.682361008907727,-5.86436345400118,1,1,FALSE
1248,6,0.909589957354528,0.92025919880994,1.06692414554119,5,5,FALSE
1276,2,0.819920440121161,0.844225676273306,2.43052361521449,2,3,TRUE
1346,4,0.695632064148493,0.688047100856063,-0.758496329242941,1,1,FALSE
1356,1,0.537221982147228,0.513792648676757,-2.34293334704706,1,1,FALSE
1374,2,0.909929005057459,0.896329965391606,-1.35990396658534,5,4,TRUE
1433,5,0.849846000398123,0.816550172774851,-3.32958276232714,3,3,FALSE
1474,1,0.791885592415601,0.799129092303368,0.724349988776696,2,2,FALSE
1475,4,0.876495372093643,0.863052706234199,-1.34426658594438,4,4,FALSE
1483,4,0.839960294433235,0.806106751061806,-3.38535433714289,3,2,TRUE
1500,6,0.752090797619162,0.723949539894167,-2.8141257724995,1,1,FALSE
1512,3,0.860113226720447,0.87055068694787,1.04374602274236,4,4,FALSE
1515,2,0.693112275740728,0.72365116751565,3.05388917749214,1,1,FALSE
1517,5,0.778886146030247,0.702098269725566,-7.67878763046802,2,1,TRUE
1520,3,0.657083587021115,0.63825523077606,-1.88283562450545,1,1,FALSE
1531,1,0.9676984933903,0.960362345234375,-0.733614815592454,5,5,FALSE
1565,3,0.746179209061559,0.724568344884951,-2.1610864176608,1,1,FALSE
1566,5,0.810255813337409,0.652853832679299,-15.740198065811,2,1,TRUE
1569,4,0.925906055373107,0.934905515069771,0.899945969666427,5,5,FALSE
1592,12,0.819571208076575,0.895317110630624,7.57459025540484,2,4,TRUE
1598,8,0.646852092622524,0.701899772247609,5.50476796250845,1,1,FALSE
1602,3,0.747211218048424,0.736527512855081,-1.06837051933431,1,1,FALSE
1608,2,0.89197081744743,0.893141005735249,0.11701882878189,4,4,FALSE
1620,2,0.884103031364147,0.859951487255748,-2.4151544108399,4,3,TRUE
1623,2,0.842398028768231,0.790002271000332,-5.23957577678993,3,2,TRUE
1626,8,0.77512947891916,0.777745501475687,0.261602255652615,2,2,FALSE
1629,4,0.762824900979118,0.751098029403603,-1.17268715755152,1,2,TRUE
1632,6,0.825689978788852,0.868018870598402,4.23288918095509,3,4,TRUE
1640,2,0.840004158837633,0.827180796065561,-1.28233627720722,3,3,FALSE
1654,3,0.67578579806791,0.631072271395649,-4.47135266722612,1,1,FALSE
1666,4,0.783961517385664,0.70798645111759,-7.59750662680744,2,1,TRUE
1678,2,0.947349283991154,0.946237476847646,-0.111180714350789,5,5,FALSE
1695,5,0.906669289267952,0.902148582429489,-0.452070683846262,5,4,TRUE
1722,1,0.691980046886104,0.627687101597524,-6.42929452885804,1,1,FALSE
1735,2,0.728408109620672,0.718988006112842,-0.942010350783007,1,1,FALSE
1751,6,0.761937428914784,0.662511172529427,-9.94262563853571,1,1,FALSE
1756,4,0.744217745736109,0.767238138571747,2.30203928356372,1,2,TRUE
1757,17,0.848989241019841,0.872617205274533,2.36279642546918,3,4,TRUE
1758,6,0.828980863597421,0.878361765105124,4.9380901507703,3,4,TRUE
1763,2,0.746831397299294,0.73247583266263,-1.43555646366635,1,1,FALSE
1774,12,0.77893771706256,0.785776786770205,0.683906970764503,2,2,FALSE
1780,7,0.777087589579818,0.75362052958243,-2.34670599973881,2,2,FALSE
1785,3,0.755442702596086,0.790539942017932,3.50972394218457,1,2,TRUE
1792,2,0.841463052854111,0.836769719720327,-0.469333313378351,3,3,FALSE
1798,1,0.777099693078154,0.770336006163399,-0.676368691475526,2,2,FALSE
1800,5,0.803190637932029,0.807147101555722,0.39564636236924,2,2,FALSE
1803,6,0.711419503000187,0.592661507188669,-11.8757995811518,1,1,FALSE
1805,7,0.929847924451513,0.947228434718495,1.73805102669826,5,5,FALSE
1807,9,0.853449449406751,0.86728407622005,1.38346268132987,3,4,TRUE
1808,2,0.888193959209178,0.896594439823194,0.840048061401588,4,4,FALSE
1810,22,0.856859236809986,0.838836960580084,-1.80222762299023,3,3,FALSE
1812,2,0.855936016537756,0.846633191473933,-0.930282506382318,3,3,FALSE
1814,8,0.86711440065718,0.848299361592074,-1.88150390651066,4,3,TRUE
1815,64,0.877855915716827,0.961598329791411,8.37424140745836,4,5,TRUE
1817,3,0.919884958904859,0.919016077963508,-0.0868880941350625,5,5,FALSE
1819,12,0.804680126059278,0.787153758811514,-1.75263672477645,2,2,FALSE
1821,3,0.923548840108532,0.93247932765649,0.893048754795778,5,5,FALSE
1823,17,0.867845084353631,0.837063557885748,-3.07815264678823,4,3,TRUE
1824,31,0.801801374547205,0.787014324916106,-1.47870496310992,2,2,FALSE
1825,20,0.840993842142014,0.808831364421253,-3.21624777207602,3,2,TRUE
1827,11,0.798916302420095,0.743615620208788,-5.53006822113075,2,2,FALSE
1829,2,0.853663757097205,0.866325132734451,1.26613756372456,3,4,TRUE
1830,2,0.883671343269783,0.890434231887489,0.676288861770591,4,4,FALSE
1831,4,0.665321673370948,0.736202692068477,7.08810186975291,1,1,FALSE
1832,6,0.795468290414464,0.772094161593072,-2.3374128821392,2,2,FALSE
1833,3,0.893356154676551,0.904105742699516,1.07495880229649,4,5,TRUE
1834,7,0.89984711906243,0.906600568909818,0.675344984738835,5,5,FALSE
1839,21,0.862602244123338,0.816038692777262,-4.65635513460764,4,3,TRUE
1846,2,0.927232257096198,0.919787278947252,-0.744497814894629,5,5,FALSE
1848,11,0.92159381214834,0.937407540064858,1.58137279165179,5,5,FALSE
1853,12,0.793439661815159,0.751484003477123,-4.19556583380362,2,2,FALSE
1856,37,0.89935008897046,0.945488937112871,4.61388481424109,5,5,FALSE
1865,8,0.861258857480698,0.840937236348064,-2.03216211326339,4,3,TRUE
1869,3,0.971919036263716,0.971035386162387,-0.0883650101328404,5,5,FALSE
1876,8,0.901651251096843,0.906555249929212,0.490399883236947,5,5,FALSE
1882,10,0.789043703652573,0.817051094883758,2.80073912311853,2,3,TRUE
1887,1,0.881459796750022,0.903719423603223,2.22596268532008,4,5,TRUE
1890,3,0.734779467809498,0.665507613219153,-6.92718545903448,1,1,FALSE
1891,11,0.876221372798821,0.902261019034894,2.60396462360731,4,4,FALSE
1892,5,0.8776416089478,0.841455604994615,-3.61860039531851,4,3,TRUE
1894,12,0.937440432595428,0.947243005982751,0.98025733873226,5,5,FALSE
1897,33,0.913993090148264,0.933684756801176,1.96916666529113,5,5,FALSE
1898,9,0.930022500742031,0.937088635005252,0.706613426322034,5,5,FALSE
1901,8,0.848858701746063,0.84106761223474,-0.779108951132224,3,3,FALSE
1902,6,0.806548342103602,0.727214490453927,-7.93338516496748,2,1,TRUE
1903,7,0.854449069891923,0.877881004187582,2.34319342956585,3,4,TRUE
1904,31,0.848614774032741,0.852504252748897,0.388947871615575,3,3,FALSE
1905,3,0.950186772640864,0.956732233925221,0.654546128435696,5,5,FALSE
1907,19,0.874557677228273,0.88348717103512,0.892949380684727,4,4,FALSE
1908,43,0.864664852218974,0.86270799678382,-0.195685543515411,4,4,FALSE
1909,5,0.897592229685029,0.908264164349521,1.06719346644922,5,5,FALSE
1910,34,0.906798420215276,0.916393361006434,0.959494079115852,5,5,FALSE
1913,4,0.783255519728526,0.806439183400926,2.31836636723999,2,2,FALSE
1924,4,0.923685845796502,0.913934242521309,-0.975160327519342,5,5,FALSE
1925,21,0.9038122954486,0.918627966644611,1.48156711960111,5,5,FALSE
1928,7,0.841852211989823,0.82248573194284,-1.93664800469829,3,3,FALSE
1932,9,0.929458030034078,0.937064204195947,0.760617416186937,5,5,FALSE
1933,9,0.783271982009259,0.726948872627129,-5.63231093821296,2,1,TRUE
1935,13,0.904651996249953,0.93954815928136,3.48961630314071,5,5,FALSE
1940,46,0.919213472240324,0.928958476937564,0.974500469723982,5,5,FALSE
1942,1,0.955690073183038,0.944901253317021,-1.07888198660172,5,5,FALSE
1946,4,0.85972261753232,0.818053371572799,-4.16692459595209,4,3,TRUE
1955,4,0.931892716551279,0.946480206612064,1.45874900607852,5,5,FALSE
1966,17,0.907382457258574,0.891323735275574,-1.60587219829997,5,4,TRUE
1967,16,0.912215970283306,0.902974359543591,-0.92416107397143,5,4,TRUE
1968,2,0.897117023018387,0.849120440396019,-4.79965826223684,5,3,TRUE
1971,1,0.983649495032723,0.984476788644864,0.0827293612141289,5,5,FALSE
1983,17,0.78357417772369,0.754842273888697,-2.87319038349925,2,2,FALSE
1984,3,0.848040298472233,0.854601538314426,0.656123984219315,3,3,FALSE
1985,3,0.603308656198881,0.659063347288873,5.57546910899912,1,1,FALSE
1988,8,0.873061019126799,0.886619272911886,1.35582537850869,4,4,FALSE
1989,26,0.777660432069971,0.750297110026483,-2.7363322043488,2,2,FALSE
1991,33,0.844258561990149,0.888300112089041,4.4041550098892,3,4,TRUE
1992,18,0.841344252063108,0.849414657417298,0.807040535419001,3,3,FALSE
1993,12,0.852098011613472,0.816438406422692,-3.56596051907797,3,3,FALSE
1994,22,0.84074705678337,0.863576069447637,2.28290126642672,3,4,TRUE
1995,3,0.74064670643735,0.711793974752178,-2.88527316851722,1,1,FALSE
1996,4,0.757169867110365,0.730569208537741,-2.66006585726236,1,1,FALSE
1997,7,0.742698508116569,0.762619085714996,1.99205775984262,1,2,TRUE
1998,16,0.740145864627821,0.774350147394365,3.42042827665449,1,2,TRUE
1999,1,0.376644941440384,0.358441314590819,-1.82036268495656,1,1,FALSE
2000,24,0.760627247102023,0.721409564579712,-3.92176825223117,1,1,FALSE
2001,8,0.92923480489594,0.932535809265636,0.330100436969605,5,5,FALSE
2010,15,0.824260541136459,0.822116101927879,-0.214443920857998,3,3,FALSE
2012,6,0.883472746347462,0.85993296780903,-2.35397785384326,4,3,TRUE
2014,10,0.839497771251158,0.887997963827489,4.85001925763309,3,4,TRUE
2015,1,0.941964473030484,0.934963439678323,-0.700103335216107,5,5,FALSE
2016,5,0.866248253200158,0.872664338383877,0.641608518371883,4,4,FALSE
2020,21,0.814435810657481,0.858464177640995,4.40283669835142,2,3,TRUE
2023,1,0.868088330492685,0.836754565576385,-3.13337649163002,4,3,TRUE
2026,8,0.887299606500128,0.912756782960266,2.5457176460138,4,5,TRUE
2030,1,0.871675456087456,0.865237050084728,-0.643840600272794,4,4,FALSE
2032,5,0.855886259432079,0.815023524328832,-4.08627351032472,3,3,FALSE
2038,8,0.87083805761873,0.880347730243939,0.950967262520919,4,4,FALSE
2042,7,0.834377231606067,0.801578747033379,-3.27984845726875,3,2,TRUE
2043,4,0.914549036123126,0.916867561303929,0.231852518080289,5,5,FALSE
2046,12,0.824378352168878,0.785558969928062,-3.8819382240816,3,2,TRUE
2048,3,0.803714875481296,0.815623218076737,1.19083425954406,2,3,TRUE
2051,3,0.821912864935836,0.835309907533269,1.33970425974334,2,3,TRUE
2056,5,0.742579406076808,0.786535129977493,4.3955723900685,1,2,TRUE
2057,5,0.786317832526971,0.813317460113819,2.6999627586848,2,2,FALSE
2058,7,0.829512153922803,0.84079474361771,1.12825896949066,3,3,FALSE
2059,4,0.756369231824501,0.792797700046544,3.64284682220434,1,2,TRUE
2062,5,0.755022931167938,0.756103071389516,0.108014022157787,1,2,TRUE
2066,2,0.611292744189995,0.636908371164702,2.56156269747064,1,1,FALSE
2067,4,0.700771045900255,0.620784582593979,-7.99864633062757,1,1,FALSE
2068,4,0.610420158966235,0.589409167320169,-2.10109916460663,1,1,FALSE
2072,2,0.775305722577511,0.778846656450113,0.354093387260246,2,2,FALSE
2073,3,0.700655231330934,0.675041689417333,-2.56135419136012,1,1,FALSE
2076,10,0.689564426873433,0.62996162421215,-5.96028026612834,1,1,FALSE
2077,13,0.743710738857604,0.677539980368586,-6.61707584890183,1,1,FALSE
2078,3,0.779006651193998,0.697302015894114,-8.17046352998839,2,1,TRUE
2079,2,0.699545874770582,0.5852541352416,-11.4291739528982,1,1,FALSE
2080,4,0.716284554138189,0.624757731508138,-9.15268226300512,1,1,FALSE
2081,1,0.879736351954103,0.859209339847756,-2.05270121063471,4,3,TRUE
2084,1,0.90843383274289,0.905135118003054,-0.329871473983545,5,5,FALSE
2085,5,0.743565658337326,0.747484492767425,0.391883443009911,1,2,TRUE
2088,10,0.859314545613421,0.896231675352953,3.69171297395327,4,4,FALSE
2089,4,0.808318974764764,0.810676223535813,0.235724877104904,2,2,FALSE
2091,1,0.627393436606267,0.613402906284897,-1.39905303213705,1,1,FALSE
2096,1,0.56781914047492,0.560672577252556,-0.714656322236373,1,1,FALSE
2100,5,0.865589291665419,0.876932961013948,1.13436693485287,4,4,FALSE
2112,4,0.763833733898903,0.772672712223889,0.883897832498559,1,2,TRUE
2113,6,0.782515433474513,0.813042726527656,3.05272930531424,2,2,FALSE
2118,2,0.90618639975775,0.915925842996495,0.97394432387452,5,5,FALSE
2123,3,0.647094177016437,0.728449582620533,8.13554056040964,1,1,FALSE
2127,2,0.849340147451507,0.849275442641482,-0.00647048100255176,3,3,FALSE
2134,2,0.809798607056213,0.820492489712293,1.069388265608,2,3,TRUE
2155,9,0.804896419001095,0.858711732683372,5.38153136822773,2,3,TRUE
2157,1,0.466912543971482,0.591922976221077,12.5010432249595,1,1,FALSE
2163,2,0.908567025162242,0.906652537194295,-0.19144879679468,5,5,FALSE
2166,5,0.885082145028036,0.902667591841066,1.75854468130296,4,4,FALSE
2168,1,0.907458523589869,0.906572679859402,-0.0885843730466629,5,5,FALSE
2169,3,0.583019878018569,0.575625357558952,-0.739452045961642,1,1,FALSE
2187,3,0.629067482660167,0.612093676333236,-1.6973806326931,1,1,FALSE
2202,3,0.750461475374098,0.790309925327688,3.98484499535903,1,2,TRUE
2205,4,0.837643464331573,0.853856776430871,1.62133120992978,3,3,FALSE
2214,7,0.678140099199504,0.594763743390619,-8.3376355808885,1,1,FALSE
2222,2,0.790794978184539,0.80959984826156,1.88048700770209,2,2,FALSE
2227,7,0.82252804785213,0.859188708815699,3.66606609635695,2,3,TRUE
2229,3,0.703444176778163,0.611342699637181,-9.21014771409819,1,1,FALSE
2233,5,0.739677804971159,0.669166426905871,-7.05113780652871,1,1,FALSE
2243,4,0.824916925012517,0.781804358849905,-4.31125661626116,3,2,TRUE
2250,2,0.868532481709484,0.824423134159777,-4.41093475497073,4,3,TRUE
2277,4,0.78383261325556,0.720313254616461,-6.35193586390989,2,1,TRUE
2280,15,0.885475117776863,0.91088742872186,2.54123109449976,4,5,TRUE
2281,4,0.895313411126722,0.88773736475013,-0.757604637659148,5,4,TRUE
2288,3,0.809562718416896,0.789096546747945,-2.04661716689511,2,2,FALSE
2291,4,0.780200799282658,0.830678548216532,5.04777489338741,2,3,TRUE
2298,7,0.609042534480114,0.528187290698707,-8.08552437814075,1,1,FALSE
2299,6,0.908760016902501,0.914351448142257,0.559143123975592,5,5,FALSE
2303,9,0.84032053580066,0.793321703819602,-4.6998831981058,3,2,TRUE
2307,5,0.814844424218739,0.731010240452489,-8.38341837662506,2,1,TRUE
2311,2,0.793525526167591,0.717196239325292,-7.63292868422998,2,1,TRUE
2314,11,0.875276227879314,0.908245850531994,3.29696226526796,4,5,TRUE
2318,7,0.802705122054358,0.837189910642847,3.44847885884892,2,3,TRUE
2333,6,0.782065250144837,0.83784718314068,5.57819329958431,2,3,TRUE
2335,2,0.908207960939393,0.908653488687791,0.04455277483979,5,5,FALSE
2348,39,0.895731711207077,0.94078548119373,4.50537699866529,5,5,FALSE
2349,5,0.810821792196316,0.834708976882095,2.38871846857787,2,3,TRUE
2363,3,0.846370016424279,0.857626056047007,1.12560396227281,3,3,FALSE
2365,8,0.772946921095721,0.777421229977428,0.447430888170619,2,2,FALSE
2374,4,0.688466954291424,0.731396501558709,4.29295472672849,1,1,FALSE
2376,6,0.850674119152265,0.840225222377945,-1.04488967743204,3,3,FALSE
2378,4,0.866742964554878,0.890812091108787,2.40691265539092,4,4,FALSE
2383,1,0.578349190402066,0.636914515597546,5.856532519548,1,1,FALSE
2385,1,0.852755904679043,0.834995265358845,-1.77606393201978,3,3,FALSE
2387,1,0.821599844506469,0.80997847761005,-1.16213668964191,2,2,FALSE
2404,6,0.908422077244574,0.910133093371557,0.171101612698277,5,5,FALSE
2408,5,0.770860493624825,0.807550227838447,3.66897342136222,2,2,FALSE
2409,7,0.773009658081783,0.773540218638779,0.0530560556995741,2,2,FALSE
2410,6,0.842627201384145,0.860860297979719,1.82330965955739,3,3,FALSE
2414,4,0.925638292198422,0.929320054576854,0.368176237843232,5,5,FALSE
2422,2,0.899289491180491,0.850472618070287,-4.88168731102034,5,3,TRUE
2425,5,0.896736878083827,0.892679498610742,-0.405737947308493,5,4,TRUE
2426,2,0.899054989735584,0.903857742056419,0.480275232083538,5,5,FALSE
2428,7,0.855322152778745,0.74313923711283,-11.2182915665915,3,2,TRUE
2430,9,0.806596307064019,0.797050808249395,-0.954549881462408,2,2,FALSE
2431,14,0.846322365383102,0.842931350566079,-0.339101481702375,3,3,FALSE
2433,3,0.779001254110962,0.777767580446327,-0.123367366463534,2,2,FALSE
2436,2,0.915979642133661,0.913515052605854,-0.24645895278077,5,5,FALSE
2439,9,0.871985944061776,0.889215606805954,1.72296627441785,4,4,FALSE
2441,2,0.934518710842154,0.932638802389821,-0.18799084523331,5,5,FALSE
2451,20,0.884096340197549,0.874635494184146,-0.946084601340347,4,4,FALSE
2455,12,0.893252496048913,0.851534762666177,-4.17177333827369,4,3,TRUE
2463,11,0.877714435750777,0.910669519908238,3.29550841574611,4,5,TRUE
2464,8,0.780188012810556,0.85037401736926,7.01860045587038,2,3,TRUE
2466,6,0.825962440598665,0.853077512106688,2.71150715080239,3,3,FALSE
2467,8,0.876573115283375,0.902810454726482,2.62373394431077,4,4,FALSE
2468,6,0.878538299247254,0.879752284750421,0.121398550316698,4,4,FALSE
2469,6,0.761096514907195,0.746338073908803,-1.47584409983922,1,2,TRUE
2471,6,0.951690988814226,0.957960306216546,0.626931740231973,5,5,FALSE
2473,8,0.861483319292809,0.807723811617373,-5.37595076754367,4,2,TRUE
